轄屬,行政區,學校代碼,設立別,學制,縣市代碼,縣市別,學校名稱
縣市轄,烏來區,14685,直轄市立,國小,65000,新北市,市立德拉楠民族實驗小學
縣市轄,新店區,14675,直轄市立,國小,65000,新北市,市立龜山國小
縣市轄,汐止區,14779,直轄市立,國小,65000,新北市,市立樟樹國小
縣市轄,新莊區,14735,直轄市立,國小,65000,新北市,市立丹鳳國小
縣市轄,烏來區,14551,直轄市立,國中,65000,新北市,市立烏來國中小
縣市轄,汐止區,11312,私立,高中職,65000,新北市,私立崇義高中
縣市轄,新店區,11431,私立,高中職,65000,新北市,私立莊敬工家
縣市轄,樹林區,11405,私立,高中職,65000,新北市,私立樹人家商
縣市轄,八德區,34647,直轄市立,國小,68000,桃園市,市立大勇國小
縣市轄,八德區,34649,直轄市立,國小,68000,桃園市,市立瑞豐國小
縣市轄,八德區,34648,直轄市立,國小,68000,桃園市,市立八德國小
縣市轄,八德區,34646,直轄市立,國小,68000,桃園市,市立大成國小
縣市轄,龜山區,34636,直轄市立,國小,68000,桃園市,市立龜山國小
縣市轄,大溪區,34654,直轄市立,國小,68000,桃園市,市立大溪國小
縣市轄,大溪區,34658,直轄市立,國小,68000,桃園市,市立百吉國小
縣市轄,大溪區,34662,直轄市立,國小,68000,桃園市,市立仁善國小
縣市轄,大溪區,34663,直轄市立,國小,68000,桃園市,市立僑愛國小
縣市轄,大溪區,34788,直轄市立,國小,68000,桃園市,市立仁和國小
縣市轄,龍潭區,34729,直轄市立,國小,68000,桃園市,市立武漢國小
縣市轄,復興區,34730,直轄市立,國小,68000,桃園市,市立介壽國小
縣市轄,復興區,34731,直轄市立,國小,68000,桃園市,市立三民國小
縣市轄,復興區,34732,直轄市立,國小,68000,桃園市,市立義盛國小
縣市轄,復興區,34733,直轄市立,國小,68000,桃園市,市立霞雲國小
縣市轄,復興區,34734,直轄市立,國小,68000,桃園市,市立奎輝國小
縣市轄,復興區,34735,直轄市立,國小,68000,桃園市,市立光華國小
縣市轄,復興區,34736,直轄市立,國小,68000,桃園市,市立高義國小
縣市轄,復興區,34737,直轄市立,國小,68000,桃園市,市立長興國小
縣市轄,復興區,34738,直轄市立,國小,68000,桃園市,市立三光國小
縣市轄,復興區,34740,直轄市立,國小,68000,桃園市,市立羅浮國小
縣市轄,復興區,34741,直轄市立,國小,68000,桃園市,市立巴崚國小
縣市轄,平鎮區,34742,直轄市立,國小,68000,桃園市,市立東安國小
縣市轄,中壢區,34746,直轄市立,國小,68000,桃園市,市立華勛國小
縣市轄,觀音區,34719,直轄市立,國小,68000,桃園市,市立草漯國小
縣市轄,八德區,34516,直轄市立,國中,68000,桃園市,市立八德國中
縣市轄,八德區,34517,直轄市立,國中,68000,桃園市,市立大成國中
縣市轄,大園區,34509,直轄市立,國中,68000,桃園市,市立大園國中
縣市轄,大溪區,34511,直轄市立,國中,68000,桃園市,市立大溪國中
縣市轄,大溪區,34513,直轄市立,國中,68000,桃園市,市立仁和國中
縣市轄,龜山區,34555,直轄市立,國中,68000,桃園市,市立龜山國中
縣市轄,中壢區,31318,私立,高中職,68000,桃園市,桃園市啟英高中
縣市轄,復興區,34348,直轄市立,高中職,68000,桃園市,市立羅浮高中(含國中部)
縣市轄,八德區,31320,私立,高中職,68000,桃園市,桃園市新興高中(含國中、國小部)
縣市轄,大園區,31324,私立,高中職,68000,桃園市,桃園市大興高中
縣市轄,八德區,34347,直轄市立,高中職,68000,桃園市,市立永豐高中(含國中部)
縣市轄,楊梅區,31421,私立,高中職,68000,桃園市,私立永平工商
縣市轄,楊梅區,31312,私立,高中職,68000,桃園市,桃園市治平高中(含國中部)
縣市轄,平鎮區,31309,私立,高中職,68000,桃園市,桃園市育達高中
縣市轄,平鎮區,34319,直轄市立,高中職,68000,桃園市,市立平鎮高中
署轄,桃園區,30403,國立,高中職,68000,桃園市,國立臺北科技大學附屬桃園農工高級中等學校
縣市轄,大雅區,64624,直轄市立,國小,66000,臺中市,市立汝鎏國小
縣市轄,和平區,64729,直轄市立,國小,66000,臺中市,市立和平區和平國小
縣市轄,和平區,64731,直轄市立,國小,66000,臺中市,市立白冷國小
縣市轄,和平區,64732,直轄市立,國小,66000,臺中市,市立博屋瑪國小
縣市轄,和平區,64734,直轄市立,國小,66000,臺中市,市立平等國小
縣市轄,和平區,64735,直轄市立,國小,66000,臺中市,市立德芙蘭國小
縣市轄,和平區,64736,直轄市立,國小,66000,臺中市,市立自由國小
縣市轄,和平區,64552,直轄市立,國中,66000,臺中市,市立梨山國中小
縣市轄,和平區,64533,直轄市立,國中,66000,臺中市,市立和平國中
縣市轄,大里區,61316,私立,高中職,66000,臺中市,私立青年高中
縣市轄,東勢區,61319,私立,高中職,66000,臺中市,私立玉山高中
縣市轄,那瑪夏區,124731,直轄市立,國小,64000,高雄市,市立民生國小
縣市轄,那瑪夏區,124755,直轄市立,國小,64000,高雄市,市立那瑪夏區民權國小
縣市轄,茂林區,124732,直轄市立,國小,64000,高雄市,市立茂林國小
縣市轄,茂林區,124733,直轄市立,國小,64000,高雄市,市立多納國小
縣市轄,桃源區,124734,直轄市立,國小,64000,高雄市,市立桃源國小
縣市轄,桃源區,124735,直轄市立,國小,64000,高雄市,市立建山國小
縣市轄,桃源區,124736,直轄市立,國小,64000,高雄市,市立興中國小
縣市轄,桃源區,124737,直轄市立,國小,64000,高雄市,市立寶山國小
縣市轄,桃源區,124738,直轄市立,國小,64000,高雄市,市立樟山國小
縣市轄,杉林區,123501,直轄市立,國中,64000,高雄市,市立巴楠花部落國中小
縣市轄,六龜區,124534,直轄市立,國中,64000,高雄市,市立寶來國中
縣市轄,那瑪夏區,124542,直轄市立,國中,64000,高雄市,市立那瑪夏國中
縣市轄,茂林區,124547,直轄市立,國中,64000,高雄市,市立茂林國中
縣市轄,桃源區,124548,直轄市立,國中,64000,高雄市,市立桃源國中
署轄,大寮區,121405,私立,高中職,64000,高雄市,中山學校財團法人高雄市中山高級工商職業學校
縣市轄,中正區,173605,市立,國小,10017,基隆市,市立八斗國小
縣市轄,中正區,173314,市立,高中職,10017,基隆市,市立八斗高中(含國中部)
縣市轄,蘇澳鎮,24617,縣立,國小,10002,宜蘭縣,縣立蓬萊國小
縣市轄,大同鄉,24668,縣立,國小,10002,宜蘭縣,縣立四季國小
縣市轄,大同鄉,24669,縣立,國小,10002,宜蘭縣,縣立南山國小
縣市轄,大同鄉,24670,縣立,國小,10002,宜蘭縣,縣立大同國小
縣市轄,大同鄉,24671,縣立,國小,10002,宜蘭縣,縣立寒溪國小
縣市轄,南澳鄉,24672,縣立,國小,10002,宜蘭縣,縣立南澳國小
縣市轄,南澳鄉,24673,縣立,國小,10002,宜蘭縣,縣立碧候國小
縣市轄,南澳鄉,24674,縣立,國小,10002,宜蘭縣,縣立武塔國小
縣市轄,南澳鄉,24675,縣立,國小,10002,宜蘭縣,縣立澳花國小
縣市轄,南澳鄉,24676,縣立,國小,10002,宜蘭縣,縣立東澳國小
縣市轄,南澳鄉,24677,縣立,國小,10002,宜蘭縣,縣立金岳國小
縣市轄,南澳鄉,24678,縣立,國小,10002,宜蘭縣,縣立金洋國小
縣市轄,大同鄉,24523,縣立,國中,10002,宜蘭縣,縣立大同國中
縣市轄,南澳鄉,24322,縣立,高中職,10002,宜蘭縣,縣立南澳高中(含國中部)
署轄,羅東鎮,20404,國立,高中職,10002,宜蘭縣,國立羅東高級商業職業學校
縣市轄,竹東鎮,44619,縣立,國小,10004,新竹縣,縣立竹東國小
縣市轄,竹東鎮,44621,縣立,國小,10004,新竹縣,縣立大同國小
縣市轄,竹東鎮,44626,縣立,國小,10004,新竹縣,縣立瑞峰國小
縣市轄,尖石鄉,44666,縣立,國小,10004,新竹縣,縣立尖石國小
縣市轄,尖石鄉,44667,縣立,國小,10004,新竹縣,縣立嘉興國小
縣市轄,尖石鄉,44668,縣立,國小,10004,新竹縣,縣立新樂國小
縣市轄,尖石鄉,44669,縣立,國小,10004,新竹縣,縣立梅花國小
縣市轄,尖石鄉,44670,縣立,國小,10004,新竹縣,縣立錦屏國小
縣市轄,尖石鄉,44671,縣立,國小,10004,新竹縣,縣立玉峰國小
縣市轄,尖石鄉,44672,縣立,國小,10004,新竹縣,縣立石磊國小
縣市轄,尖石鄉,44673,縣立,國小,10004,新竹縣,縣立秀巒國小
縣市轄,尖石鄉,44674,縣立,國小,10004,新竹縣,縣立新光國小
縣市轄,五峰鄉,44675,縣立,國小,10004,新竹縣,縣立五峰國小
縣市轄,五峰鄉,44676,縣立,國小,10004,新竹縣,縣立桃山國小
縣市轄,五峰鄉,44677,縣立,國小,10004,新竹縣,縣立花園國小
縣市轄,竹東鎮,44679,縣立,國小,10004,新竹縣,縣立上舘國小
縣市轄,竹東鎮,44624,縣立,國小,10004,新竹縣,縣立員崠國小
縣市轄,竹東鎮,44501,縣立,國中,10004,新竹縣,縣立竹東國中
縣市轄,竹東鎮,44503,縣立,國中,10004,新竹縣,縣立員東國中
縣市轄,五峰鄉,44523,縣立,國中,10004,新竹縣,縣立五峰國中
縣市轄,尖石鄉,44524,縣立,國中,10004,新竹縣,縣立尖石國中
縣市轄,竹東鎮,44528,縣立,國中,10004,新竹縣,縣立自強國中
署轄,竹東鎮,41306,私立,高中職,10004,新竹縣,新竹縣私立東泰高級中學
署轄,東區,181305,私立,高中職,10018,新竹市,新竹市私立光復高級中學
縣市轄,南庄鄉,54522,縣立,國中,10005,苗栗縣,縣立南庄國中
縣市轄,南庄鄉,54668,縣立,國小,10005,苗栗縣,縣立南庄國小
縣市轄,南庄鄉,54671,縣立,國小,10005,苗栗縣,縣立東河國小
縣市轄,南庄鄉,54672,縣立,國小,10005,苗栗縣,縣立蓬萊國小
縣市轄,獅潭鄉,54700,縣立,國小,10005,苗栗縣,縣立永興國小
縣市轄,泰安鄉,54708,縣立,國小,10005,苗栗縣,縣立泰興國小
縣市轄,泰安鄉,54709,縣立,國小,10005,苗栗縣,縣立清安國小
縣市轄,泰安鄉,54711,縣立,國小,10005,苗栗縣,縣立汶水國小
縣市轄,泰安鄉,54712,縣立,國小,10005,苗栗縣,縣立象鼻國小
縣市轄,泰安鄉,54714,縣立,國小,10005,苗栗縣,縣立梅園國小
縣市轄,泰安鄉,54725,縣立,國小,10005,苗栗縣,縣立士林國小
縣市轄,泰安鄉,54531,縣立,國中,10005,苗栗縣,縣立泰安國中小
縣市轄,大湖鄉,54693,縣立,國小,10005,苗栗縣,縣立大南國小
縣市轄,信義鄉,84716,縣立,國小,10008,南投縣,縣立信義國小
縣市轄,信義鄉,84717,縣立,國小,10008,南投縣,縣立羅娜國小
縣市轄,信義鄉,84718,縣立,國小,10008,南投縣,縣立同富國小
縣市轄,信義鄉,84720,縣立,國小,10008,南投縣,縣立人和國小
縣市轄,信義鄉,84721,縣立,國小,10008,南投縣,縣立地利國小
縣市轄,信義鄉,84722,縣立,國小,10008,南投縣,縣立東埔國小
縣市轄,信義鄉,84724,縣立,國小,10008,南投縣,縣立潭南國小
縣市轄,信義鄉,84729,縣立,國小,10008,南投縣,縣立希娜巴嵐國小
縣市轄,信義鄉,84730,縣立,國小,10008,南投縣,縣立久美國小
縣市轄,信義鄉,84731,縣立,國小,10008,南投縣,縣立雙龍國小
縣市轄,信義鄉,84732,縣立,國小,10008,南投縣,縣立豐丘國小
縣市轄,仁愛鄉,84733,縣立,國小,10008,南投縣,縣立仁愛國小
縣市轄,仁愛鄉,84734,縣立,國小,10008,南投縣,縣立親愛國小
縣市轄,仁愛鄉,84735,縣立,國小,10008,南投縣,縣立法治國小
縣市轄,仁愛鄉,84736,縣立,國小,10008,南投縣,縣立德鹿谷國小
縣市轄,仁愛鄉,84737,縣立,國小,10008,南投縣,縣立互助國小
縣市轄,仁愛鄉,84738,縣立,國小,10008,南投縣,縣立力行國小
縣市轄,仁愛鄉,84739,縣立,國小,10008,南投縣,縣立南豐國小
縣市轄,仁愛鄉,84740,縣立,國小,10008,南投縣,縣立中正國小
縣市轄,仁愛鄉,84741,縣立,國小,10008,南投縣,縣立廬山國小
縣市轄,仁愛鄉,84742,縣立,國小,10008,南投縣,縣立發祥國小
縣市轄,仁愛鄉,84743,縣立,國小,10008,南投縣,縣立萬豐國小
縣市轄,仁愛鄉,84744,縣立,國小,10008,南投縣,縣立都達國小
縣市轄,仁愛鄉,84745,縣立,國小,10008,南投縣,縣立春陽國小
縣市轄,仁愛鄉,84746,縣立,國小,10008,南投縣,縣立紅葉國小
縣市轄,國姓鄉,84525,縣立,國中,10008,南投縣,縣立北梅國中
縣市轄,水里鄉,84528,縣立,國中,10008,南投縣,縣立民和國中
縣市轄,信義鄉,84529,縣立,國中,10008,南投縣,縣立信義國中
縣市轄,信義鄉,84530,縣立,國中,10008,南投縣,縣立同富國中
縣市轄,仁愛鄉,84531,縣立,國中,10008,南投縣,縣立仁愛國中
署轄,埔里鎮,80308,國立,高中職,10008,南投縣,國立暨南國際大學附屬高級中學
署轄,仁愛鄉,80401,國立,高中職,10008,南投縣,國立仁愛高級農業職業學校
署轄,魚池鄉,81312,私立,高中職,10008,南投縣,南投縣私立三育高級中學
縣市轄,番路鄉,104695,縣立,國小,10010,嘉義縣,縣立黎明國小
縣市轄,阿里山鄉,104727,縣立,國小,10010,嘉義縣,縣立達邦國小
縣市轄,阿里山鄉,104729,縣立,國小,10010,嘉義縣,縣立十字國小
縣市轄,阿里山鄉,104730,縣立,國小,10010,嘉義縣,縣立來吉國小
縣市轄,阿里山鄉,104732,縣立,國小,10010,嘉義縣,縣立山美國小
縣市轄,阿里山鄉,104733,縣立,國小,10010,嘉義縣,縣立新美國小
縣市轄,阿里山鄉,104737,縣立,國小,10010,嘉義縣,縣立茶山國小
縣市轄,阿里山鄉,104526,縣立,國中,10010,嘉義縣,縣立阿里山國中小
縣市轄,番路鄉,104522,縣立,國中,10010,嘉義縣,縣立民和國中
縣市轄,三地門鄉,134737,縣立,國小,10013,屏東縣,縣立地磨兒國小
縣市轄,來義鄉,134754,縣立,國小,10013,屏東縣,縣立來義國小
縣市轄,霧臺鄉,134748,縣立,國小,10013,屏東縣,縣立霧臺國小
縣市轄,泰武鄉,134753,縣立,國小,10013,屏東縣,縣立萬安國小
縣市轄,牡丹鄉,134769,縣立,國小,10013,屏東縣,縣立牡丹國小
縣市轄,來義鄉,134755,縣立,國小,10013,屏東縣,縣立望嘉國小
縣市轄,獅子鄉,134763,縣立,國小,10013,屏東縣,縣立丹路國小
縣市轄,獅子鄉,134765,縣立,國小,10013,屏東縣,縣立草埔國小
縣市轄,泰武鄉,134751,縣立,國小,10013,屏東縣,縣立武潭國小
縣市轄,瑪家鄉,134744,縣立,國小,10013,屏東縣,縣立佳義國小
縣市轄,獅子鄉,134764,縣立,國小,10013,屏東縣,縣立內獅國小
縣市轄,春日鄉,134761,縣立,國小,10013,屏東縣,縣立古華國小
縣市轄,三地門鄉,134740,縣立,國小,10013,屏東縣,縣立青山國小
縣市轄,牡丹鄉,134768,縣立,國小,10013,屏東縣,縣立高士國小
縣市轄,三地門鄉,134741,縣立,國小,10013,屏東縣,縣立青葉國小
縣市轄,來義鄉,134757,縣立,國小,10013,屏東縣,縣立南和國小
縣市轄,來義鄉,134758,縣立,國小,10013,屏東縣,縣立古樓國小
縣市轄,三地門鄉,134742,縣立,國小,10013,屏東縣,縣立口社國小
縣市轄,春日鄉,134759,縣立,國小,10013,屏東縣,縣立春日國小
縣市轄,來義鄉,134756,縣立,國小,10013,屏東縣,縣立文樂國小
縣市轄,牡丹鄉,134766,縣立,國小,10013,屏東縣,縣立石門國小
縣市轄,瑪家鄉,134746,縣立,國小,10013,屏東縣,縣立北葉國小
縣市轄,三地門鄉,134784,縣立,國小,10013,屏東縣,縣立賽嘉國小
縣市轄,春日鄉,134760,縣立,國小,10013,屏東縣,縣立力里國小
縣市轄,泰武鄉,134752,縣立,國小,10013,屏東縣,縣立泰武國小
縣市轄,瑪家鄉,134787,縣立,國小,10013,屏東縣,縣立長榮百合國小
縣市轄,獅子鄉,134762,縣立,國小,10013,屏東縣,縣立楓林國小
縣市轄,滿州鄉,134730,縣立,國小,10013,屏東縣,縣立長樂國小
縣市轄,內埔鄉,134668,縣立,國小,10013,屏東縣,縣立黎明國小
縣市轄,牡丹鄉,134536,縣立,國中,10013,屏東縣,縣立牡丹國中
縣市轄,泰武鄉,134535,縣立,國中,10013,屏東縣,縣立泰武國中
縣市轄,瑪家鄉,134533,縣立,國中,10013,屏東縣,縣立瑪家國中
縣市轄,枋山鄉,134537,縣立,國中,10013,屏東縣,縣立獅子國中
縣市轄,滿州鄉,134532,縣立,國中,10013,屏東縣,縣立滿州國中
縣市轄,高樹鄉,134513,縣立,國中,10013,屏東縣,縣立高泰國中
縣市轄,內埔鄉,134515,縣立,國中,10013,屏東縣,縣立崇文國中
縣市轄,屏東市,134501,縣立,國中,10013,屏東縣,縣立明正國中
縣市轄,來義鄉,134334,縣立,高中職,10013,屏東縣,縣立來義高中(含國中部)
縣市轄,枋寮鄉,134321,縣立,高中職,10013,屏東縣,縣立枋寮高中(含國中部)
署轄,內埔鄉,130401,國立,高中職,10013,屏東縣,國立內埔高級農工職業學校
署轄,鹽埔鄉,130322,國立,高中職,10013,屏東縣,國立屏北高級中學
署轄,潮洲鎮,130306,國立,高中職,10013,屏東縣,國立潮州高級中學
署轄,屏東市,131307,私立,高中職,10013,屏東縣,屏榮學校財團法人屏東縣屏榮高級中學
署轄,屏東市,130305,國立,高中職,10013,屏東縣,國立屏東高級中學
署轄,屏東市,130302,國立,高中職,10013,屏東縣,國立屏東女子高級中學
署轄,屏東市,130403,國立,高中職,10013,屏東縣,國立屏東高級工業職業學校
縣市轄,花蓮市,154603,縣立,國小,10015,花蓮縣,縣立明廉國小
縣市轄,花蓮市,154604,縣立,國小,10015,花蓮縣,縣立明恥國小
縣市轄,花蓮市,154606,縣立,國小,10015,花蓮縣,縣立信義國小
縣市轄,花蓮市,154607,縣立,國小,10015,花蓮縣,縣立復興國小
縣市轄,花蓮市,154608,縣立,國小,10015,花蓮縣,縣立中華國小
縣市轄,花蓮市,154613,縣立,國小,10015,花蓮縣,縣立國福國小
縣市轄,新城鄉,154614,縣立,國小,10015,花蓮縣,縣立新城國小
縣市轄,新城鄉,154615,縣立,國小,10015,花蓮縣,縣立北埔國小
縣市轄,新城鄉,154616,縣立,國小,10015,花蓮縣,縣立康樂國小
縣市轄,新城鄉,154617,縣立,國小,10015,花蓮縣,縣立嘉里國小
縣市轄,吉安鄉,154618,縣立,國小,10015,花蓮縣,縣立吉安國小
縣市轄,吉安鄉,154619,縣立,國小,10015,花蓮縣,縣立宜昌國小
縣市轄,吉安鄉,154622,縣立,國小,10015,花蓮縣,縣立光華國小
縣市轄,吉安鄉,154623,縣立,國小,10015,花蓮縣,縣立南華國小
縣市轄,吉安鄉,154624,縣立,國小,10015,花蓮縣,縣立化仁國小
縣市轄,吉安鄉,154625,縣立,國小,10015,花蓮縣,縣立太昌國小
縣市轄,壽豐鄉,154626,縣立,國小,10015,花蓮縣,縣立壽豐國小
縣市轄,壽豐鄉,154628,縣立,國小,10015,花蓮縣,縣立豐裡國小
縣市轄,壽豐鄉,154631,縣立,國小,10015,花蓮縣,縣立溪口國小
縣市轄,壽豐鄉,154632,縣立,國小,10015,花蓮縣,縣立月眉國小
縣市轄,壽豐鄉,154633,縣立,國小,10015,花蓮縣,縣立水璉國小
縣市轄,鳳林鎮,154636,縣立,國小,10015,花蓮縣,縣立大榮國小
縣市轄,鳳林鎮,154640,縣立,國小,10015,花蓮縣,縣立長橋國小
縣市轄,光復鄉,154643,縣立,國小,10015,花蓮縣,縣立光復國小
縣市轄,光復鄉,154644,縣立,國小,10015,花蓮縣,縣立太巴塱國小
縣市轄,光復鄉,154648,縣立,國小,10015,花蓮縣,縣立大進國小
縣市轄,瑞穗鄉,154649,縣立,國小,10015,花蓮縣,縣立瑞穗國小
縣市轄,瑞穗鄉,154650,縣立,國小,10015,花蓮縣,縣立瑞北國小
縣市轄,瑞穗鄉,154651,縣立,國小,10015,花蓮縣,縣立瑞美國小
縣市轄,瑞穗鄉,154652,縣立,國小,10015,花蓮縣,縣立鶴岡國小
縣市轄,瑞穗鄉,154653,縣立,國小,10015,花蓮縣,縣立舞鶴國小
縣市轄,瑞穗鄉,154654,縣立,國小,10015,花蓮縣,縣立富源國小
縣市轄,豐濱鄉,154655,縣立,國小,10015,花蓮縣,縣立豐濱國小
縣市轄,豐濱鄉,154656,縣立,國小,10015,花蓮縣,縣立港口國小
縣市轄,豐濱鄉,154657,縣立,國小,10015,花蓮縣,縣立靜浦國小
縣市轄,豐濱鄉,154658,縣立,國小,10015,花蓮縣,縣立新社國小
縣市轄,玉里鎮,154662,縣立,國小,10015,花蓮縣,縣立源城國小
縣市轄,玉里鎮,154663,縣立,國小,10015,花蓮縣,縣立樂合國小
縣市轄,玉里鎮,154664,縣立,國小,10015,花蓮縣,縣立觀音國小
縣市轄,玉里鎮,154665,縣立,國小,10015,花蓮縣,縣立高寮國小
縣市轄,玉里鎮,154666,縣立,國小,10015,花蓮縣,縣立松浦國小
縣市轄,玉里鎮,154667,縣立,國小,10015,花蓮縣,縣立春日國小
縣市轄,玉里鎮,154668,縣立,國小,10015,花蓮縣,縣立德武國小
縣市轄,玉里鎮,154670,縣立,國小,10015,花蓮縣,縣立大禹國小
縣市轄,玉里鎮,154671,縣立,國小,10015,花蓮縣,縣立長良國小
縣市轄,富里鄉,154675,縣立,國小,10015,花蓮縣,縣立明里國小
縣市轄,富里鄉,154676,縣立,國小,10015,花蓮縣,縣立吳江國小
縣市轄,富里鄉,154677,縣立,國小,10015,花蓮縣,縣立學田國小
縣市轄,富里鄉,154678,縣立,國小,10015,花蓮縣,縣立永豐國小
縣市轄,秀林鄉,154681,縣立,國小,10015,花蓮縣,縣立秀林國小
縣市轄,秀林鄉,154682,縣立,國小,10015,花蓮縣,縣立富世國小
縣市轄,秀林鄉,154683,縣立,國小,10015,花蓮縣,縣立崇德國小
縣市轄,秀林鄉,154684,縣立,國小,10015,花蓮縣,縣立和平國小
縣市轄,秀林鄉,154685,縣立,國小,10015,花蓮縣,縣立景美國小
縣市轄,秀林鄉,154686,縣立,國小,10015,花蓮縣,縣立三棧國小
縣市轄,秀林鄉,154687,縣立,國小,10015,花蓮縣,縣立佳民國小
縣市轄,秀林鄉,154688,縣立,國小,10015,花蓮縣,縣立銅門國小
縣市轄,秀林鄉,154689,縣立,國小,10015,花蓮縣,縣立水源國小
縣市轄,秀林鄉,154690,縣立,國小,10015,花蓮縣,縣立銅蘭國小
縣市轄,秀林鄉,154691,縣立,國小,10015,花蓮縣,縣立文蘭國小
縣市轄,萬榮鄉,154692,縣立,國小,10015,花蓮縣,縣立萬榮國小
縣市轄,萬榮鄉,154693,縣立,國小,10015,花蓮縣,縣立明利國小
縣市轄,萬榮鄉,154694,縣立,國小,10015,花蓮縣,縣立見晴國小
縣市轄,萬榮鄉,154695,縣立,國小,10015,花蓮縣,縣立馬遠國小
縣市轄,萬榮鄉,154696,縣立,國小,10015,花蓮縣,縣立西林國小
縣市轄,萬榮鄉,154697,縣立,國小,10015,花蓮縣,縣立紅葉國小
縣市轄,卓溪鄉,154698,縣立,國小,10015,花蓮縣,縣立卓溪國小
縣市轄,卓溪鄉,154699,縣立,國小,10015,花蓮縣,縣立崙山國小
縣市轄,卓溪鄉,154700,縣立,國小,10015,花蓮縣,縣立立山國小
縣市轄,卓溪鄉,154701,縣立,國小,10015,花蓮縣,縣立太平國小
縣市轄,卓溪鄉,154702,縣立,國小,10015,花蓮縣,縣立卓清國小
縣市轄,卓溪鄉,154703,縣立,國小,10015,花蓮縣,縣立卓樂國小
縣市轄,卓溪鄉,154704,縣立,國小,10015,花蓮縣,縣立古風國小
縣市轄,瑞穗鄉,154705,縣立,國小,10015,花蓮縣,縣立奇美國小
縣市轄,卓溪鄉,154706,縣立,國小,10015,花蓮縣,縣立卓楓國小
縣市轄,光復鄉,154707,縣立,國小,10015,花蓮縣,縣立西富國小
縣市轄,光復鄉,154708,縣立,國小,10015,花蓮縣,縣立大興國小
縣市轄,秀林鄉,154710,縣立,國小,10015,花蓮縣,縣立西寶國小
縣市轄,玉里鎮,154501,縣立,國中,10015,花蓮縣,縣立玉里國中
縣市轄,玉里鎮,154502,縣立,國中,10015,花蓮縣,縣立玉東國中
縣市轄,玉里鎮,154503,縣立,國中,10015,花蓮縣,縣立三民國中
縣市轄,花蓮市,154504,縣立,國中,10015,花蓮縣,縣立美崙國中
縣市轄,新城鄉,154507,縣立,國中,10015,花蓮縣,縣立秀林國中
縣市轄,新城鄉,154508,縣立,國中,10015,花蓮縣,縣立新城國中
縣市轄,吉安鄉,154509,縣立,國中,10015,花蓮縣,縣立吉安國中
縣市轄,吉安鄉,154510,縣立,國中,10015,花蓮縣,縣立宜昌國中
縣市轄,壽豐鄉,154511,縣立,國中,10015,花蓮縣,縣立壽豐國中
縣市轄,壽豐鄉,154512,縣立,國中,10015,花蓮縣,縣立平和國中
縣市轄,光復鄉,154513,縣立,國中,10015,花蓮縣,縣立光復國中
縣市轄,光復鄉,154514,縣立,國中,10015,花蓮縣,縣立富源國中
縣市轄,鳳林鎮,154515,縣立,國中,10015,花蓮縣,縣立鳳林國中
縣市轄,鳳林鎮,154516,縣立,國中,10015,花蓮縣,縣立萬榮國中
縣市轄,富里鄉,154517,縣立,國中,10015,花蓮縣,縣立富里國中
縣市轄,富里鄉,154518,縣立,國中,10015,花蓮縣,縣立富北國中
縣市轄,豐濱鄉,154519,縣立,國中,10015,花蓮縣,縣立豐濱國中
縣市轄,瑞穗鄉,154520,縣立,國中,10015,花蓮縣,縣立瑞穗國中
縣市轄,富里鄉,154521,縣立,國中,10015,花蓮縣,縣立東里國中
縣市轄,花蓮市,154522,縣立,國中,10015,花蓮縣,縣立自強國中
縣市轄,吉安鄉,154523,縣立,國中,10015,花蓮縣,縣立化仁國中
縣市轄,花蓮市,154301,縣立,高中職,10015,花蓮縣,花蓮縣立體育高中
署轄,花蓮市,150401,國立,高中職,10015,花蓮縣,國立花蓮高級農業職業學校
署轄,花蓮市,151307,私立,高中職,10015,花蓮縣,四維學校財團法人花蓮縣四維高級中學
署轄,花蓮市,150404,國立,高中職,10015,花蓮縣,國立花蓮高級工業職業學校
署轄,新城鄉,151306,私立,高中職,10015,花蓮縣,花蓮縣私立海星高級中學
署轄,吉安鄉,151410,私立,高中職,10015,花蓮縣,上騰學校財團法人花蓮縣上騰高級工商職業學校
署轄,玉里鎮,150309,國立,高中職,10015,花蓮縣,國立玉里高級中學
署轄,光復鄉,150411,國立,高中職,10015,花蓮縣,國立光復高級商工職業學校
縣市轄,臺東市,144601,縣立,國小,10014,臺東縣,縣立仁愛國小
縣市轄,臺東市,144605,縣立,國小,10014,臺東縣,縣立新生國小
縣市轄,臺東市,144606,縣立,國小,10014,臺東縣,縣立豐里國小
縣市轄,臺東市,144607,縣立,國小,10014,臺東縣,縣立豐榮國小
縣市轄,臺東市,144611,縣立,國小,10014,臺東縣,縣立豐年國小
縣市轄,臺東市,144612,縣立,國小,10014,臺東縣,縣立卑南國小
縣市轄,臺東市,144613,縣立,國小,10014,臺東縣,縣立岩灣國小
縣市轄,臺東市,144614,縣立,國小,10014,臺東縣,縣立南王國小
縣市轄,臺東市,144616,縣立,國小,10014,臺東縣,縣立建和國小
縣市轄,臺東市,144617,縣立,國小,10014,臺東縣,縣立豐田國小
縣市轄,臺東市,144618,縣立,國小,10014,臺東縣,縣立富岡國小
縣市轄,臺東市,144619,縣立,國小,10014,臺東縣,縣立新園國小
縣市轄,臺東市,144603,縣立,國小,10014,臺東縣,縣立光明國小
縣市轄,臺東市,144615,縣立,國小,10014,臺東縣,縣立知本國小
縣市轄,卑南鄉,144620,縣立,國小,10014,臺東縣,縣立賓朗國小
縣市轄,卑南鄉,144622,縣立,國小,10014,臺東縣,縣立利嘉國小
縣市轄,卑南鄉,144623,縣立,國小,10014,臺東縣,縣立初鹿國小
縣市轄,卑南鄉,144627,縣立,國小,10014,臺東縣,縣立大南國小
縣市轄,卑南鄉,144628,縣立,國小,10014,臺東縣,縣立太平國小
縣市轄,太麻里鄉,144629,縣立,國小,10014,臺東縣,縣立大王國小
縣市轄,太麻里鄉,144633,縣立,國小,10014,臺東縣,縣立美和國小
縣市轄,太麻里鄉,144635,縣立,國小,10014,臺東縣,縣立大溪國小
縣市轄,太麻里鄉,144630,縣立,國小,10014,臺東縣,縣立香蘭國小
縣市轄,大武鄉,144636,縣立,國小,10014,臺東縣,縣立尚武國小
縣市轄,大武鄉,144637,縣立,國小,10014,臺東縣,縣立大武國小
縣市轄,大武鄉,144638,縣立,國小,10014,臺東縣,縣立大鳥國小
縣市轄,鹿野鄉,144642,縣立,國小,10014,臺東縣,縣立鹿野國小
縣市轄,鹿野鄉,144645,縣立,國小,10014,臺東縣,縣立瑞豐國小
縣市轄,鹿野鄉,144646,縣立,國小,10014,臺東縣,縣立瑞源國小
縣市轄,關山鎮,144647,縣立,國小,10014,臺東縣,縣立關山國小
縣市轄,關山鎮,144649,縣立,國小,10014,臺東縣,縣立德高國小
縣市轄,關山鎮,144650,縣立,國小,10014,臺東縣,縣立電光國小
縣市轄,池上鄉,144653,縣立,國小,10014,臺東縣,縣立萬安國小
縣市轄,池上鄉,144651,縣立,國小,10014,臺東縣,縣立福原國小
縣市轄,東河鄉,144655,縣立,國小,10014,臺東縣,縣立東河國小
縣市轄,東河鄉,144656,縣立,國小,10014,臺東縣,縣立都蘭國小
縣市轄,東河鄉,144659,縣立,國小,10014,臺東縣,縣立泰源國小
縣市轄,東河鄉,144660,縣立,國小,10014,臺東縣,縣立北源國小
縣市轄,東河鄉,144703,縣立,國小,10014,臺東縣,縣立興隆國小
縣市轄,成功鎮,144662,縣立,國小,10014,臺東縣,縣立三民國小
縣市轄,成功鎮,144663,縣立,國小,10014,臺東縣,縣立成功國小
縣市轄,成功鎮,144664,縣立,國小,10014,臺東縣,縣立信義國小
縣市轄,成功鎮,144665,縣立,國小,10014,臺東縣,縣立三仙國小
縣市轄,成功鎮,144667,縣立,國小,10014,臺東縣,縣立忠孝國小
縣市轄,長濱鄉,144669,縣立,國小,10014,臺東縣,縣立長濱國小
縣市轄,長濱鄉,144671,縣立,國小,10014,臺東縣,縣立寧埔國小
縣市轄,長濱鄉,144672,縣立,國小,10014,臺東縣,縣立竹湖國小
縣市轄,長濱鄉,144673,縣立,國小,10014,臺東縣,縣立三間國小
縣市轄,長濱鄉,144674,縣立,國小,10014,臺東縣,縣立樟原國小
縣市轄,金峰鄉,144676,縣立,國小,10014,臺東縣,縣立嘉蘭國小
縣市轄,金峰鄉,144677,縣立,國小,10014,臺東縣,縣立介達國小
縣市轄,金峰鄉,144678,縣立,國小,10014,臺東縣,縣立新興國小
縣市轄,金峰鄉,144679,縣立,國小,10014,臺東縣,縣立賓茂國小
縣市轄,達仁鄉,144680,縣立,國小,10014,臺東縣,縣立安朔國小
縣市轄,達仁鄉,144681,縣立,國小,10014,臺東縣,縣立土坂vusam實小
縣市轄,達仁鄉,144683,縣立,國小,10014,臺東縣,縣立臺坂國小
縣市轄,蘭嶼鄉,144685,縣立,國小,10014,臺東縣,縣立蘭嶼國小
縣市轄,蘭嶼鄉,144686,縣立,國小,10014,臺東縣,縣立椰油國小
縣市轄,蘭嶼鄉,144687,縣立,國小,10014,臺東縣,縣立東清國小
縣市轄,蘭嶼鄉,144688,縣立,國小,10014,臺東縣,縣立朗島國小
縣市轄,延平鄉,144690,縣立,國小,10014,臺東縣,縣立武陵國小
縣市轄,延平鄉,144692,縣立,國小,10014,臺東縣,縣立鸞山國小
縣市轄,延平鄉,144693,縣立,國小,10014,臺東縣,縣立紅葉國小
縣市轄,延平鄉,144689,縣立,國小,10014,臺東縣,縣立桃源國小
縣市轄,海端鄉,144694,縣立,國小,10014,臺東縣,縣立海端國小
縣市轄,海端鄉,144695,縣立,國小,10014,臺東縣,縣立初來國小
縣市轄,海端鄉,144696,縣立,國小,10014,臺東縣,縣立崁頂國小
縣市轄,海端鄉,144697,縣立,國小,10014,臺東縣,縣立廣原國小
縣市轄,海端鄉,144698,縣立,國小,10014,臺東縣,縣立錦屏國小
縣市轄,海端鄉,144700,縣立,國小,10014,臺東縣,縣立加拿國小
縣市轄,海端鄉,144702,縣立,國小,10014,臺東縣,縣立霧鹿國小
縣市轄,臺東市,144502,縣立,國中,10014,臺東縣,縣立東海國中
縣市轄,臺東市,144503,縣立,國中,10014,臺東縣,縣立寶桑國中
縣市轄,臺東市,144504,縣立,國中,10014,臺東縣,縣立卑南國中
縣市轄,臺東市,144505,縣立,國中,10014,臺東縣,縣立豐田國中
縣市轄,臺東市,144506,縣立,國中,10014,臺東縣,縣立知本國中
縣市轄,鹿野鄉,144508,縣立,國中,10014,臺東縣,縣立鹿野國中
縣市轄,鹿野鄉,144509,縣立,國中,10014,臺東縣,縣立瑞源國中
縣市轄,關山鎮,144510,縣立,國中,10014,臺東縣,縣立關山國中
縣市轄,池上鄉,144511,縣立,國中,10014,臺東縣,縣立池上國中
縣市轄,太麻里鄉,144512,縣立,國中,10014,臺東縣,縣立大王國中
縣市轄,太麻里鄉,144513,縣立,國中,10014,臺東縣,縣立賓茂國中
縣市轄,大武鄉,144514,縣立,國中,10014,臺東縣,縣立大武國中
縣市轄,東河鄉,144515,縣立,國中,10014,臺東縣,縣立都蘭國中
縣市轄,東河鄉,144516,縣立,國中,10014,臺東縣,縣立泰源國中
縣市轄,成功鎮,144517,縣立,國中,10014,臺東縣,縣立新港國中
縣市轄,長濱鄉,144518,縣立,國中,10014,臺東縣,縣立長濱國中
縣市轄,延平鄉,144519,縣立,國中,10014,臺東縣,縣立桃源國中
縣市轄,海端鄉,144520,縣立,國中,10014,臺東縣,縣立海端國中
縣市轄,蘭嶼鄉,144322,縣立,高中職,10014,臺東縣,縣立蘭嶼高中(含國中部)
署轄,臺東市,140301,國立,高中職,10014,臺東縣,國立臺東大學附屬體育高級中學
署轄,臺東市,141406,私立,高中職,10014,臺東縣,臺東縣私立公東高級工業職業學校
署轄,臺東市,140401,國立,高中職,10014,臺東縣,國立臺東專科學校附設高職部(含進修學校)
署轄,臺東市,140405,國立,高中職,10014,臺東縣,國立臺東高級商業職業學校
署轄,關山鎮,140404,國立,高中職,10014,臺東縣,國立關山高級工商職業學校
署轄,成功鎮,140408,國立,高中職,10014,臺東縣,國立成功商業水產職業學校
