name,district,address,category,location_desc
新北巿八里區衛生所,八里區,新北市八里區舊城路16號,其他,1樓侯診區
新北市八里區公所,八里區,新北市八里區八里大道18號,其他,行政大樓1F大廳
新北市政府環境保護局八里區清潔隊,八里區,新北市八里區博物館路10之1號,其他,餐廳
新北市私立聖心國民小學,八里區,新北市八里區龍米路一段261號,學校、大型集會場所,總務處門口
新北市立八里愛心教養院,八里區,新北市八里區華富山37號,其他,3樓保健組走廊備藥室旁
新北市立八里愛心教養院,八里區,新北市八里區華富山37號,其他,2F會計室門口
品元實業商港廠,八里區,新北市八里區商港五路99號,其他,辦公室入口
新北市八里區大崁老人活動中心,八里區,新北市八里區中山路一段21號,其他,新北市八里區大崁老人活動中心
新北市八里區下庄市民活動中心,八里區,新北市八里區舊城路19號4樓,其他,新北市八里區下庄市民活動中心
新北市八里區文化市民活動中心,八里區,新北市八里區中山路二段251號,其他,新北市八里區文化市民活動中心
新北市八里區龍米市民活動中心,八里區,新北市八里區龍米路一段223號,其他,活動中心
新北市八里區中庄市民活動中心,八里區,新北市八里區中山路一段109號,其他,新北市八里區中庄市民活動中心
新北市八里區大埤頂市民活動中心,八里區,新北市八里區中山路一段95號,其他,新北市八里區大埤頂市民活動中心
新北市八里區公所慈恩納骨塔,八里區,新北市八里區龍米路2段171巷1號,其他,入大廳左側樓梯間
新北市八里區米倉國民小學,八里區,新北市八里區龍米路2段129巷1號,學校、大型集會場所,米倉國民小學
新北市八里區米倉國民小學,八里區,新北市八里區龍米路2段129巷1號,學校、大型集會場所,禮堂門口
新北市私立聖心女子高級中學,八里區,新北市八里區龍米路一段263號,學校、大型集會場所,行政大樓
新北市私立聖心女子高級中學,八里區,新北市八里區龍米路一段263號,學校、大型集會場所,聖心樓一樓門口
新北市私立聖心國民小學,八里區,新北市八里區龍米路一段261號,學校、大型集會場所,善牧園園長室門口
新北市立十三行博物館,八里區,新北市八里區博物館路200號,大型休閒場所,十三行博物館考古公園遊客中心
新北市立十三行博物館,八里區,新北市八里區博物館路200號,大型休閒場所,十三行博物館
新北市政府環境保護局八里垃圾掩埋場(古厝),八里區,新北市八里區下罟里中山路三段403號,其他,八里掩埋場(花卉溫室內)
新北市政府環境保護局八里垃圾掩埋場(古厝),八里區,新北市八里區下罟里中山路三段403號,其他,八里垃圾掩埋場(古厝)
世紀鋼鐵結構股份有限公司 台北港廠,八里區,新北市八里區新北市八里區訊塘里廈竹圍7之15號,其他,辦公室門口
新北市八里垃圾焚化廠溫水游泳池(喬力達休閒管理有限公司),八里區,新北市八里區中山路三段413號,其他,入口處櫃檯旁
八里焚化廠(3樓中央控制室),八里區,新北市八里區中山路3段409號,其他,三樓中控室
台北港埠通商股份有限公司,八里區,新北市八里區商港路133號,其他,台北港埠通商股份有限公司中控室門口
台北港埠通商股份有限公司,八里區,新北市八里區商港路133號,其他,台北港埠通商股份有限公司行政大樓一樓
臺灣港務股份有限公司基隆港務分公司臺北港營運處,八里區,新北市八里區商港路123號2樓,交通要衝,行政大樓2樓服務台
港務公司臺北港營運處,八里區,新北市八里區廈竹圍２３號,交通要衝,新旅運中心2樓出境大廳
港務公司臺北港營運處,八里區,新北市八里區廈竹圍２３號,交通要衝,臺北港行政大樓一樓旅客候船室
港務公司臺北港營運處旅客服務中心,八里區,新北市八里區訊塘里7鄰下竹圍23號,交通要衝,臺北港營運處旅客服務中心1樓
八里掩埋場(巨大家具再利用場),八里區,新北市八里區下罟子63號,其他,八里掩埋場(巨大家具再利用場)
新北市政府警察局蘆洲分局八里分駐所,八里區,新北市八里區訊塘路37號,其他,1樓會客室內
新北市政府警察局蘆洲分局龍源派出所,八里區,新北市八里區龍米路一段225號,其他,1樓入口左方辦公室旁
新北市林口水資源回收中心,八里區,新北市八里區長道坑36-3號,其他,控制中心一樓大廳門口
新北市政府社會局委託天主教耕莘醫療財團法人永和耕莘醫院辦理新北市愛維養護中心,八里區,新北市八里區華富山35號,其他,3樓護理站
新北市八里區大崁國民小學,八里區,新北市八里區忠八街2號,學校、大型集會場所,一樓中庭視聽中心外側
世紀離岸風電設備股份有限公司,八里區,新北市八里區下罟里中山路三段388之5號,其他,辦公大樓一樓總機櫃台斜後方緊急出口處
新北市永續環境教育中心,八里區,新北市八里區觀海大道36號,大型休閒場所,正門右側外面
觀音山楓櫃斗湖步道上四叉路口(亞洲形上觀音山揹水隊捐贈),八里區,新北市八里區 ,其他,觀音山楓櫃斗湖步道上四叉路口(亞洲形上觀音山揹水隊捐贈)
新北市立圖書館八里分館,八里區,新北市八里區舊城里舊城路19號5、6樓,大型休閒場所,新北市八里區舊城路19號5樓
新北市立八里國民中學,八里區,新北市八里區荖阡坑路15號,學校、大型集會場所,教學大樓一樓東側樓梯之體育器材室牆面
新北市八里區長坑國民小學,八里區,新北市八里區中華路三段236號,學校、大型集會場所,健康中心外走廊牆上
新北市八里區八里國民小學,八里區,新北市八里區中山路2段338號,學校、大型集會場所,至善樓一樓幼兒園走廊
新北市八里區八里國民小學,八里區,新北市八里區中山路2段338號,學校、大型集會場所,明德樓健康中心
下罟市民活動中心,八里區,新北市八里區中山路一段175號,其他,下罟市民活動中心
新北市立三芝國民中學,三芝區,新北市三芝區淡金路一段38號,學校、大型集會場所,本校學務處
馬偕學校財團法人馬偕醫護管理專科學校(三芝校區),三芝區,新北市三芝區中正路三段42號,學校、大型集會場所,三芝校區護理大樓1F
馬偕學校財團法人馬偕醫護管理專科學校(三芝校區),三芝區,新北市三芝區中正路三段42號,學校、大型集會場所,三芝校區圖書館1樓
馬偕學校財團法人馬偕醫護管理專科學校(三芝校區),三芝區,新北市三芝區中正路三段42號,學校、大型集會場所,三芝校區新綜合大樓1樓
馬偕學校財團法人馬偕醫護管理專科學校(三芝校區),三芝區,新北市三芝區中正路三段42號,學校、大型集會場所,三芝校區應幼大樓1樓
馬偕學校財團法人馬偕醫護管理專科學校(三芝校區),三芝區,新北市三芝區中正路三段42號,學校、大型集會場所,三芝校區學生宿舍1樓
馬偕學校財團法人馬偕醫護管理專科學校(三芝校區),三芝區,新北市三芝區中正路三段42號,學校、大型集會場所,三芝校區警衛室
陽明山國家公園二子坪遊客服務站,三芝區,新北市三芝區興華里車埕53-3號,觀光旅遊地區,二子坪遊客服務站入口左側
新北市三芝區衛生所,三芝區,新北市三芝區中山路一段12號,其他,入口處右側
新北市政府環境保護局三芝區清潔隊(廚餘場),三芝區,新北市三芝區埔頭段234地號 (原:新小基隆段埔頭坑小段68-2地號_整編),其他,"大門入口正前方,地磅室內"
馬偕醫學院,三芝區,新北市三芝區中正路三段46號,學校、大型集會場所,多功能活動中心
馬偕醫學院,三芝區,新北市三芝區中正路三段46號,學校、大型集會場所,第一教研大樓
新北市三芝區三芝國民小學,三芝區,新北市三芝區育英街22號,學校、大型集會場所,輔導室前走廊
新北市政府警察局淡水分局三芝分駐所,三芝區,新北市三芝區埔頭里育英街27號,公眾服務單位設施,淡水分局三芝分駐所
新北市政府警察局淡水分局後厝派出所,三芝區,新北市三芝區后厝里北勢子45之32號,公眾服務單位設施,淡水分局後厝派出所
新北市三芝區衛生所附設物理治療所,三芝區,新北市三芝區民生街33號1樓,其他,本院大廳
新北市三芝區興華國民小學,三芝區,新北市三芝區興華里田心子5號,學校、大型集會場所,司令台後方穿堂
懷仁國際股份有限公司,三芝區,新北市三芝區圓山里石曹子坑32-4,其他,懷仁聖殿
陽明山國家公園大屯遊客服務站,三芝區,新北市三芝區興華里車埕53-2號,觀光旅遊地區,大屯遊客服務站展示室內
新北市政府警察局淡水分局興華派出所,三芝區,新北市三芝區興華里田心子1號,公眾服務單位設施,鐵馬驛站
交通部觀光局北海岸及觀音山國家風景區管理處-三芝遊客中心,三芝區,新北市三芝區埔坪里埔頭坑164-2號,觀光旅遊地區,1樓大門入口右方處
新北市三芝區橫山國民小學,三芝區,新北市三芝區橫山里86號,學校、大型集會場所,警衛室旁
大屯山二子坪公園(亞洲形上觀音山揹水隊捐贈),三芝區,新北市三芝區 ,其他,大屯山二子坪公園(亞洲形上觀音山揹水隊捐贈)
二子坪遊客中心(面天坪涼亭)-(亞洲形上觀音山揹水隊捐贈),三芝區,新北市三芝區 ,其他,二子坪遊客中心(面天坪涼亭)-(亞洲形上觀音山揹水隊捐贈)
二子坪遊客中心(大屯坪涼亭)-(亞洲形上觀音山揹水隊捐贈),三芝區,新北市三芝區 ,其他,二子坪遊客中心(大屯坪涼亭)-(亞洲形上觀音山揹水隊捐贈)
三芝福成宮,三芝區,新北市三芝區埔頭里中山路一段38號,其他,一樓管理室門口
新北巿三芝區公所,三芝區,新北市三芝區中山路一段32號,其他,一樓
新北市立圖書館三芝分館,三芝區,新北市三芝區民生街31號4樓,大型休閒場所,新北市立圖書館三芝分館4樓
臺灣新北地方法院三重院區,三重區,新北市三重區重新路3段145號,學校、大型集會場所,一樓大廳
新北市三重區三光國民小學,三重區,新北市三重區大同南路157號,學校、大型集會場所,警衛室
新北市三重區光興國民小學,三重區,新北市三重區正義南路62號,學校、大型集會場所,光興國小
新北市三重區社教館,三重區,新北市三重區集美街60號,其他,社教館一樓展覽廳
天台戲院股份有限公司,三重區,新北市三重區重新路2段78號4樓,大型休閒場所,4樓售票處前方
新北市立二重國民中學,三重區,新北市三重區忠孝路三段89號,學校、大型集會場所,警衛室
新北市三重區修德國民小學,三重區,新北市三重區重陽路三段3號,學校、大型集會場所,警衛室
新北市三重戶政事務所,三重區,新北市三重區新北大道一段9號5樓,其他,5樓
新北市三重區衛生所,三重區,新北市三重區新北大道一段1號,其他,1樓寫字台旁
新北市三重區二重國民小學,三重區,新北市三重區大有街10號,學校、大型集會場所,健康中心走廊
新北市立三重幼兒園,三重區,新北市三重區新北大道一段9號2樓,其他,幼兒園辦公室2樓
維德文理語文短期補習班國小部,三重區,新北市三重區忠孝路一段119號,學校、大型集會場所,補習班場所大廳
新北市環境保護局 三重區清潔隊 重新橋下保養場,三重區,新北市三重區重新路四段臨121號,其他,保養場-警衛室
新北市立圖書館三重南區分館,三重區,新北市三重區重安街70號三樓,大型休閒場所,三重南區分館
慈濟三重園區靜思堂,三重區,新北市三重區中正北路450號,其他,大門進入後，左邊諮詢台後方
厚德國民小學地下停車場,三重區,新北市三重區忠孝路一段70號B1,學校、大型集會場所,停車場管理室
龍門公園地下停車場,三重區,新北市三重區公園街32號,其他,停車場管理室
300壯士跨時代健身中心(三重店),三重區,新北市三重區正義北路154號B1,學校、大型集會場所,健身房入口處
新北市私立格致高級中學,三重區,新北市三重區大智街260號,學校、大型集會場所,教官室外
新北市三重區公所,三重區,新北市三重區新北大道一段11號,其他,三重區公所10樓
新北市三重區公所,三重區,新北市三重區新北大道一段11號,其他,三重區公所1樓
新北市三重地政事務所,三重區,新北市三重區新北大道一段11號8樓,其他,行政大樓8樓
新北市三重區興穀國民小學,三重區,新北市三重區神農街 101號,學校、大型集會場所,大門警衛室
家福股份有限公司蘆洲分公司,三重區,新北市三重區五華街282號3樓,大型購物場所,3樓上4樓手扶梯前
新北市三重區集美國民小學,三重區,新北市三重區集美街10號,學校、大型集會場所,健康中心門口走廊邊
桃園捷運A2三重站,三重區,新北市三重區捷運路36號,交通要衝,穿堂層詢問處附近(非付費區)
新北市三重區重新公有零售市場,三重區,新北市三重區重新路一段87-6號,其他,市場1樓後門旁
玉山商業銀行股份有限公司(希望大樓),三重區,新北市三重區中興北街42巷17弄10號,其他,進大門後右手邊。
臺北捷運台北橋站O13,三重區,新北市三重區重新路一段108號B1,交通要衝,詢問處右方樑柱旁
臺北捷運菜寮站O14,三重區,新北市三重區重新路三段150號B1,交通要衝,詢問處右後方通道靠牆面
臺北捷運三重站O15,三重區,新北市三重區捷運路36號B1,交通要衝,詢問處左後方通道靠牆轉角處
臺北捷運先嗇宮站O16,三重區,新北市三重區重新路五段515號B1,交通要衝,詢問處右後方通道靠牆面
臺北捷運三重國小站O50,三重區,新北市三重區三和路三段5號,交通要衝,車站大廳詢問處旁
臺北捷運三和國中站O51,三重區,新北市三重區三和路四段107號,交通要衝,車站大廳詢問處旁
愛悅養護中心,三重區,新北市三重區光復路二段126巷6號,其他,一樓大廳
國都汽車股份有限公司三重服務廠,三重區,新北市三重區溪尾街22號,其他,2樓客戶休息室
新北市政府警察局三重分局永福派出所,三重區,新北市三重區力行路二段162巷53號,其他,1樓進大門右側志工服務台前
三和護理之家,三重區,新北市三重區三和路4段103-2號6樓,其他,新北市三重區三和路4段103-2號6樓
新北市三重區永福國民小學,三重區,新北市三重區永福街66號,學校、大型集會場所,學校大門警衛室
新北市立三和國民中學,三重區,新北市三重區三和路四段216號,學校、大型集會場所,音樂廳大門入口處
新北市立三和國民中學,三重區,新北市三重區三和路四段216號,學校、大型集會場所,警衛室門口
香港商世界健身事業有限公司三重五華分公司,三重區,新北市三重區五華街282號4樓(世界健身),學校、大型集會場所,洽談區
新北市立圖書館三重東區分館,三重區,新北市三重區溪尾街303號,大型休閒場所,1樓雜誌報紙閱覽區
裕信汽車股份有限公司 集賢分公司,三重區,新北市三重區集賢路195號,其他,客戶休息室
新北市立新北高級中學,三重區,新北市三重區三信路1號,學校、大型集會場所,學務處前走廊
新北市三重區五華國民小學,三重區,新北市三重區集賢路89號,學校、大型集會場所,本校集賢路大門警衛室內
三重分局厚德派出所,三重區,新北市三重區三和路三段186號,其他,三重分局厚德派出所
穀保學校財團法人新北市穀保高級家事商業職業學校,三重區,新北市三重區中正北路560巷38號,學校、大型集會場所,健康中心
健身工廠三重廠,三重區,新北市三重區龍門路6號2-3F,學校、大型集會場所,新北市三重區龍門路6號2-3F
新北市立三重高級商工職業學校,三重區,新北市三重區中正北路163號,學校、大型集會場所,弘道樓1樓總務處旁側門(事務倉庫前)
新北市立三重高級商工職業學校,三重區,新北市三重區中正北路163號,學校、大型集會場所,商科大樓4樓國貿科辦公室
新北市立三重高級商工職業學校,三重區,新北市三重區中正北路163號,學校、大型集會場所,警衛室
新北市立光榮國民中學,三重區,新北市三重區介壽路26號,學校、大型集會場所,本校大門口警衛室
新北市政府警察局三重分局大同派出所,三重區,新北市三重區大同南路155號,其他,派出所1樓
香港商世界健身事業有限公司三重分公司,三重區,新北市三重區重新路二段78號1樓,學校、大型集會場所,1樓客服櫃台旁
冠德美麗台北社區,三重區,新北市三重區重新路一段108號,其他,一樓大門左側
新北市政府警察局三重分局長泰派出所,三重區,新北市三重區仁愛街15號,其他,新北市政府警察局三重分局長泰派出所一樓
新北市立圖書館三重崇德分館,三重區,新北市三重區仁孝街62號2樓,大型休閒場所,2樓參考書區旁
新北市政府警察局三重分局中興橋派出所,三重區,新北市三重區成功路21號,其他,派出所一樓
一起健身有限公司,三重區,新北市三重區重新路4段12號B1,其他,場館
Forge打鐵健身三重店,三重區,新北市三重區仁愛街479號2樓,學校、大型集會場所,2F健身區
新北市立圖書館三重分館,三重區,新北市三重區自強路一段158號,大型休閒場所,一樓櫃台
新北市立圖書館三重分館,三重區,新北市三重區自強路一段158號,大型休閒場所,三樓自修室
新北市政府警察局三重分局慈福派出所,三重區,新北市三重區仁愛街519號,其他,派出所一樓
東海中學學校財團法人新北市東海高級中學,三重區,新北市三重區忠孝路三段93巷12號,學校、大型集會場所,健康中心前
新北市三重區重陽國民小學,三重區,新北市三重區中正北路113號,學校、大型集會場所,校內穿堂
新北市立聯合醫院,三重區,新北市三重區新北市三重區新北大道1段3號,其他,新北市立聯合醫院5樓健檢中心大門左側
新北市立圖書館三重培德分館,三重區,新北市三重區新北市三重區忠孝路2段35號,大型休閒場所,新北市立圖書館三重培德分館
新北市立碧華國民中學,三重區,新北市三重區三信路166號,學校、大型集會場所,警衛室
新北市三重區正義國民小學,三重區,新北市三重區信義西街31號,學校、大型集會場所,一樓川堂
新北市政府警察局三重分局光明派出所,三重區,新北市三重區過圳街46號,其他,派出所一樓
三愛停車場有限公司三重小巨蛋營業所,三重區,新北市三重區新北大道一段2號,其他,綜合體育館B1
新北市三重區厚德國民小學,三重區,新北市三重區忠孝路一段70號,學校、大型集會場所,厚德國小
中華郵政股份有限公司三重郵局,三重區,新北市三重區新北大道1段17號,其他,新北市三重區新北大道一段17號1樓 (後門警衛室內)
新北市立圖書館三重田中分館,三重區,新北市三重區忠孝路3段40巷51號2樓,大型休閒場所,新北市立圖書館三重田中分館
新北市立圖書館三重五常分館,三重區,新北市三重區五華街7巷30號2樓,大型休閒場所,新北市三重區五華街7巷30號2樓
瓦城三重店,三重區,新北市三重區正義北路95號1-2F,其他,瓦城三重店
新北市果菜運銷股份有限公司,三重區,新北市三重區中正北路111號,其他,行政辦公室旁
新北市政府警察局交通警察大隊三重分隊,三重區,新北市三重區光復路二段175號,其他,一樓進大門左側
新北市金陵女子高級中學,三重區,新北市三重區重新路五段656號,學校、大型集會場所,厚生樓一樓川堂
新北市政府警察局三重分局二重派出所,三重區,新北市三重區重新路五段406號,其他,所長辦公室外面
社團法人台灣全民計程車司機協會,三重區,新北市三重區光復路二段168之2號,其他,服務中心內部
家福股份有限公司重新分公司,三重區,新北市三重區重新路5段654號,大型購物場所,1F星巴克旁
翌朔股份有限公司,三重區,新北市三重區光復路二段196巷8號之一,其他,廠房
翌朔股份有限公司,三重區,新北市三重區光復路二段196巷8號之一,其他,1樓
全虹企業股份有限公司(北區維修中心),三重區,新北市三重區重新路五段609巷14號10樓之11,其他,全虹大門入口處
新北市政府警察局三重分局三重派出所,三重區,新北市三重區重新路1段43號,其他,派出所一樓
三愛停車場有限公司永福營業所,三重區,新北市三重區永福街66號地下1、2層,其他,永福國小地下停車場B1
新北市政府警察局三重分局重陽派出所,三重區,新北市三重區集賢路163號,其他,派出所一樓
融程電訊股份有限公司,三重區,新北市三重區興德路111-6號,其他,贏翼大樓9樓(女廁門口右邊)
新北市政府稅捐稽徵處三重分處,三重區,新北市三重區重陽路一段115號,其他,本分處大門入口左側
新北市三重國民運動中心,三重區,新北市三重區集美街55號,學校、大型集會場所,一樓大廳電梯廳旁
新北市三重國民運動中心,三重區,新北市三重區集美街55號,學校、大型集會場所,一樓泳池置物櫃旁
新北市三重國民運動中心,三重區,新北市三重區集美街55號,學校、大型集會場所,二樓大廳充電站旁
捷運環狀線Y22施工站,三重區,新北市三重區集賢路,交通要衝,捷運環狀線Y22施工站
捷運環狀線Y23施工站,三重區,新北市三重區集賢路,交通要衝,捷運環狀線Y23施工站
維德文理語文短期補習班國中部,三重區,新北市三重區忠孝路一段131號,學校、大型集會場所,維德補習班國中部門口
弘聖車業,三重區,新北市三重區重陽路三段7-1號,其他,老闆辦公桌旁牆上
新北市政府警察局三重分局,三重區,新北市三重區重新路三段147號,其他,一樓大廳入門口左側
新北市政府警察局三重分局大有派出所,三重區,新北市三重區中正北路402號,其他,進大門左側
新北市私立格致高級中學,三重區,新北市三重區大智街260號,學校、大型集會場所,操場化學實驗室前走廊
新北市私立格致高級中學,三重區,新北市三重區大智街260號,學校、大型集會場所,保健中心
三重球場,三重區,新北市三重區水樣路一段300號,其他,醫務室
新北市三重區光榮國民小學,三重區,新北市三重區介壽路32號,學校、大型集會場所,光榮國小健康中心
新北市三重區重新橋下計程車司機休息中心,三重區,新北市三重區疏洪十六路3-1號,其他,司機休息中心辦公室
活力健身工作室,三重區,新北市三重區重安街56號,其他,置物櫃
成吉思汗健身俱樂部三重旗艦館,三重區,新北市三重區捷運路11號,學校、大型集會場所,B1多功能訓練區旁
成吉思汗健身俱樂部三重旗艦館,三重區,新北市三重區捷運路11號,學校、大型集會場所,1樓教室前走廊
福德里辦公處,三重區,新北市三重區重新路四段244巷7弄20號,其他,福德里辦公處
7-11便利商店,三重區,新北市三重區成功路106-2號1樓,大型購物場所,7-11便利商店門口
全家便利商店,三重區,新北市三重區成功路145巷47號1樓,大型購物場所,全家便利商店門口
元信開發工程有限公司,三重區,新北市三重區仁義街91號,其他,辦公室內
三重淡水河畔停車場,三重區,新北市三重區停車場票亭,其他,停車場票亭
新北市立聯合醫院,三重區,新北市三重區新北市三重區新北大道1段3號,其他,新北大道1段3號後棟2樓牙科門診對面
藍天大樓,三重區,新北市三重區興德路129號,其他,藍天大樓一樓接待櫃檯旁
新北市立三和國民中學,三重區,新北市三重區三和路四段216號,學校、大型集會場所,自強樓1樓教師辦公室門口之牆邊
湯城園區2號大樓,三重區,新北市三重區重新路5段609巷2號8樓之2,其他,1樓大廳
新北市三重區碧華國民小學,三重區,新北市三重區五華街160號,學校、大型集會場所,警衛室
新北市三重區玫瑰平面停車場,三重區,新北市三重區集美街57號對面,其他,自動繳費機旁
新北市三重區三重國民小學,三重區,新北市三重區三和路三段1號,學校、大型集會場所,三重國小穿堂
新北市三重區中央公有零售市場,三重區,新北市三重區中央北路26號,其他,市場1樓後門佈告欄旁
新北市三重區光明公有零售市場,三重區,新北市三重區重安街70號,大型購物場所,市場1樓前側出入口左側柱
新北市立三重高級中學,三重區,新北市三重區集美街212號,學校、大型集會場所,警衛室門口
新北市立三重高級中學,三重區,新北市三重區集美街212號,學校、大型集會場所,行健館
新北市三重區農會慈福分部,三重區,新北市三重區仁愛街389號,其他,營業廳
新北市三重區綜合體育館,三重區,新北市三重區新北大道一段2號,其他,1樓大廳
新北市三重區重陽國民小學,三重區,新北市三重區中正北路113號,學校、大型集會場所,4樓藝文中心
新北市立明志國民中學,三重區,新北市三重區中正北路107號,學校、大型集會場所,警衛室
新北市三重區興華市民活動中心,三重區,新北市三重區中華路5號,其他,興華活動中心側門旁
新北市三重區過圳市民活動中心,三重區,新北市三重區過圳街19號,其他,1樓活動場所
國都汽車股份有限公司三重營業所,三重區,新北市三重區三重區重陽路一段10號,其他,營業所展示間
清傳學校財團法人新北市清傳高級商業職業學校,三重區,新北市三重區五谷王北街141巷1號,學校、大型集會場所,學校教學大樓1樓中廊
新北市政府警察局交通警察大隊三峽分隊,三峽區,新北市三峽區中正路二段451號2樓,其他,分隊2樓
新北市三峽區公所,三峽區,新北市三峽區中山路17號,其他,1樓民眾休息區旁
新北市政府警察局三峽分局警備隊,三峽區,新北市三峽區中正路一段48號2樓,其他,新北市三峽區中正路一段48號2樓
新北市立安溪國民中學,三峽區,新北市三峽區大同路135號,學校、大型集會場所,健康中心門口
新北市政府警察局三峽分局插角派出所,三峽區,新北市三峽區插角里67-1號,其他,派出所一樓
新北市政府警察局三峽分局北大派出所,三峽區,新北市三峽區學成路396號,其他,本所值班台前
新北市政府警察局三峽分局偵查隊,三峽區,新北市三峽區中正路一段48號,其他,偵查隊一樓辦公室
鴻欣護理之家,三峽區,新北市三峽區三樹路168巷48號,其他,鴻欣護理之家A08房外
新北市三峽區龍埔國民小學,三峽區,新北市三峽區大學路6號,學校、大型集會場所,展演廳門口右側
新北市政府警察局三峽分局橫溪派出所,三峽區,新北市三峽區介壽路3段49號,其他,派出所一樓
新北市三峽區介壽國民小學,三峽區,新北市三峽區大同路1號,學校、大型集會場所,健康中心旁的川堂
新北市立三峽國民中學,三峽區,新北市三峽區復興路238號,學校、大型集會場所,健康中心旁穿堂
新北市政府環境保護局三峽區清潔隊,三峽區,新北市三峽區隆恩街243號,其他,辦公室1樓樓梯口
新北市政府警察局三峽分局北大派出所,三峽區,新北市三峽區學成路396號,其他,派出所一樓
新北市三鶯國民運動中心,三峽區,新北市三峽區文化路210巷12號,學校、大型集會場所,三樓體適能中心
新北市三鶯國民運動中心,三峽區,新北市三峽區文化路210巷12號,學校、大型集會場所,一樓游泳池
大板根溫泉度假酒店,三峽區,新北市三峽區插角里79號,大型公眾浴場或溫泉區,酒店1樓接待大廳
臺北大學運動場地下停車場,三峽區,新北市三峽區大學路151號,學校、大型集會場所,停車場管理室
大智通文化行銷股份有限公司(三峽DC),三峽區,新北市三峽區中正路一段310號,其他,1樓打卡機旁
新北市三峽區中園國民小學,三峽區,新北市三峽區弘園街22號,學校、大型集會場所,中園國小門廳內右側
新北市三峽區公有零售市場,三峽區,新北市三峽區民生街186號,其他,市場1樓廁所旁
新北市三峽區成福國民小學,三峽區,新北市三峽區溪東路213號,學校、大型集會場所,圖書館室內
新北市三峽區成福國民小學,三峽區,新北市三峽區溪東路213號,學校、大型集會場所,學生活動中心二樓的室內左側
新北市三峽區成福國民小學,三峽區,新北市三峽區溪東路213號,學校、大型集會場所,警衛室走廊
新北市三峽區成福國民小學,三峽區,新北市三峽區溪東路213號,學校、大型集會場所,健康中心走廊
新北市政府殯葬管理處三峽火化場,三峽區,新北市三峽區介壽路3段260巷1號,學校、大型集會場所,火化場
紫微森林景觀餐廳,三峽區,新北市三峽區紫微南路97-1號,其他,一樓櫃台旁
新北市三峽區生命紀念館,三峽區,新北市三峽區添福里添福81號,學校、大型集會場所,新北市三峽生命紀念館
新北市三峽區三峽國民小學,三峽區,新北市三峽區中山路16號,學校、大型集會場所,校門口入口行政大樓1樓川堂
國立臺北大學三峽校區,三峽區,新北市三峽區大學路151號,學校、大型集會場所,正門
三峽分局三峽派出所,三峽區,新北市三峽區民權街38號,其他,三峽派出所一樓大門
新北市政府警察局三峽分局吉埔派出所,三峽區,新北市三峽區中正路二段451號,其他,新北市三峽區中正路二段451號
新北市三峽區衛生所,三峽區,新北市三峽區光明路71號3樓(三峽行政大樓),其他,衛生所2號診間內
新北市三峽區民義國民小學,三峽區,新北市三峽區白雞路40號,學校、大型集會場所,耕讀樓
新北市三峽區大埔國民小學,三峽區,新北市三峽區大埔路130號,學校、大型集會場所,樂學樓1樓穿堂警衛室對面
新北市環境保護局三峽掩埋場,三峽區,新北市三峽區中正路三段262號,其他,三峽掩埋場行政大樓
行政院農委會林務局新竹林區管理處滿月圓國家森林遊樂區,三峽區,新北市三峽區有木里174之1號,觀光旅遊地區,滿月圓國家森林遊樂區大門入園10公尺
新北市三峽區有木國民小學,三峽區,新北市三峽區有木里131號,學校、大型集會場所,有木國小行政辦公室前
新北市立插角森林實驗小學,三峽區,新北市三峽區插角里39號,學校、大型集會場所,電腦教室門口
新北市政府警察局三峽分局五寮派出所,三峽區,新北市三峽區五寮路154號,其他,派出所一樓
新北市三峽區五寮國民小學,三峽區,新北市三峽區五寮里69號,學校、大型集會場所,五寮國小警衛室
新北市立插角森林實驗小學金敏分校,三峽區,新北市三峽區金敏路66號,學校、大型集會場所,一樓辦公室
新北市立明德高級中學,三峽區,新北市三峽區中正路二段399號,學校、大型集會場所,擎藝樓健康中心門口
新北市三峽區大成國民小學,三峽區,新北市三峽區成福路251巷2號,學校、大型集會場所,校門口警衛室
新北市客家文化園區,三峽區,新北市三峽區隆恩街239號,觀光旅遊地區,園樓服務台旁
福華電子股份有限公司,三峽區,新北市三峽區中正路一段393號,其他,醫務室外
新北市三峽區安溪國民小學,三峽區,新北市三峽區中華路42號,學校、大型集會場所,1樓 播音室走廊牆壁上
新北市立八里愛心教養院三峽日間托育中心,三峽區,新北市三峽區新北市三峽區光明路71號7樓,其他,辦公室入口內左側
新北市立圖書館三峽分館,三峽區,新北市三峽區永安街9巷5號2樓,大型休閒場所,三峽分館地方文獻專區
鴻欣護理之家,三峽區,新北市三峽區三樹路168巷48號,其他,鴻欣護理之家
新北市立北大高級中學,三峽區,新北市三峽區大義路277號,學校、大型集會場所,北大高中行政大樓-健康中心前
花岩休閒有限公司,三峽區,新北市三峽區添福里143-28號,其他,門口旁
偉勝乾燥工業股份有限公司,三峽區,新北市三峽區白雞路62-3號,其他,本公司1樓大廳
國家教育研究院,三峽區,新北市三峽區三樹路2號,學校、大型集會場所,良師園1樓
臺北大學運動中心三峽校區,三峽區,新北市三峽區大學路151號(台北大學運動中心),學校、大型集會場所,本館大廳一樓
臺北大學運動中心三峽校區,三峽區,新北市三峽區大學路151號(台北大學運動中心),學校、大型集會場所,本場館B1游泳池
悅灣悠悅社區,三峽區,新北市三峽區民生街1巷6-1號,其他,悅灣悠悅社區接待大廳
新北市立圖書館 三峽北大分館,三峽區,新北市三峽區學成路396號3樓,大型休閒場所,三峽北大分館影印區
香港商世界健身事業有限公司台北三峽分公司,三峽區,新北市三峽區文化路59號9樓之一,學校、大型集會場所,新北市三峽區文化路59號9樓之一
新北市三峽區北大國民小學,三峽區,新北市三峽區國光街100號,學校、大型集會場所,"F棟一樓會議室外,健康中心門口"
皇昌營造三峽國光段(二期)青年社會住宅新建統包工程,三峽區,新北市三峽區北大國民小學側門(國成街),其他,三峽國光段(二期)青年社會住宅新建統包工程
皇昌營造三峽國光段(二期)青年社會住宅新建統包工程,三峽區,新北市三峽區三樹路一巷6號,其他,三峽國光段(二期)青年社會住宅新建統包工程
國立臺北大學三峽校區,三峽區,新北市三峽區大學路151號,學校、大型集會場所,行政大樓
國立臺北大學三峽校區,三峽區,新北市三峽區大學路151號,學校、大型集會場所,心湖會館
國立臺北大學三峽校區,三峽區,新北市三峽區大學路151號,學校、大型集會場所,國立臺北大學圖書館
國立臺北大學三峽校區,三峽區,新北市三峽區大學路151號,學校、大型集會場所,皓月樓
健康同樂股份有限公司 (2h fitness),三峽區,新北市三峽區學成路398號4樓,學校、大型集會場所,入口處左邊
CURVES女性30分鐘環狀運動三峽店,三峽區,新北市三峽區文化路65巷8號3樓,學校、大型集會場所,新北市三峽區文化路65巷8號3樓
新北市三峽區建安國民小學,三峽區,新北市三峽區建安路67號,學校、大型集會場所,警衛室
新北市三峽區龍埔國民小學,三峽區,新北市三峽區大學路6號,學校、大型集會場所,英速魔法學院辦公室外樓梯口
新北市私立辭修高級中學,三峽區,新北市三峽區溪東路251號,學校、大型集會場所,健康中心
台灣農林熊空森林休閒農場,三峽區,新北市三峽區竹崙里竹崙路238號,觀光旅遊地區,園區8公頃內停車場
新北市三峽區北大國民小學,三峽區,新北市三峽區國光街100號,學校、大型集會場所,F棟一樓志工室外
新北市立圖書館土城分館,土城區,新北市土城區中正路18號7樓,大型休閒場所,本館7樓入口處
新北市土城區安和國民小學,土城區,新北市土城區延和路23號,學校、大型集會場所,警衛室門外
新北市土城區安和國民小學,土城區,新北市土城區延和路23號,學校、大型集會場所,健康中心
臺灣新北地方法院,土城區,新北市土城區金城路二段249號,其他,法庭大樓一樓
臺灣新北地方法院,土城區,新北市土城區金城路二段249號,其他,法警室
新北市土城區廣福國民小學,土城區,新北市土城區學府路一段127號,學校、大型集會場所,中央川堂
新北市土城區頂埔市民活動中心,土城區,新北市土城區中央路4段55-12號,其他,大門入口右側柱子邊
新北市土城區員林市民活動中心,土城區,新北市土城區員林街15號,其他,大門入口右側牆壁
新北市土城區廷寮市民活動中心,土城區,新北市土城區永豐路240之1號,其他,大門入口左側
新北市土城區永寧市民活動中心,土城區,新北市土城區永寧路32巷10弄10號2樓,其他,大門入口門邊
新北市土城區頂新市民活動中心,土城區,新北市土城區中央路四段283之1號,其他,大門入口左側牆壁
香港商世界健身事業有限公司土城分公司,土城區,新北市土城區青雲路152號5樓,學校、大型集會場所,迪斯尼購物廣場5樓
新北市政府警察局少年警察隊,土城區,新北市土城區和平路22號5樓,其他,少年警察隊
富智康國際股份有限公司,土城區,新北市土城區民生街4號,其他,1樓大廳
振樺電子股份有限公司,土城區,新北市土城區大同街23號,其他,一樓大廳
新北市政府警察局土城分局廣福派出所,土城區,新北市土城區學府路一段103號,公眾服務單位設施,新北市土城區學府路一段103號進入大門左側底邊角落
新北市立圖書館土城清水圖書閱覽室,土城區,新北市土城區清水路243號2樓,大型休閒場所,新北市立圖書館土城清水圖書閱覽室
土城秀泰影城股份有限公司,土城區,新北市土城區學府路2段210號,大型休閒場所,1樓驗票口後方
新北市立新北高級工業職業學校,土城區,新北市土城區學府路一段241號,學校、大型集會場所,進修部走廊
新北市立新北高級工業職業學校,土城區,新北市土城區學府路一段241號,學校、大型集會場所,健康中心走廊
香港商世界健身事業有限公司土城中央分公司,土城區,新北市土城區中央路二段191號,學校、大型集會場所,一樓大廳
新北市土城國民運動中心,土城區,新北市土城區金城路二段247之1號,學校、大型集會場所,中心一樓大廳側門出入口邊
新北市土城國民運動中心,土城區,新北市土城區金城路二段247之1號,學校、大型集會場所,3樓綜合球場，進門右手邊角落處
香港商世界健身事業有限公司土城海山分公司,土城區,新北市土城區明德路二段62號B1,學校、大型集會場所,客服櫃台前方
新北市立中正國民中學,土城區,新北市土城區金城路二段247號,學校、大型集會場所,本校中央穿堂
新北市立中正國民中學,土城區,新北市土城區金城路二段247號,學校、大型集會場所,本校警衛室
萬大中和施工處,土城區,新北市土城區金城路三段299號1樓,其他,辦公室一樓
新北市立圖書館土城柑林埤圖書閱覽室,土城區,新北市土城區學享街55號3、4樓,大型休閒場所,新北市土城區學享街55號3樓
新北市政府警察局土城分局土城派出所,土城區,新北市土城區和平路22號1樓,其他,1樓正門右前方
新北市私立北極星幼兒園,土城區,新北市土城區學成路165號1樓,其他,本園所辦公室
新北市立圖書館土城親子分館,土城區,新北市土城區中州路28巷30號4樓,大型休閒場所,土城親子分館視聽資料區
裕信汽車股份有限公司 土城分公司,土城區,新北市土城區大安路85號,其他,客戶休息區
中工雲宇宙產業園區新建工程,土城區,新北市土城區中山路75號,其他,勞工休息區
新北市土城區頂埔國民小學,土城區,新北市土城區中央路四段205號,學校、大型集會場所,麗日樓1樓健康中心走廊
新北市土城區頂埔國民小學,土城區,新北市土城區中央路四段205號,學校、大型集會場所,學校大門-警衛室門口
國都汽車股份有限公司土城服務廠,土城區,新北市土城區中央路三段4號,其他,國都豐田土城所廠一樓展示間
圓展科技股份有限公司,土城區,新北市土城區大安路157號,其他,圓展科技股份有限公司1F大廳
新北市土城區土城國民小學,土城區,新北市土城區興城路17號,學校、大型集會場所,健康中心
土城區公所,土城區,新北市土城區金城路1段101號,其他,土城區公所1樓
新北市政府環境保護局土城區清潔隊,土城區,新北市土城區永寧路高速公路橋下旁,其他,永寧場休息室
宏國德霖科技大學,土城區,新北市土城區青雲路380巷1號,學校、大型集會場所,衛生保健組
臺北捷運頂埔站BL01,土城區,新北市土城區中央路四段51-6號地下三層,交通要衝,捷運頂埔站B3層
臺北捷運永寧站BL02,土城區,新北市土城區中央路3段105號,交通要衝,捷運永寧站B1層
臺北捷運土城站BL03,土城區,新北市土城區金城路一段105號,交通要衝,捷運土城站B1層
臺北捷運海山站BL04,土城區,新北市土城區海山路39號,交通要衝,捷運海山站B1層
新北市政府警察局土城分局清水分駐所,土城區,新北市土城區青雲路220號,其他,一樓入口
滿福產後護理之家,土城區,新北市土城區中央路二段304號4樓,其他,嬰兒室門口
日月光廣場,土城區,新北市土城區學府路二段210號,大型購物場所,日月光廣場
土城火焰山(亞洲形上觀音山揹水隊捐贈),土城區,新北市土城區 ,其他,土城火焰山(亞洲形上觀音山揹水隊捐贈)
大瓏企業股份有限公司,土城區,新北市土城區中央路四段51號9~12樓,其他,大瓏企業12樓梯廳
新北市土城區綜合體育場,土城區,新北市土城區裕民路193-1號,大型休閒場所,新北市土城區綜合體育場
新北市土城區樂利國民小學,土城區,新北市土城區裕生路65號,學校、大型集會場所,1樓警衛室
中華中學學校財團法人新北市中華高級中學,土城區,新北市土城區城林路2號,學校、大型集會場所,學務處走廊
新北市立清水高級中學,土城區,新北市土城區明德路一段72號,學校、大型集會場所,健康中心前走廊、警衛室、游泳池
新北市土城區清水國民小學,土城區,新北市土城區金城路2段356號,學校、大型集會場所,健康中心
新北市裕德高級中等學校,土城區,新北市土城區擺接堡路1號,學校、大型集會場所,健康中心
新北市立土城國民中學,土城區,新北市土城區新北市土城區永寧路18號,學校、大型集會場所,新北市土城國中健康中心
新北市土城區衛生所,土城區,新北市土城區和平路26號,其他,衛生所內一樓
新北市立中和高級中學,中和區,新北市中和區連城路460號,學校、大型集會場所,行政大樓1樓健康中心旁
FIB健身俱樂部,中和區,新北市中和區景安路34號B1,學校、大型集會場所,FIB健身俱樂部B1
南山威力購物廣場,中和區,新北市中和區中山路2段291.293.295.297號,大型購物場所,1樓側門電梯口
新北市立錦和高級中學,中和區,新北市中和區錦和路163號,學校、大型集會場所,警衛室
國立臺灣圖書館,中和區,新北市中和區中安街85號,大型休閒場所,新生門入口左側
新北市政府稅捐稽徵處中和分處,中和區,新北市中和區復興路278號1樓,其他,1樓大門右側
香港商世界健身事業有限公司景平分公司,中和區,新北市中和區景平路182號,學校、大型集會場所,客服櫃台
臺北捷運南勢角站O01,中和區,新北市中和區捷運路6號,交通要衝,臺北捷運南勢角站O01詢問處附近
臺北捷運景安站O02,中和區,新北市中和區景平路486號,交通要衝,臺北捷運景安站O02詢問處附近
臺北捷運永安市場站O03,中和區,新北市中和區中和路388號,交通要衝,臺北捷運永安市場站O03詢問處附近
南陽實業股份有限公司中和據點,中和區,新北市中和區中正路806號,大型購物場所,展示空間旁邊
新北市中和地政事務所,中和區,新北市中和區復興路280號,其他,本所1F大廳
新北市中和區公所,中和區,新北市中和區景平路634-2號,其他,一樓服務中心旁
景安護理之家,中和區,新北市中和區景安路50號4樓,其他,新北市中和區景安路50號4樓
新北市中和區枋寮公有零售市場,中和區,新北市中和區中和路74號,其他,市場1樓樓梯旁
美麗永安藝文中心,中和區,新北市中和區中和路390號2樓,大型休閒場所,2樓第二閱覽室置物櫃旁
新北市政府警察局中和分局南勢派出所,中和區,新北市中和區南山路322號,其他,派出所一樓
新北市立中和國民中學,中和區,新北市中和區興南路二段3巷17號,學校、大型集會場所,健康中心
新北市中和區興南國民小學,中和區,新北市中和區興南路一段135巷24號,學校、大型集會場所,警衛室
新北市中和區景新國民小學,中和區,新北市中和區景新街467巷37號,學校、大型集會場所,健康中心門口
新北市中和區景新國民小學,中和區,新北市中和區景新街467巷37號,學校、大型集會場所,警衛室
全民運動健身中心,中和區,新北市中和區成功路129號B1,學校、大型集會場所,全民運動健身中心 櫃台正前方
環球購物中心股份有限公司中和分公司,中和區,新北市中和區中山路三段122號,大型購物場所,環球購物中心  4F 國賓影城
環球購物中心股份有限公司中和分公司,中和區,新北市中和區中山路三段122號,大型購物場所,環球購物中心 2F服務台
環球購物中心股份有限公司中和分公司,中和區,新北市中和區中山路三段122號,大型購物場所,環球購物中心 B2F燒肉like
新北市立圖書館中和員山分館,中和區,新北市中和區民享街37號2樓,大型休閒場所,期刊區
新北市政府警察局交通警察大隊,中和區,新北市中和區中正路1167號4樓,其他,新北市政府警察局勤務大樓4樓交通警察大隊
捷運環狀線景安站Y11,中和區,新北市中和區景平路486號,交通要衝,環狀線景安站詢問處旁
捷運環狀線橋和站Y13,中和區,新北市中和區板南路430號,交通要衝,捷運環狀線橋和站詢問處旁
捷運環狀線中和站Y12,中和區,新北市中和區中山路二段271號,交通要衝,捷運環狀線中和站詢問處旁
捷運環狀線秀朗橋站Y09,中和區,新北市中和區景平路2號,交通要衝,捷運秀朗橋站詢問處旁
捷運環狀線景平站Y10,中和區,新北市中和區景平路121號,交通要衝,捷運景平站詢問處旁
新北市政府警察局中和分局中原派出所,中和區,新北市中和區立德街60號,其他,本所大廳
捷運環狀線中原站Y14,中和區,新北市中和區板南路510號,交通要衝,捷運環狀線中原站詢問處旁
鴻源汽車股份有限公司中和分公司,中和區,新北市中和區中正路1155號,其他,中和區中正路1155號
裕信汽車股份有限公司 中和展示間,中和區,新北市中和區中正路955號,其他,展示間
新北市政府警察局中和分局警備隊,中和區,新北市中和區民安街150號,其他,警備隊一樓
新北市政府警察局交通警察大隊中和分隊,中和區,新北市中和區民安街158號,其他,交通分隊一樓
新北市中和區積穗國民小學,中和區,新北市中和區員山路154號,學校、大型集會場所,會客室旁
及成企業股份有限公司,中和區,新北市中和區建二路111號,其他,警衛室
新北市立積穗國民中學,中和區,新北市中和區民安街66號,學校、大型集會場所,明道大樓1樓川堂
台灣松下電腦股份有限公司,中和區,新北市中和區員山路579號3棟3樓,其他,實裝製造工區走廊
台灣松下電腦股份有限公司,中和區,新北市中和區員山路579號3棟3樓,其他,製造區快樂廣場
艾克斯股份有限公司,中和區,新北市中和區新生街122號1樓及B1,學校、大型集會場所,B1大教室門外。
新北市私立員山老人長期照顧中心(養護型),中和區,新北市中和區員山路506號6樓,其他,護理站旁
皇家護理之家,中和區,新北市中和區中山路2段562號5樓,其他,護理站前
遠雄CASA社區,中和區,新北市中和區中原街100號,其他,3樓公共開放空間廊道
新北市政府警察局中和分局積穗派出所,中和區,新北市中和區員山路471號,其他,派出所一樓
新北市政府警察局婦幼警察隊,中和區,新北市中和區中正路1167號8樓,其他,婦幼警察隊
法務部調查局中和調查園區新建辦公大樓統包工程,中和區,新北市中和區福美路298號,其他,工務所一樓
復興停車場,中和區,新北市中和區復興路278號B1-B3,其他,地下一樓
新北市政府警察局中和分局景安派出所,中和區,新北市中和區復興路276號,其他,派出所一樓
遠雄香榭園,中和區,新北市中和區中原街18號1樓,其他,遠雄香榭園
美德耐雙和醫院商場,中和區,新北市中和區中正路291號B1,大型購物場所,雙和醫院B1美食街(葡吉包子專櫃旁)
遠雄豐河接待中心,中和區,新北市中和區中原街18號,大型購物場所,大門入口右側
財團法人陽光社會福利基金會附設陽光醫材中心,中和區,新北市中和區橋和路117號10樓,其他,大門後方
遠雄百富接待中心,中和區,新北市中和區中原二街30號4樓,其他,4F員工辦公室
新北市中和區復興國民小學,中和區,新北市中和區復興路301巷6號,學校、大型集會場所,警衛室裡面
新北市政府警察局中和分局錦和派出所,中和區,新北市中和區安邦街20號,其他,派出所一樓
新北市立漳和國民中學,中和區,新北市中和區廣福路39號,學校、大型集會場所,健康中心
新北市立漳和國民中學,中和區,新北市中和區廣福路39號,學校、大型集會場所,校門口警衛室
新北市中和區衛生所,中和區,新北市中和區南山路4巷3號,其他,中和區衛生所一樓門診區入口右側
新北市中和區中和國民小學,中和區,新北市中和區中和路100號,學校、大型集會場所,警衛室旁
新北市政府警察局中和分局中和派出所,中和區,新北市中和區中和路102-1號,其他,一樓進大門右側
彰化商業銀行中和分行,中和區,新北市中和區中和路182號,其他,一樓營業廳大門進入右側柱子旁
第一商業銀行中和分行,中和區,新北市中和區中山路二段152號,其他,大門進入右側書報夾旁
新北市政府警察局中和分局,中和區,新北市中和區圓通路30號,其他,分局一樓
中和區社區運動公園,中和區,新北市中和區錦和路350號,其他,管理中心前
達新壯股份有限公司(Hypercore超核心健身中心新北中和中山館),中和區,新北市中和區中山路二段122號B1?,學校、大型集會場所,有氧器材區
新北市政府警察局中和分局秀山派出所,中和區,新北市中和區成功路139號,其他,派出所一樓
新北市中和區自強國民小學,中和區,新北市中和區莒光路200號,學校、大型集會場所,國小部健康中心外面
新北市政府警察局中和分局國光派出所,中和區,新北市中和區莒光路168號,其他,派出所一樓
埔墘行有限公司,中和區,新北市中和區員山路502號4樓之1,其他,女廁前
新北市中和區光復國民小學,中和區,新北市中和區光環路二段1號,學校、大型集會場所,學務處前
新北市中和區光復國民小學,中和區,新北市中和區光環路二段1號,學校、大型集會場所,司令台後方
全真概念健康事業股份有限公司中和分館,中和區,新北市中和區中山路二段291號8-9樓,學校、大型集會場所,9樓樓梯口右手邊
怡和醫院,中和區,新北市中和區連城路49號,其他,進入門口右前方
好市多股份有限公司中和分公司,中和區,新北市中和區中山路二段347號2樓,大型購物場所,商品提貨區旁
新北市政府警察局刑事警察大隊,中和區,新北市中和區民安街176號,其他,1樓大廳
新北市政府警察局刑事警察大隊,中和區,新北市中和區民安街176號,其他,6樓健身房外
新北市政府警察局勤務大樓,中和區,新北市中和區中正路1167號1樓,其他,一樓入口
裕信汽車股份有限公司 中和分公司,中和區,新北市中和區中山路二段594號,其他,客戶休息區
遠雄錸儷接待中心,中和區,新北市中和區中原街130號1樓,其他,遠雄錸儷
貿聯國際股份有限公司,中和區,新北市中和區建一路186號3樓,其他,展示區
第一商業銀行連城分行,中和區,新北市中和區連城路258號,其他,大門進入左側書報架旁
瓦城泰國料理 - 中和建一店,中和區,新北市中和區建一路179號,其他,瓦城中和建一店
瑞竣科技股份有限公司,中和區,新北市中和區建一路186號11樓-4,其他,員工休息區
潤泰全球股份有限公司中和分公司,中和區,新北市中和區中山路二段228號B1,大型購物場所,1F美商街殘障廁所旁壁面上
迪卡儂中和店,中和區,新北市中和區中山路二段228號1-3樓,大型購物場所,2樓服務台前
双捷晶華社區,中和區,新北市中和區景新街468號,其他,一樓健身房
華夏科技大學,中和區,新北市中和區工專路111號,學校、大型集會場所,華夏科技大學
根基營造股份有限公司-中和LG08案,中和區,新北市中和區員山路77巷13號對面根基工地,其他,本棟大樓，三樓工務所內
國立臺灣圖書館,中和區,新北市中和區中安街85號,大型休閒場所,國立臺灣圖書館
香港商世界健身事業有限公司中和分公司,中和區,新北市中和區中山路三段35-3號一樓,學校、大型集會場所,1樓大廳門口櫃檯左前方
新北市政府環境保護局中和區清潔隊資源回收場,中和區,新北市中和區圓通路435號之1,其他,辦公室內
新北市政府環境保護局中和區清潔隊停車場,中和區,新北市中和區和城路一段271巷1號,其他,員工休息室內
健身工廠中和廠,中和區,新北市中和區景平路188號4樓,學校、大型集會場所,健身房入口處牆面上方
新北市立自強國民中學,中和區,新北市中和區莒光路191號,學校、大型集會場所,警衛室
國都汽車股份有限公司中和服務廠,中和區,新北市中和區健康路70號,其他,服務廠客休室
新北市中和國民運動中心,中和區,新北市中和區錦和路350之1號,學校、大型集會場所,游泳館1樓
新北市中和國民運動中心,中和區,新北市中和區錦和路350之1號,學校、大型集會場所,主場館2樓
新北市中和國民運動中心,中和區,新北市中和區錦和路350之1號,學校、大型集會場所,主場館4樓
新北市南山高級中學,中和區,新北市中和區廣福路41號,學校、大型集會場所,南工門學務處
新北市南山高級中學,中和區,新北市中和區廣福路41號,學校、大型集會場所,健康中心門口
新北市中和區錦和國民小學,中和區,新北市中和區圓通路292號,學校、大型集會場所,警衛室
新北市政府警察局中和分局員山派出所,中和區,新北市中和區員山路235巷1號,其他,員山派出所一樓
皇昌營造中和安邦段青年社會住宅新建統包工程,中和區,新北市中和區連城路142號,其他,工務所1樓走道中間
新北市中和區興南國民小學,中和區,新北市中和區興南路一段135巷24號,學校、大型集會場所,健康中心外
新北市私立竹林高級中學,中和區,新北市中和區華新街143巷12號,學校、大型集會場所,警衛室旁會客室
新北市中和區秀山國民小學,中和區,新北市中和區立人街2號,學校、大型集會場所,勤學樓後棟123教室
大潤發流通事業股份有限公司中和分公司,中和區,新北市中和區景平路182號B1,大型購物場所,大潤發股份有限公司中和分公司B2入口右邊服務中心
新北市立圖書館中和分館,中和區,新北市中和區南山路236號6、7樓,大型休閒場所,新北市立圖書館中和分館6樓
CURVES女性30分鐘環狀運動中和員山店,中和區,新北市中和區新北市中和區中山路二段585號4樓,學校、大型集會場所,店鋪入口處
臺北醫學大學雙和校區,中和區,新北市中和區圓通路301號,學校、大型集會場所,教學研究大樓四樓大廳
臺北醫學大學雙和校區,中和區,新北市中和區圓通路301號,學校、大型集會場所,生醫大樓9樓電梯廳
國都L中和廠,中和區,新北市中和區中山路2段546號,其他,服務廠客休室
慈濟雙和聯絡處,中和區,新北市中和區中山路三段41號,其他,值班櫃臺旁
新北市私立尚承護理之家,五股區,新北市五股區成泰路四段10號3樓之1,其他,大門入口左轉護理站旁
新北市五股區衛生所,五股區,新北市五股區新城三路11號,其他,五股區衛生所
新北市五股區成州國民小學,五股區,新北市五股區成泰路三段493號,學校、大型集會場所,人會室走廊
富弘家電股份有限公司,五股區,新北市五股區五權六路11號,其他,辦公室外
新北市政府環境保護局蘆洲區清潔隊(廚餘場),五股區,新北市五股區疏洪六路往5號越堤道,其他,辦公室打卡機斜前方
新北市勞工活動中心,五股區,新北市五股區新北市五股區五工六路9號,其他,新北市勞工活動中心
台灣善美的生鮮處理中心五股PC廠,五股區,新北市五股區五工六路35號,其他,4F保健室外
第一商業銀行五股分行,五股區,新北市五股區四維路90號,其他,大門入口處左側
新北市政府警察局蘆洲分局德音派出所,五股區,新北市五股區水碓二路1號,其他,一樓大廳
台灣善美的股份有限公司五股DC廠,五股區,新北市五股區工商路128號,其他,A棟休息室
開山凌雲寺,五股區,新北市五股區凌雲路三段57號,其他,公廁旁
新北市政府警察局蘆洲分局成州派出所,五股區,新北市五股區新五路3段342號,其他,1樓所內後方第二辦公室
新北市立五股國民中學,五股區,新北市五股區成泰路二段49巷15號,學校、大型集會場所,體育組門口
新北市政府警察局蘆洲分局五股分駐所,五股區,新北市五股區中興路四段67號,其他,五股分駐所1樓第二辦公室
新北市五股區五股國民小學,五股區,新北市五股區成泰路二段49號,學校、大型集會場所,教務處前
誼成生物科技股份有限公司準休閒農場分公司,五股區,新北市五股區新五路二段70號,觀光旅遊地區,童話屋(辦公室)
新北市五股國民運動中心,五股區,新北市五股區成泰路三段296號,大型休閒場所,1F游泳池
新北市立圖書館五股分館,五股區,新北市五股區工商路1號3-4樓,大型休閒場所,3樓圖書館
新北市立圖書館五股成功分館,五股區,新北市五股區西雲路165號五樓,大型休閒場所,五樓成功圖書館
儒億科技股份有限公司台北廠區,五股區,新北市五股區五權五路13號,其他,一樓大門入口右側
新北市工商展覽中心,五股區,新北市五股區五權路1號,其他,大廳入口處
新北市愛樂發展中心,五股區,新北市五股區五權路七巷6號1樓,其他,會議室
新北市政府警察局蘆洲分局更寮派出所,五股區,新北市五股區中興路二段147號,其他,更寮派出所
春保森拉天時鎢鋼合金股份有限公司五股廠,五股區,新北市五股區五工六路45號,其他,進入大門右前方
勞動力發展署北基宜花金馬分署五股訓練場,五股區,新北市五股區五工五路47號一樓,學校、大型集會場所,五工五路47號五樓A503
觀音山硬漢嶺(亞洲形上觀音山揹水隊捐贈),五股區,新北市五股區 ,其他,觀音山硬漢嶺(亞洲形上觀音山揹水隊捐贈)
觀音山弱者俱樂部(亞洲形上觀音山揹水隊捐贈),五股區,新北市五股區 ,其他,觀音山弱者俱樂部(亞洲形上觀音山揹水隊捐贈)
觀音山小觀音奉茶處(亞洲形上觀音山揹水隊捐贈),五股區,新北市五股區 ,其他,觀音山小觀音奉茶處(亞洲形上觀音山揹水隊捐贈)
觀音山碧瑤山莊處(亞洲形上觀音山揹水隊捐贈),五股區,新北市五股區 ,其他,觀音山碧瑤山莊處(亞洲形上觀音山揹水隊捐贈)
觀音山牛港稜涼亭(亞洲形上觀音山揹水隊捐贈),五股區,新北市五股區 ,其他,觀音山牛港稜涼亭(亞洲形上觀音山揹水隊捐贈)
觀音山凌雲禪寺往尖山步道處(亞洲形上觀音山揹水隊捐贈),五股區,新北市五股區 ,其他,觀音山凌雲禪寺往尖山步道處(亞洲形上觀音山揹水隊捐贈)
觀音山尖山涼亭處(亞洲形上觀音山揹水隊捐贈),五股區,新北市五股區 ,其他,觀音山尖山涼亭處(亞洲形上觀音山揹水隊捐贈)
觀音山停機坪旁涼亭(亞洲形上觀音山揹水隊捐贈),五股區,新北市五股區 ,其他,觀音山停機坪旁涼亭(亞洲形上觀音山揹水隊捐贈)
觀音山五股遊客中心(亞洲形上觀音山揹水隊捐贈),五股區,新北市五股區 ,觀光旅遊地區,觀音山五股遊客中心(亞洲形上觀音山揹水隊捐贈)觀音山五股遊客中心(亞洲形上觀音山揹水隊捐贈)
新北市五股區公所,五股區,新北市五股區中興路四段50號,其他,服務台對面
新北市五股區公有零售市場,五股區,新北市五股區工商路3號,大型購物場所,一樓飲食區旁
新北市政府環境保護局蘆洲區清潔隊,五股區,新北市五股區中興路3段與成泰路一段98巷口,其他,蘆洲區清潔隊資收場
新北市五股區德音國民小學,五股區,新北市五股區明德路2號,學校、大型集會場所,大門穿堂右側
新北市五股區更寮國民小學,五股區,新北市五股區四維路2號,學校、大型集會場所,健康中心
新北市政府環境保護局五股區清潔隊,五股區,新北市五股區中興路2段83巷26之5號,其他,員工休息室左門
新北市平溪區公所,平溪區,新北市平溪區平溪街45號,其他,新北市平溪區公所
新北市立平溪國民中學,平溪區,新北市平溪區靜安路2段295號,學校、大型集會場所,健康中心門口
新北市平溪十分公共托老中心,平溪區,新北市平溪區十分里十分街66巷1號,其他,新北市平溪十分公共托老中心
新北市平溪區菁桐國民小學,平溪區,新北市平溪區菁桐街45號,學校、大型集會場所,警衛室門口
新北市平溪區衛生所,平溪區,新北市平溪區公園街17號,其他,衛生所入口
新北市平溪區平溪國民小學,平溪區,新北市平溪區平溪街56號,學校、大型集會場所,健康中心走廊
新北市平溪區平溪國民小學,平溪區,新北市平溪區平溪街56號,學校、大型集會場所,健康中心前面走廊
新北市政府警察局瑞芳分局平溪分駐所,平溪區,新北市平溪區平溪街43號,其他,1樓副所長室門口
菁桐礦業生活館,平溪區,新北市平溪區菁桐街115-117號,其他,菁桐礦業生活館展示館1樓
新北市政府警察局瑞芳分局十分派出所,平溪區,新北市平溪區十分街283號,其他,進大門值班台右側
新北市平溪區十分國民小學,平溪區,新北市平溪區十分街157號,學校、大型集會場所,警衛室前樓梯口
新北市立圖書館平溪分館,平溪區,新北市平溪區公園街17號3樓,大型休閒場所,本館一般閱讀區
十分遊客中心,平溪區,新北市平溪區南山坪136號,觀光旅遊地區,十分遊客中心服務櫃臺
新北市政府環境保護局平溪區清潔隊,平溪區,新北市平溪區石筍尖18號附近屠宰場莊敬橋附近,其他,資收場休息室內
新北市政府警察局瑞芳分局東勢格派出所,平溪區,新北市平溪區東勢格1號,其他,一樓值班台後方
新北市私立及人國民小學,永和區,新北市永和區文化路172號,學校、大型集會場所,紫光樓一樓健康中心
新北市永和國父紀念館,永和區,新北市永和區竹林路202號,其他,一樓館內進門
臺北捷運頂溪站O04,永和區,新北市永和區永和路二段168號,交通要衝,臺北捷運頂溪站O04詢問處附近
新北市政府環境保護局永和區清潔隊資源回收場,永和區,新北市永和區保生路55-3號,其他,辦公室
世樺牙醫診所,永和區,新北市永和區永和路1段154號1樓,其他,診所內候診區
新北市永和區永安公有零售市場,永和區,新北市永和區安樂路431號,其他,市場1樓辦公室旁
新北市永和區溪洲公有零售市場,永和區,新北市永和區勵行街42-1號,其他,市場1樓側門旁
打鐵健身房永和店,永和區,新北市永和區永和路二段209號B1,學校、大型集會場所,B1辦公室門口處
新北市永和國民運動中心,永和區,新北市永和區永利路250號,學校、大型集會場所,1F電梯口左前方
新北市永和國民運動中心,永和區,新北市永和區永利路250號,學校、大型集會場所,4F電梯口左前方
新北市立永平高級中學,永和區,新北市永和區永平路205號,學校、大型集會場所,保健室
香港商世界健身事業有限公司永和分公司,永和區,新北市永和區仁愛路309號B1,學校、大型集會場所,客服櫃檯旁
新北市永和區永和國民小學,永和區,新北市永和區秀朗路1段120號,學校、大型集會場所,至善樓1樓
新北市政府警察局永和分局中正橋派出所,永和區,新北市永和區永和路2段303號,其他,派出所一樓
新北市政府警察局永和分局新生派出所,永和區,新北市永和區仁愛路187號,其他,新北市政府警察局永和分局新生派出所
新北市政府警察局永和分局新生派出所,永和區,新北市永和區仁愛路187號,其他,派出所一樓
新北市政府警察局永和分局交通分隊,永和區,新北市永和區新生路36號,其他,分隊二樓
鴻源汽車股份有限公司永和分公司,永和區,新北市永和區成功路1段80號,其他,永和區成功 路1段80號
新北市立圖書館永和分館,永和區,新北市永和區國光路2號,大型休閒場所,1樓櫃台左前方
新北市政府警察局永和分局永和派出所,永和區,新北市永和區安樂路344號,其他,進大門入口左側文書整理區印表機旁
CURVES女性30分鐘環狀運動永和福合店,永和區,新北市永和區中正路608號4F,學校、大型集會場所,運動圓弧區
柯達大飯店股份有限公司永和分公司,永和區,新北市永和區永和路一段103號,旅宿場所,一樓大庭
新北市私立竹林國民小學,永和區,新北市永和區竹林路34號,學校、大型集會場所,辦公室門口
新北市政府警察局永和分局秀朗派出所,永和區,新北市永和區永利路322巷29號,其他,派出所一樓
原動力PowerForceFitness,永和區,新北市永和區永和路一段156號B1,學校、大型集會場所,人臉辨識閘口
新北市私立復興高級商工職業學校,永和區,新北市永和區秀朗路一段201號,學校、大型集會場所,西側門口會客室(警衛室)內
前勁體能訓練中心-永安店,永和區,新北市永和區中和路519巷6號B1,學校、大型集會場所,入門右側
新北市立圖書館永和保生分館,永和區,新北市永和區新生路218號5樓,大型休閒場所,新北市永和區新生路218號5樓訊檢索區旁
瓦城永和店,永和區,新北市永和區永和路二段116號,其他,瓦城永和店
新北市永和區秀朗國民小學,永和區,新北市永和區得和路202號,學校、大型集會場所,7號門穿堂
智光學校財團法人新北市智光高級商工職業學校,永和區,新北市永和區中正路100號,學校、大型集會場所,健康中心門內
新北市政府警察局永和分局得和派出所,永和區,新北市永和區民權路51號,其他,派出所一樓
遠百企業股份有限公司永和分公司,永和區,新北市永和區民生路46巷46號B1,大型購物場所,B1客服中心
新北市立圖書館永和民權分館,永和區,新北市永和區民權路60號7樓,大型休閒場所,新北市永和區民權路60號7樓
新北市永和區衛生所,永和區,新北市永和區秀朗路一段137號,其他,衛生所大廳
新北市政府警察局永和分局,永和區,新北市永和區竹林路198號,其他,分局一樓
台北菠爾社區,永和區,新北市永和區環河西路二段187號,其他,B1管理中心大門左前方
比漾廣場 (豐東興業股份有限公司),永和區,新北市永和區中山路一段238號,大型購物場所,B2F
財團法人世界宗教博物館發展基金會附設台北館,永和區,新北市永和區中山路1段236號7樓,觀光旅遊地區,財團法人世界宗教博物館發展基金會附設台北館
香港商世界健身事業有限公司永和民權分公司,永和區,新北市永和區民權路53號B1,學校、大型集會場所,健身中心大門入口處
柏文健康事業股份有限公司永和分公司,永和區,新北市永和區福和路103號B1,其他,柏文健康事業股份有限公司永和分公司
新北市永和區網溪國民小學,永和區,新北市永和區竹林路79號,學校、大型集會場所,活力館一樓
永和綠光河岸公園,永和區,新北市永和區光河岸停車場票亭,其他,停車場票亭
新北市立永平高級中學,永和區,新北市永和區永平路205號,學校、大型集會場所,警衛室
新北市私立育才國民小學,永和區,新北市永和區新北市永和區福和路125巷20號,學校、大型集會場所,學務處前走廊
新北市立永和國民中學,永和區,新北市永和區國中路111號,學校、大型集會場所,衛生組門口
新北市永和區永平國民小學,永和區,新北市永和區保生路25號,學校、大型集會場所,永平國小二聖樓一樓
新北市永和區永平國民小學,永和區,新北市永和區保生路25號,學校、大型集會場所,永平國小活動中心一樓
國都汽車股份有限公司北永和服務廠,永和區,新北市永和區保生路55號,其他,服務廠展間
新北市永和區公所,永和區,新北市永和區竹林路200號,其他,社會人文課28號櫃檯前方
新北市永和區公所,永和區,新北市永和區竹林路200號,其他,新北市永和區竹林路200號4樓
新北市立福和國民中學,永和區,新北市永和區永利路71號,學校、大型集會場所,游泳池
新北市永和區網溪國民小學,永和區,新北市永和區竹林路79號,學校、大型集會場所,迎曦樓1樓健康中心旁
新北市永和區頂溪國民小學,永和區,新北市永和區文化路133號,學校、大型集會場所,學校入口警衛室
新北市永和區頂溪國民小學,永和區,新北市永和區文化路133號,學校、大型集會場所,健康中心
新北市永和區永安公有零售市場,永和區,新北市永和區安樂路431號,其他,安樂路431號
新北市石門區乾華國民小學,石門區,新北市石門區茂林社區74號,學校、大型集會場所,本校1樓川堂
新北市石門區公所,石門區,新北市石門區尖鹿里中山路66號,其他,行政大樓入口右側
交通部觀光局北海岸及觀音山國家風景區管理處-白沙灣救生站,石門區,新北市石門區德茂里下員坑33-6號,觀光旅遊地區,白沙灣救生站
新北市石門區衛生所,石門區,新北市石門區中山路28-1號,其他,一樓櫃台前面
長盛育樂股份有限公司(濱海高爾夫球場),石門區,新北市石門區尖鹿里尖子鹿路10號,其他,會館大廳大門右側
新北市立老梅實驗小學,石門區,新北市石門區老梅路10號,學校、大型集會場所,一心樓一樓打擊教室前
新北市石門區石門國民小學,石門區,新北市石門區尖鹿里中央路9號,學校、大型集會場所,穿堂
新北市立石門實驗國民中學,石門區,新北市石門區中央路1-9號,學校、大型集會場所,中央穿堂
新北市政府警察局金山分局乾華派出所,石門區,新北市石門區阿里荖14-1號,其他,新北市政府警察局金山分局乾華派出所一樓
富基漁港魚產品銷售中心,石門區,新北市石門區楓林15-16號,其他,富基漁港遊客服務中心
阿里磅生態休閒農場,石門區,新北市石門區阿里磅82-1號,觀光旅遊地區,辦公室
新北市石門區石門國民小學,石門區,新北市石門區尖鹿里中央路9號,學校、大型集會場所,川堂
新北市立圖書館石門分館,石門區,新北市石門區尖鹿里中央路9-3號2樓,大型休閒場所,新北市立圖書館-石門分館2樓
新北市政府環境保護局石門區清潔隊,石門區,新北市石門區中山路66號,其他,石門區清潔隊調度室
新北市石碇區公所,石碇區,新北市石碇區潭邊里碇坪路一段37號,其他,進入公所1樓大門右側柱子上
新北市石碇區石碇國民小學,石碇區,新北市石碇區石碇西街15號,學校、大型集會場所,行政辦公室
新北市政府警察局新店分局中民派出所,石碇區,新北市石碇區靜安路一段236號,其他,進大門右側值班台旁
新北市石碇區永定國民小學,石碇區,新北市石碇區靜安路一段245號,學校、大型集會場所,健康中心門口走廊
新北市政府警察局新店分局豐田派出所,石碇區,新北市石碇區碇坪路2段22號,其他,值勤台後方
新北市政府警察局新店分局石碇分駐所,石碇區,新北市石碇區碇坪路一段79號,其他,新北市政府警察局新店分局石碇分駐所值班台旁
新北巿立石碇高級中學,石碇區,新北市石碇區隆盛里八分寮45號,學校、大型集會場所,至樸樓健康中心門口
新北巿立石碇高級中學,石碇區,新北市石碇區隆盛里八分寮45號,學校、大型集會場所,3號門警衛室內
新北市政府警察局新店分局楓子林派出所,石碇區,新北市石碇區豐林里楓子林32號,其他,1樓進大門右側
新北市石碇區和平國民小學,石碇區,新北市石碇區靜安路一段5號,學校、大型集會場所,校長室門口
新北市政府環境保護局石碇區清潔隊,石碇區,新北市石碇區潭邊里小粗坑9號上方200公尺處,其他,停車場休息室
高速公路局石碇服務區,石碇區,新北市石碇區文山路一段6號,交通要衝,服務台旁
新北市石碇區雲海國民小學,石碇區,新北市石碇區北宜路五段坑內巷1號,學校、大型集會場所,一樓體育教室前
新北市政府警察局新店分局碧山派出所,石碇區,新北市石碇區北宜路五段42號,其他,值班台左側
華梵大學,石碇區,新北市石碇區華梵路1號,學校、大型集會場所,民先館一樓
華梵大學,石碇區,新北市石碇區華梵路1號,學校、大型集會場所,體育館
華梵大學,石碇區,新北市石碇區華梵路1號,學校、大型集會場所,警衛室
華梵大學,石碇區,新北市石碇區華梵路1號,學校、大型集會場所,統理館
華梵大學,石碇區,新北市石碇區華梵路1號,學校、大型集會場所,明月樓
新北市立圖書館石碇分館,石碇區,新北市石碇區潭邊里碇坪路一段65號,大型休閒場所,石碇分館
新北市石碇區衛生所,石碇區,新北市石碇區潭邊里碇坪路1段82號,其他,大廳入口處
新北市汐止區農會白雲辦事處,汐止區,新北市汐止區力行街5號,其他,進門營業廳左手邊牆面上
新北市汐止忠厚公共托育中心,汐止區,新北市汐止區樟樹一路137巷26號2樓,其他,門口
新北市汐止地政事務所,汐止區,新北市汐止區新台五路一段262號,其他,本所一樓大廳
新北市立圖書館汐止江北分館,汐止區,新北市汐止區汐萬路一段81號2樓,大型休閒場所,入門口左上方
品傳房屋仲介有限公司,汐止區,新北市汐止區連興街69號,其他,店左側玻璃騎樓下
新北市汐止區農會橫科辦事處,汐止區,新北市汐止區宜興街26號,其他,進門營業廳左手邊牆面上
新北市汐止區農會社后辦事處,汐止區,新北市汐止區康寧街412號,其他,進門營業廳左手邊牆面上
新北市汐止區公所,汐止區,新北市汐止區新台五路一段268號,其他,1樓哺乳室門口
新北市立樟樹國際實創高級中等學校,汐止區,新北市汐止區樟樹二路135號,學校、大型集會場所,樟樹實中會客室
宏正自動科技股份有限公司(汐萬廠),汐止區,新北市汐止區新江北路30巷20號,其他,1樓大廳
臺灣土地銀行汐止分行,汐止區,新北市汐止區大同路一段306之3號,其他,1樓營業廳
東科大樓管理委員會,汐止區,新北市汐止區新台五路一段90-116號,其他,一樓服務台
新北市汐止區金龍公有零售市場,汐止區,新北市汐止區中興路250號,其他,市場1樓管理室
新北市汐止區林森攤集場,汐止區,新北市汐止區汐止國道高速公路高架橋下（15K+265至15K+397處）,其他,市場管理室
新北市汐止區忠厚公有零售市場,汐止區,新北市汐止區樟樹一路137巷26號,其他,市場1樓共食區旁
新北市汐止國民運動中心,汐止區,新北市汐止區汐科路321號,學校、大型集會場所,5F體適能中心
新北市汐止國民運動中心,汐止區,新北市汐止區汐科路321號,學校、大型集會場所,泳池救生員室
新北市政府警察局汐止分局橫科派出所,汐止區,新北市汐止區民權街2段87號,其他,新北市政府警察局汐止分局橫科派出所
新北市汐止區白雲國民小學,汐止區,新北市汐止區民權街2段90號,學校、大型集會場所,新北市白雲國民小學警衛室
新北市汐止區綜合運動場,汐止區,新北市汐止區忠孝東路9號,學校、大型集會場所,新北市汐止運動場主建物看台棟
新北市汐止區衛生所,汐止區,新北市汐止區新台五路一段266號,其他,一樓入口處右邊
新北市政府警察局汐止分局汐止派出所,汐止區,新北市汐止區民生街1號,其他,汐止分局汐止派出所
交通部臺灣鐵路管理局臺北運務段汐止站,汐止區,新北市汐止區信望里信義路1號,交通要衝,汐止站2樓售票處
新北市立圖書館汐止分館,汐止區,新北市汐止區新台五路一段268號5樓,大型休閒場所,新北市立圖書館汐止分館
新北市政府警察局汐止分局東山派出所,汐止區,新北市汐止區汐平路二段68號,其他,汐止分局東山派出所
富士大飯店股份有限公司,汐止區,新北市汐止區大同路一段128號,旅宿場所,一樓大廳
新北市立圖書館汐止大同分館,汐止區,新北市汐止區大同路2段451號1樓,大型休閒場所,1樓櫃台前
新北市政府環境保護局汐止區清潔隊,汐止區,新北市汐止區康寧街901號,其他,新北市政府環境保護局汐止區清潔隊
新北市立圖書館汐止江北分館,汐止區,新北市汐止區汐萬路一段81號2樓,大型休閒場所,新北市立圖書館汐止江北分館
新北市政府警察局汐止分局長青派出所,汐止區,新北市汐止區長青路188巷1之1號,其他,新北市政府警察局汐止分局長青派出所
新北市汐止區北港國民小學,汐止區,新北市汐止區汐萬路2段279號,學校、大型集會場所,211藝文教室
新北市政府警察局汐止分局烘內派出所,汐止區,新北市汐止區汐萬路2段230號,其他,汐止分局烘內派出所
明園山莊公寓大廈管理委員會,汐止區,新北市汐止區汐萬路二段66巷1號,其他,警衛室
第一商業銀行汐止分行,汐止區,新北市汐止區大同路一段280號,其他,大門進入左側靠牆壁
裕信汽車股份有限公司 汐止展示間,汐止區,新北市汐止區大同區一段199號,其他,展示間
新北市汐止區秀峰國民小學,汐止區,新北市汐止區仁愛路90號,學校、大型集會場所,穿堂
香港商世界健身事業有限公司汐止分公司,汐止區,新北市汐止區中興路168號2樓,學校、大型集會場所,客服櫃檯前方二樓往三樓手扶梯旁
新北市汐止區北峰國民小學,汐止區,新北市汐止區環河街1號,學校、大型集會場所,健康中心辦公室內
新北市政府警察局汐止分局社后派出所,汐止區,新北市汐止區中興路108號,其他,新北市政府警察局汐止分局社后派出所
艾訊股份有限公司,汐止區,新北市汐止區環河街100號,其他,一樓茶水間
財團法人生物技術開發中心,汐止區,新北市汐止區康寧街169巷101號,其他,一樓大廳
家樂福汐止店,汐止區,新北市汐止區新台五路一段108號B1,大型購物場所,B1收銀20號機檯旁
家福股份有限公司汐科分公司,汐止區,新北市汐止區新台五路一段99號B1(家樂福),大型購物場所,B1收銀線
iFG遠雄購物中心,汐止區,新北市汐止區新台五路一段99號,大型購物場所,3樓服務台
宜鼎國際股份有限公司,汐止區,新北市汐止區大同路一段237號5F,其他,5樓櫃台旁
好市多股份有限公司汐止分公司,汐止區,新北市汐止區大同路一段158號,大型購物場所,1樓員休室樓梯口(育嬰室旁)
全真概念健康事業股份有限公司-汐止分公司,汐止區,新北市汐止區新台五路一段93號4樓,學校、大型集會場所,瑜珈教室旁
新北市政府警察局汐止分局(含交通分隊),汐止區,新北市汐止區大同路2段459號,其他,一樓正門入口
裕信汽車股份有限公司 汐止分公司,汐止區,新北市汐止區大同路一段154-5號,其他,客戶休息區
新北市汐止區崇德國民小學,汐止區,新北市汐止區茄苳路158號,學校、大型集會場所,崇德國小穿堂
新北市私立崇義高級中學,汐止區,新北市汐止區大同路三段68號,學校、大型集會場所,學校川堂會議室
新北市汐止區保長國民小學,汐止區,新北市汐止區大同路三段553號,學校、大型集會場所,木棉樓一樓廣場
新北市政府警察局汐止分局長安派出所,汐止區,新北市汐止區大同路3段99號,其他,1樓入口處右方(於值班台前側)
北都汽車股份有限公司汐止服務廠,汐止區,新北市汐止區大同路3段110號,其他,1樓客休室
鮮享股份有限公司,汐止區,新北市汐止區大同路一段276號6樓,其他,大門左前方
宏正自動科技股份有限公司,汐止區,新北市汐止區大同路二段125號3樓,其他,3樓大廳
新北市汐止國民運動中心,汐止區,新北市汐止區汐科路321號,學校、大型集會場所,2樓大門口
新北市汐止區金龍國民小學,汐止區,新北市汐止區明峰街201號,學校、大型集會場所,前穿堂
汐止區湖光市民活動中心,汐止區,新北市汐止區康寧街520號之1,其他,汐止區湖光市民活動中心
汐止區興福市民活動中心,汐止區,新北市汐止區福德一路141巷50、52號,其他,汐止區興福市民活動中心
汐止區宜興東勢市民活動中心,汐止區,新北市汐止區東勢街15號之1,其他,汐止區宜興東勢市民活動中心
新北市汐止區汐止國民小學,汐止區,新北市汐止區大同路二段313號,學校、大型集會場所,本校警衛室
緯創軟體股份有限公司(汐止總部),汐止區,新北市汐止區新台五1段93號32樓,其他,緯創軟體汐止總部
Curves女性30分鐘環狀運動汐止中興店,汐止區,新北市汐止區中興路89號2樓,學校、大型集會場所,服務櫃台旁
萬達一品社區管理委員會,汐止區,新北市汐止區仁愛路329-339號,其他,1F大廳
新北市立汐止國民中學,汐止區,新北市汐止區大同路2段394號,學校、大型集會場所,健康中心
新北市立秀峰高級中學,汐止區,新北市汐止區忠孝東路201號,學校、大型集會場所,健康中心外
新北市汐止區農會中正辦事處,汐止區,新北市汐止區中正路106號2樓,其他,二樓進門營業廳左手邊牆面上
新北市汐止區農會信用部,汐止區,新北市汐止區新台五路一段207號,其他,營業廳左手邊牆面上
新北市汐止區樟樹國民小學,汐止區,新北市汐止區樟樹一路141巷2號,學校、大型集會場所,健康中心
新北市汐止區農會大新辦事處,汐止區,新北市汐止區忠孝東路240號,其他,進門營業廳左手邊牆面上
新北市汐止區農會休閒中心,汐止區,新北市汐止區汐萬路三段246號,其他,進門營業廳右手邊牆面上
新北市汐止區農會樟樹辦事處,汐止區,新北市汐止區樟樹一路156號,其他,進大門右手邊牆面上
新北市汐止區農會附設幼兒園,汐止區,新北市汐止區長江街39巷26號,其他,入園後右手邊牆面上
新北市汐止區農會大同辦事處,汐止區,新北市汐止區建成路78號,其他,進門營業廳左手邊牆面上
新北市立青山國民中小學,汐止區,新北市汐止區莊敬街33號,學校、大型集會場所,1樓斜坡上(右前方柱子)
新北市汐止區農會中興辦事處,汐止區,新北市汐止區福德一路258號,其他,進門營業廳左手邊牆面上
新北市汐止區長安國民小學,汐止區,新北市汐止區長興街一段80號,學校、大型集會場所,校門口警衛室
新北市汐止區長安國民小學,汐止區,新北市汐止區長興街一段80號,學校、大型集會場所,健康中心
新北市汐止區中正市場,汐止區,新北市汐止區中正路206號,其他,市場2樓管理室神龕旁
新北市汐止區秀豐市場,汐止區,新北市汐止區汐止火車站旁台鐵橋下,其他,市場辦公室
新北市汐止區觀光夜市,汐止區,新北市汐止區水源路一段至新興路之台鐵橋下,其他,市場管理室
新北市坪林區公所,坪林區,新北市坪林區坪林街101號,其他,大門右側
新北市坪林區坪林國民小學,坪林區,新北市坪林區坪林街114號,學校、大型集會場所,新北市坪林區坪林國民小學警衛室(值勤室)
新北市坪林茶業博物館,坪林區,新北市坪林區水聳淒坑19-1號,大型休閒場所,新北市坪林茶業博物館
新北市立坪林實驗國民中學,坪林區,新北市坪林區國中路四號,學校、大型集會場所,健康中心
新北市坪林區衛生所,坪林區,新北市坪林區坪林街104號,其他,衛生所1樓
新北市政府警察局新店分局金溪派出所,坪林區,新北市坪林區粗窟里金瓜寮23-1號,其他,進大門左側
新北市政府警察局新店分局漁光派出所,坪林區,新北市坪林區大舌湖24號,其他,進大門左側
新北市政府警察局新店分局闊瀨派出所,坪林區,新北市坪林區漁光里坪雙路3段6號,其他,闊瀨派出所1樓辦公室
新北市立圖書館坪林分館,坪林區,新北市坪林區國中路3號,大型休閒場所,圖書館一樓
新北市坪林遊客中心,坪林區,新北市坪林區北宜路八段67號,其他,一樓大門入口右側
新北市政府警察局新店分局石嘈派出所,坪林區,新北市坪林區北宜路9段6號,其他,新北市政府警察局新店分局石嘈派出所
坪林區清潔隊,坪林區,新北市坪林區坪林區北宜路8段558號,其他,坪林區北宜路8段558號
AnytimeFitness板橋店,板橋區,新北市板橋區雙十路二段235號1樓,學校、大型集會場所,AnytimeFitness板橋店2F
板橋文化路郵局,板橋區,新北市板橋區文化路一段395號1樓,其他,1樓郵務營業廳
臺灣新北地方法院板橋院區,板橋區,新北市板橋區民生路1段30巷1號,學校、大型集會場所,前棟一樓
新北市政府警察局板橋分局沙崙派出所,板橋區,新北市板橋區溪北路111號,其他,值班台旁
新北市立溪崑國民中學,板橋區,新北市板橋區大觀路三段50巷30號,學校、大型集會場所,健康中心
新板藝廊,板橋區,新北市板橋區漢生東路166號3樓,大型休閒場所,新板藝廊3樓
新北市板橋區重慶國民小學,板橋區,新北市板橋區廣和街31號,學校、大型集會場所,重慶國小1樓川堂
新北市板橋區大觀國民小學,板橋區,新北市板橋區大觀路一段30號,學校、大型集會場所,健康中心門口
新北市板橋地政事務所,板橋區,新北市板橋區實踐路1號,其他,一樓大門入口右側
新北市文化局林本源園邸,板橋區,新北市板橋區新北市板橋區西門街9號,觀光旅遊地區,定靜堂
新北市板橋戶政事務所,板橋區,新北市板橋區中正路6號,其他,服務臺旁
國立臺灣藝術大學,板橋區,新北市板橋區大觀路一段59號,學校、大型集會場所,學生第一女宿舍
江翠國小地下停車場,板橋區,新北市板橋區文化路二段413號B1,其他,停車場B1管理室旁
亞東科技大學,板橋區,新北市板橋區四川路二段58號,學校、大型集會場所,亞東科技大學有庠大樓圖書館2樓
新北市果菜運銷股份有限公司板橋果菜批發市場,板橋區,新北市板橋區板城路1000號,其他,出口斜坡下
新北市果菜運銷股份有限公司板橋果菜批發市場,板橋區,新北市板橋區板城路1000號,其他,ATM門口旁
新北市板橋區信義國民小學,板橋區,新北市板橋區四川路二段 245 巷 60 號,學校、大型集會場所,行政大樓學務處外走廊
環球購物中心板橋店,板橋區,新北市板橋區縣民大道二段7號2樓,大型購物場所,環球購物中心板橋店2樓服務台旁
環球健身中心,板橋區,新北市板橋區縣民大道二段7號24樓,學校、大型集會場所,環球健身中心24樓
新北市政府警察局海山分局埔墘派出所,板橋區,新北市板橋區中山路2段286號,其他,派出所1樓(值班台正後方)
新北市政府警察局海山分局江翠派出所,板橋區,新北市板橋區吳鳳路50巷36號,其他,派出所1樓(值班台旁)
新北市政府警察局交通警察大隊海山分隊,板橋區,新北市板橋區民族路57號後棟1-3樓,其他,交通分隊1樓車處辦公室
新北市政府警察局海山分局新海派出所,板橋區,新北市板橋區英士路151號,其他,派出所1樓(受理民眾報案區)
新北市立江翠國民中學,板橋區,新北市板橋區松江街63號,學校、大型集會場所,江翠國中
新北市立圖書館江子翠分館,板橋區,新北市板橋區莊敬路62號,大型休閒場所,2樓入口右側
新北市藝文中心,板橋區,新北市板橋區莊敬路62號,大型休閒場所,藝文中心B1第三展覽室門口
新北市板橋區新埔國民小學,板橋區,新北市板橋區陽明街206號,學校、大型集會場所,新北市新埔國小警衛室
致理科技大學,板橋區,新北市板橋區文化路一段313號,學校、大型集會場所,人文大樓近左側1樓處
智慧財產及商業法院,板橋區,新北市板橋區縣民大道2段7號3樓,學校、大型集會場所,西側3樓第4、5法庭區，北2A門口進入上電梯至三
智慧財產及商業法院,板橋區,新北市板橋區縣民大道2段7號3樓,學校、大型集會場所,東側三樓訴訟輔導科，北1A門口進入上電梯至三樓
新北市政府警察局板橋分局大觀派出所,板橋區,新北市板橋區大觀路2段127號,其他,一樓值班台旁
新北市板橋區中山國民小學,板橋區,新北市板橋區大觀路二段59巷31號,學校、大型集會場所,行健樓一樓
新北市板橋區中山國民小學,板橋區,新北市板橋區大觀路二段59巷31號,學校、大型集會場所,警衛室後方左側柱子
新北市政府警察局交通警察大隊板橋分隊,板橋區,新北市板橋區區運路一號,其他,值班台旁
新北市立圖書館總館,板橋區,新北市板橋區貴興路139號1樓,大型休閒場所,5樓服務櫃台
新北市立光復高級中學,板橋區,新北市板橋區光環路一段7號,學校、大型集會場所,光復高中校門口警衛室內
新北市立光復高級中學,板橋區,新北市板橋區光環路一段7號,學校、大型集會場所,新北市立光復高級中學-化育樓一樓健康中心走廊
新北市政府警察局板橋分局信義派出所,板橋區,新北市板橋區廣權路28號,其他,駐地內民眾協調服務區
天主教光仁學校財團法人新北市光仁高級中學,板橋區,新北市板橋區中山路二段255巷18號,學校、大型集會場所,健康中心走廊
新北市政府警察局板橋分局後埔派出所,板橋區,新北市板橋區成都街22號,其他,一樓
合作金庫商業銀行-板橋分行,板橋區,新北市板橋區中正路330號,其他,1樓大廳
新北市板橋區黃石公有零售市場,板橋區,新北市板橋區宮口街37號,其他,市場公告欄旁
新北市板橋區湳興公有零售市場,板橋區,新北市板橋區中興路63號,其他,市場1樓樓梯旁
府中15場館,板橋區,新北市板橋區府中路15號,大型休閒場所,館舍4樓電梯口
國立華僑高級中等學校,板橋區,新北市板橋區大觀路一段32號,學校、大型集會場所,學校排球館門口
新北市板橋區公所,板橋區,新北市板橋區府中路30號,其他,1樓正門進入右側警衛桌旁
新北市板橋區調解委員會,板橋區,新北市板橋區文化路一段18號3樓,其他,入口處左側
板橋435藝文特區,板橋區,新北市板橋區中正路435號,觀光旅遊地區,服務臺
新北市立聯合醫院板橋院區,板橋區,新北市板橋區英士路198號,其他,9樓陽光學堂
板橋國中地下停車場,板橋區,新北市板橋區中正路437號.B1,學校、大型集會場所,停車場管理室
新北市溪南計程車服務中心,板橋區,新北市板橋區萬板路466號之1,其他,大門口旁
新北市政府殯葬管理處板橋殯儀館,板橋區,新北市板橋區中正路560號,學校、大型集會場所,殯儀館
新北市私立光華高級商業職業進修學校,板橋區,新北市板橋區南雅南路二段1號,學校、大型集會場所,圖書室
新北市政府環境保護局板橋區清潔隊,板橋區,新北市板橋區華東街1-7號,其他,會議室飲水機旁
國營臺灣鐵路股份有限公司北區營運處臺北運務段板橋站,板橋區,新北市板橋區縣民大道2段7號1樓,交通要衝,B1臺鐵東剪票口
國營臺灣鐵路股份有限公司北區營運處臺北運務段板橋站,板橋區,新北市板橋區縣民大道2段7號1樓,交通要衝,B2第2月台5車位置
好時光江翠樂園,板橋區,新北市板橋區雙十路三段9號,學校、大型集會場所,櫃台內
板橋區清潔隊保養班,板橋區,新北市板橋區溪城路90-2號(城林橋下),其他,辦公室對斜對面
板橋區清潔隊北區組,板橋區,新北市板橋區民生路二段36號-1,其他,正門建物左側
板橋區清潔隊巡查組,板橋區,新北市板橋區民生路二段56號之5,其他,門口左側
遠東百貨股份有限公司板橋新站分公司(板橋大遠百),板橋區,新北市板橋區新站路28號,大型購物場所,板橋大遠百1樓服務台旁
遠東百貨股份有限公司板橋新站分公司(板橋大遠百),板橋區,新北市板橋區新站路28號,大型購物場所,板橋大遠百B3停車場管理室內
遠東百貨股份有限公司板橋新站分公司(板橋大遠百),板橋區,新北市板橋區新站路28號,大型購物場所,板橋大遠百7樓贈品中心
板橋區清潔隊隊本部,板橋區,新北市板橋區實踐路3號1樓,其他,辦公室門口
板橋區清潔隊廚餘三班,板橋區,新北市板橋區華東街1-11號,其他,辦公室門側
板橋區清潔隊南區組,板橋區,新北市板橋區華東街1-8號,其他,辦公室門口側
板橋區清潔隊廚餘一二班,板橋區,新北市板橋區華東街1-7號,其他,辦公室門口側
臺北捷運板橋站BL07,板橋區,新北市板橋區站前路5號,交通要衝,B1通道層靠近桌球區
捷運環狀線板橋站Y16,板橋區,新北市板橋區新站路66號,交通要衝,捷運環狀線板橋站詢問處旁
捷運環狀線板新站Y15,板橋區,新北市板橋區板新路109號,交通要衝,捷運環狀線板新站詢問處旁
捷運環狀線新埔民生站Y17,板橋區,新北市板橋區民生路3段70號,交通要衝,捷運環狀線新埔民生站詢問處旁
展揚營造有限公司江翠工務所,板橋區,新北市板橋區華江八路(停車場對面工地),其他,工務所1樓辦公室
新北市板橋區莒光國民小學,板橋區,新北市板橋區莒光路163號,學校、大型集會場所,莒光國小學務處外廣播室門口
新北市立圖書館板橋四維分館,板橋區,新北市板橋區陽明街168號,大型休閒場所,本館一樓大廳
新北市政府勞動檢查處,板橋區,新北市板橋區華江一路216號1樓,其他,新北市政府勞動檢查處1樓大門入口右側
新北市板橋區文聖國民小學,板橋區,新北市板橋區文聖街86號,學校、大型集會場所,守衛室右側牆上
新北市藝文中心,板橋區,新北市板橋區莊敬路62號,大型休閒場所,演藝廳大廳男廁旁
香港商世界健身事業有限公司板橋雙十分公司,板橋區,新北市板橋區雙十路二段143號B1,學校、大型集會場所,B1飲料販賣機旁
揚生六○館-板橋館,板橋區,新北市板橋區文化路二段285號31樓,其他,六○館內
板橋區清潔隊車北班,板橋區,新北市板橋區民生路二段89-8號,交通要衝,板橋區清潔隊車北班
致理科技大學,板橋區,新北市板橋區文化路一段313號,學校、大型集會場所,學生宿舍左側門口
致理科技大學,板橋區,新北市板橋區文化路一段313號,學校、大型集會場所,行政(忠孝)大樓1樓軍訓室對面
新北市政府衛生局,板橋區,新北市板橋區英士路192-1號,其他,本局第一行政大樓1樓大廳
新北市板橋區文德國民小學,板橋區,新北市板橋區英士路179號,學校、大型集會場所,學校大門口警衛室
致理科技大學,板橋區,新北市板橋區文化路一段313號,學校、大型集會場所,健康中心
致理科技大學,板橋區,新北市板橋區文化路一段313號,學校、大型集會場所,誠信館4樓
致理科技大學,板橋區,新北市板橋區文化路一段313號,學校、大型集會場所,致理綜合教學大樓1樓靠左側
新北市板橋國民運動中心,板橋區,新北市板橋區智樂路6號,學校、大型集會場所,三樓體適能中心外
新北市板橋國民運動中心,板橋區,新北市板橋區智樂路6號,學校、大型集會場所,一樓泳池外
國立臺灣藝術大學,板橋區,新北市板橋區大觀路一段59號,學校、大型集會場所,音樂系長廊
國立臺灣藝術大學,板橋區,新北市板橋區大觀路一段59號,學校、大型集會場所,古蹟系辦公室前
新北市政府環境保護局直屬區清潔隊,板橋區,新北市板橋區文化路一段18號,其他,新北市政府環境保護局直屬隊大樓1樓
慈濟板橋園區,板橋區,新北市板橋區大觀路2段2650巷15號,其他,靜思堂門廳東面
板橋榮譽國民之家,板橋區,新北市板橋區大觀路2段32號,其他,長樂樓1樓大門進入右側
臺北市私立南華高中,板橋區,新北市板橋區國中路132巷11號3樓,學校、大型集會場所,南華高中
More Fit 江子翠店,板橋區,新北市板橋區雙十路三段31號3樓,學校、大型集會場所,訓練區
臺北捷運府中站BL06,板橋區,新北市板橋區縣民大道1段193號,交通要衝,捷運府中站B1層
臺北捷運板橋站BL07,板橋區,新北市板橋區站前路5號,交通要衝,板橋站B2層付費區靠近無線上網桌
臺北捷運新埔站BL08,板橋區,新北市板橋區民生路三段2號,交通要衝,新埔站B1層
臺北捷運江子翠站BL09,板橋區,新北市板橋區忠翠里9鄰文化路二段296號,交通要衝,江子翠站B1層
臺北捷運亞東醫院站BL05,板橋區,新北市板橋區南雅南路二段17號,交通要衝,捷運亞東醫院站B1層
新北市板橋區溪洲國民小學,板橋區,新北市板橋區金門街289號,學校、大型集會場所,校門內前庭處
新北市板樹體育館,板橋區,新北市板橋區溪城路90號,大型休閒場所,大門口入口左側
祥寶尊榮護理之家,板橋區,新北市板橋區大觀路三段236號6樓,其他,新北市板橋區大觀路三段236號6F
私立康達老人長期照顧中心(養護型),板橋區,新北市板橋區大觀路三段220巷22號2樓,其他,機構2樓辦公室
星翔游泳培訓有限公司,板橋區,新北市板橋區三民路2段35巷27號一樓游泳池,其他,進游泳池入口左手邊
新北市私立豫章高級工商職業學校,板橋區,新北市板橋區四川路一段391號,學校、大型集會場所,禮堂內製版室外
新北市板橋區實踐國民小學,板橋區,新北市板橋區實踐路93巷51號,學校、大型集會場所,健康中心外牆
新光人壽保險股份有限公司,板橋區,新北市板橋區中山路一段141號,其他,新板金融大樓8樓
新光人壽保險股份有限公司,板橋區,新北市板橋區中山路一段141號,其他,新板金融大樓9樓健康中心
新北市立圖書館總館,板橋區,新北市板橋區貴興路139號1樓,大型休閒場所,1樓大廳
新北市立圖書館板橋忠孝分館,板橋區,新北市板橋區國慶路149巷21弄16號3樓,大型休閒場所,板橋區國慶路149巷21弄16號3樓
新北市立重慶國民中學,板橋區,新北市板橋區國慶路221號,學校、大型集會場所,中央川堂
香港商世界健身事業有限公司板橋重慶分公司,板橋區,新北市板橋區重慶路247號B1,學校、大型集會場所,教練櫃台旁
海山護理之家,板橋區,新北市板橋區漢生東路163號4樓,其他,入口大廳
台北新板希爾頓酒店,板橋區,新北市板橋區民權路88號,旅宿場所,三樓圓滿廳外
台北新板希爾頓酒店,板橋區,新北市板橋區民權路88號,旅宿場所,二樓如意廳外
台北新板希爾頓酒店,板橋區,新北市板橋區民權路88號,旅宿場所,R樓健身房外
台北新板希爾頓酒店,板橋區,新北市板橋區民權路88號,旅宿場所,1F大廳櫃台右後方
誠品生活板橋店,板橋區,新北市板橋區中山路一段46號5樓,大型購物場所,新北市板橋區中山路一段46號5樓
新北市立板橋高級中學,板橋區,新北市板橋區文化路一段25號,學校、大型集會場所,本校智樓川堂
新北市板橋區大觀國民小學,板橋區,新北市板橋區大觀路一段30號,學校、大型集會場所,活力樓三樓平台電梯門口
新北市政府,板橋區,新北市板橋區中山路1段161號,其他,1樓大廳西側服務台
新北市政府,板橋區,新北市板橋區中山路1段161號,其他,6樓大禮堂外通廊
新北市政府,板橋區,新北市板橋區中山路1段161號,其他,29樓東側梯廳
新北市政府,板橋區,新北市板橋區中山路1段161號,其他,18樓東側梯廳
新北市政府,板橋區,新北市板橋區中山路1段161號,其他,24樓西側梯廳
新北市政府,板橋區,新北市板橋區中山路1段161號,其他,13樓西側梯廳
新北市政府,板橋區,新北市板橋區中山路1段161號,其他,8樓員工餐廳東側梯廳
新北市政府,板橋區,新北市板橋區中山路1段161號,其他,3樓多功能集會堂外通廊
香港商世界健身事業有限公司板橋中山分公司,板橋區,新北市板橋區中山路二段326號1樓,學校、大型集會場所,1樓大廳飲料機旁
第一商業銀行板橋分行,板橋區,新北市板橋區文化路一段329號,其他,大門進入左側
新北市板橋區埔墘國民小學,板橋區,新北市板橋區永豐街42-8號,學校、大型集會場所,警衛室
板橋第一運動場,板橋區,新北市板橋區新北市板橋區漢生東路278號1樓,大型休閒場所,1 樓運動設施科辦公室前
國都汽車股份有限公司北板橋服務廠,板橋區,新北市板橋區中山路2段427號,其他,服務廠客休室
雄獅鉛筆廠股份有限公司,板橋區,新北市板橋區中山路一段186號,其他,守衛室
板橋潤泰游泳池,板橋區,新北市板橋區三民路二段35巷31號,其他,游泳池入口門邊
新北市政府警察局海山分局文聖派出所,板橋區,新北市板橋區大同街14號,其他,派出所1樓(大門左側)
新北市政府警察局海山分局偵查隊,板橋區,新北市板橋區漢生東路195號4樓,其他,分局4樓偵查隊
家福有限公司台北板橋分公司,板橋區,新北市板橋區三民路二段31號B1,大型購物場所,收銀結帳機18號機
新北市立圖書館板橋分館,板橋區,新北市板橋區文化路23號,大型休閒場所,新北市立圖書館板橋分館一樓後方中間位置
板橋第二運動場 志工室前,板橋區,新北市板橋區民權路117號,大型休閒場所,板橋第二運動場-志工室前
板橋體育館,板橋區,新北市板橋區中正路8號,大型休閒場所,板橋體育館後門入口(靠中正路8號)
新北市立板橋國民中學,板橋區,新北市板橋區中正路437號,學校、大型集會場所,警衛室
新北市立板橋國民中學,板橋區,新北市板橋區中正路437號,學校、大型集會場所,體育館
新北市板橋區國光國民小學,板橋區,新北市板橋區中正路325巷30號,學校、大型集會場所,川堂
新北市板橋區國光國民小學,板橋區,新北市板橋區中正路325巷30號,學校、大型集會場所,健康中心
新北市政府警察局刑事警察大隊板橋偵查隊,板橋區,新北市板橋區文化路一段52號,其他,二樓樓梯口
新北市立板橋幼兒園本園,板橋區,新北市板橋區中正路375巷48號,其他,公共活動區域走廊
財政部北區國稅局板橋分局,板橋區,新北市板橋區文化路一段48號,其他,一樓
國立華僑高級中等學校,板橋區,新北市板橋區大觀路一段32號,學校、大型集會場所,國立華僑高中健康中心
新北市板橋區板橋國民小學,板橋區,新北市板橋區文化路一段23號,學校、大型集會場所,健康中心前
新北市板橋區板橋國民小學,板橋區,新北市板橋區文化路一段23號,學校、大型集會場所,活動中心1樓
新北市政府警察局板橋分局板橋派出所,板橋區,新北市板橋區北門街17號,其他,派出所1樓志工服務台旁
台北新板希爾頓酒店,板橋區,新北市板橋區民權路88號,旅宿場所,1F員工通道口電梯前
誠品生活新板店,板橋區,新北市板橋區縣民大道二段66號1樓,大型購物場所,新北市板橋區縣民大道二段66號1樓
亞東科技大學,板橋區,新北市板橋區四川路二段58號,學校、大型集會場所,前門警衛室
板橋大遠百威秀影城,板橋區,新北市板橋區新站路28號10F,大型休閒場所,"10F大廳販賣部對面,消防栓旁"
新北市政府警察局,板橋區,新北市板橋區府中路32號,其他,一樓大廳
新北市政府警察局海山分局海山派出所,板橋區,新北市板橋區漢生東路195號,其他,一樓入口
裕信汽車股份有限公司 板橋分公司,板橋區,新北市板橋區文化路2段266號,其他,客戶休息區
新北市立圖書館板橋浮洲圖書閱覽室,板橋區,新北市板橋區大觀路2段163號2樓,大型休閒場所,板橋浮洲圖書閱覽室
板橋凱撒大飯店,板橋區,新北市板橋區縣民大道二段8號,旅宿場所,A棟1F大廳
板橋凱撒大飯店,板橋區,新北市板橋區縣民大道二段8號,旅宿場所,健身房
新北市政府消防局,板橋區,新北市板橋區南雅南路二段15號,其他,收發室前
新北市政府消防局,板橋區,新北市板橋區南雅南路二段15號,其他,新北市政府消防局
新北市政府稅捐稽徵處,板橋區,新北市板橋區中山路1段143號,其他,本處7樓電梯左側
新北市政府稅捐稽徵處,板橋區,新北市板橋區中山路1段143號,其他,正門直走1樓總收文處
新北市建築師公會,板橋區,新北市板橋區中山路一段293-1號E-6樓,其他,E-6樓辦公室內
香港商世界健身事業有限公司板橋府中分公司,板橋區,新北市板橋區中山路一段10號,學校、大型集會場所,1樓櫃檯走道
瓦城板橋店,板橋區,新北市板橋區文化路一段65號,其他,瓦城板橋店
新北市立圖書館板橋國光圖書閱覽室,板橋區,新北市板橋區中正路375巷48號3樓,大型休閒場所,3樓
新北市立圖書館板橋國光圖書閱覽室,板橋區,新北市板橋區中正路375巷48號3樓,大型休閒場所,右方花圃儲藏室門口旁
財團法人台灣兒童暨家庭扶助基金會附設新北市私立家扶發展學園,板橋區,新北市板橋區四川路二段245巷119號,學校、大型集會場所,園所大廳
財團法人創世社會福利基金會附設新北市私立板橋創世清寒植物人安養院,板橋區,新北市板橋區板橋區四川路2段16巷10號3樓,其他,新北市板橋區四川路2段16巷10號3樓
魔力夢工廠親子健身房,板橋區,新北市板橋區中山路一段一號23樓之一,其他,魔力夢工廠親子健身房
台灣高速鐵路(股)公司,板橋區,新北市板橋區縣民大道二段7號,交通要衝,台灣高速鐵路-板橋車站
台灣高速鐵路(股)公司,板橋區,新北市板橋區縣民大道二段7號,交通要衝,台灣高速鐵路-板橋車站
台灣高速鐵路(股)公司,板橋區,新北市板橋區縣民大道二段7號,交通要衝,台灣高速鐵路-板橋車站
板橋區清潔隊資收組,板橋區,新北市板橋區華東街1-10號,其他,板橋區清潔隊資收組
板橋客運站,板橋區,新北市板橋區新站路66-1號,交通要衝,板橋轉運站1樓無障礙斜坡旁
新北市政府環境保護局(民族大樓一樓大廳),板橋區,新北市板橋區民族路57號,其他,本局大廳
大漢溪濕地生態廊道服務中心,板橋區,新北市板橋區華江橋自行車教育園區(華江橋正下方，堤防外),其他,大漢溪濕地生態廊道服務中心內
華新花園,板橋區,新北市板橋區文化路一段141-147號,其他,花新花園
遠東百貨板橋中山分公司,板橋區,新北市板橋區中山路一段152號,大型購物場所,9樓客服中心
遠東百貨板橋中山分公司,板橋區,新北市板橋區中山路一段152號,大型購物場所,一樓服務台
新北市議會,板橋區,新北市板橋區文化路2段166號,學校、大型集會場所,新北市議會議事廳議場入口旁
新北市板橋區江翠國民小學,板橋區,新北市板橋區文化路二段413號,學校、大型集會場所,警衛室外牆
新北市立新埔國民中學,板橋區,新北市板橋區新海路181號,學校、大型集會場所,新埔國中學務處
新北市立聯合醫院附設護理之家,板橋區,新北市板橋區英士路198號5樓,其他,新北市立聯合醫院附設護理之家
新北市板橋區文德國民小學,板橋區,新北市板橋區英士路179號,學校、大型集會場所,健康中心外走廊
致理科技大學,板橋區,新北市板橋區文化路一段313號,學校、大型集會場所,誠信館1樓
新北市立大觀國民中學,板橋區,新北市板橋區僑中一街1號,學校、大型集會場所,健康中心門口右側牆上
新北市立大觀國民中學,板橋區,新北市板橋區僑中一街1號,學校、大型集會場所,校門口旁警衛室
新北市板橋區沙崙國民小學,板橋區,新北市板橋區篤行路二段132號,學校、大型集會場所,健康中心中心前門外柱子上
新北市立海山高級中學,板橋區,新北市板橋區漢生東路215號,學校、大型集會場所,國中部一樓健康中心旁
新北市板橋區海山國民小學,板橋區,新北市板橋區漢生東路280號,學校、大型集會場所,穿堂
新北市板橋戶政事務所海山辦事處,板橋區,新北市板橋區漢生東路195之1號,其他,大門旁
新北市板橋區後埔國民小學,板橋區,新北市板橋區重慶路157號,學校、大型集會場所,健康中心
新北市立忠孝國民中學,板橋區,新北市板橋區重慶路168號,學校、大型集會場所,新北市立忠孝國中
板橋秀泰影城,板橋區,新北市板橋區縣民大道 二段 3號,大型休閒場所,3樓電扶梯旁
遠百愛買南雅分公司,板橋區,新北市板橋區貴興路101號,大型購物場所,客服中心
麗寶百貨廣場,板橋區,新北市板橋區縣民大道二段3號,大型購物場所,一樓服務台
新北市政府交通事件裁決處,板橋區,新北市板橋區中山路一段181號2樓,其他,領御大樓A1二樓電梯出口右手邊
新北市政府交通事件裁決處(服務中心),板橋區,新北市板橋區中山路一段143號二樓,其他,新北市政府稅捐處二樓門口右邊
法務部調查局新北市調查處,板橋區,新北市板橋區漢生東路193巷2號,其他,新北市調查處
新北市立中山國民中學,板橋區,新北市板橋區文化路一段188巷56號,學校、大型集會場所,親職中心外
新北市板橋區衛生所,板橋區,新北市板橋區英士路192號,其他,1樓大廳1號全功能服務台旁
板橋圖書館停車場,板橋區,新北市板橋區貴興路139號B1管理室,其他,停車場B1管理室
板橋新海抽水站停車場,板橋區,新北市板橋區中正路511號,其他,板橋新海抽水站停車場
國立臺灣師範大學林口校區,林口區,新北市林口區仁愛路1段2號,學校、大型集會場所,林口校區行政大樓一樓走廊
新北市政府警察局林口分局下福派出所,林口區,新北市林口區下福里99之1號,其他,ㄧ樓大廳值勤臺後方
新北市林口區麗林國民小學,林口區,新北市林口區公園路46號,學校、大型集會場所,校內總務處旁
醒吾學校財團法人醒吾科技大學,林口區,新北市林口區粉寮路一段101號,學校、大型集會場所,本校設計學院1樓大廳
醒吾學校財團法人醒吾科技大學,林口區,新北市林口區粉寮路一段101號,學校、大型集會場所,體育館左側門邊
醒吾學校財團法人醒吾科技大學,林口區,新北市林口區粉寮路一段101號,學校、大型集會場所,本校學生宿舍1樓大廳
小熊公園,林口區,新北市林口區文化一路一段223號,其他,小熊公園洗手間外
新北市林口區東勢市民活動中心,林口區,新北市林口區東勢里麗園一街35號3樓,學校、大型集會場所,3樓東勢市民羽球場進門左側
新北市林口區麗林市民活動中心,林口區,新北市林口區麗林里公園路59號3樓,其他,3樓進門左手邊
新北市林口區嘉寶國民小學,林口區,新北市林口區嘉寶里22號,學校、大型集會場所,嘉寶國小附設幼兒園外牆上
新北市政府警察局林口分局瑞平派出所,林口區,新北市林口區瑞平里10鄰44號,其他,ㄧ樓大廳後方置物櫃旁
昕境廣場,林口區,新北市林口區文化三路一段402巷2號,大型購物場所,4F大廳等候區
新北市林口區頭湖國民小學,林口區,新北市林口區民權路101號,學校、大型集會場所,警衛室入口右側
竹城松賀社區,林口區,新北市林口區源泉街62號,其他,社區大廳
PLUS SEGA 林口三井店,林口區,新北市林口區文化三路一段356號2樓,大型購物場所,櫃內門口處
新北市林口區南勢國民小學,林口區,新北市林口區南勢五街2號,學校、大型集會場所,一樓健康中心外走道旁
新北市政府環境保護局林口區清潔隊調度場,林口區,新北市林口區東林里粉寮路2段128號,其他,隊員休息之貨櫃屋
醒吾學校財團法人醒吾科技大學,林口區,新北市林口區粉寮路一段101號,學校、大型集會場所,健身中心
桃園捷運A9林口站,林口區,新北市林口區八德路290號,交通要衝,二樓平台層(非付費區)
桃園捷運A9林口站,林口區,新北市林口區八德路290號,交通要衝,三樓穿堂層PAO對面
裕信汽車股份有限公司 林口分公司,林口區,新北市林口區文化一路一段98號,其他,客戶休息區
新北市立新北特殊教育學校,林口區,新北市林口區文化北路一段425號,學校、大型集會場所,學生宿舍一樓
新北市立新北特殊教育學校,林口區,新北市林口區文化北路一段425號,學校、大型集會場所,行政大樓1樓
新北市立林口高級中學,林口區,新北市林口區仁愛路2段173號,學校、大型集會場所,林口高中行政大樓一樓電梯口
新北市立林口高級中學,林口區,新北市林口區仁愛路2段173號,學校、大型集會場所,門口警衛室
新北市林口區林口國民小學,林口區,新北市林口區林口路76號,學校、大型集會場所,林口國小警衛室
新北市立林口國民中學,林口區,新北市林口區民治路25號,學校、大型集會場所,901教室門口
新北市私立醒吾高級中學,林口區,新北市林口區粉寮路一段75巷80號,學校、大型集會場所,健康中心前門外
醒吾學校財團法人醒吾科技大學,林口區,新北市林口區粉寮路一段101號,學校、大型集會場所,第三棟教學大樓3106教室旁
醒吾學校財團法人醒吾科技大學,林口區,新北市林口區粉寮路一段101號,學校、大型集會場所,覺先樓圖書館1樓電梯旁
醒吾學校財團法人醒吾科技大學,林口區,新北市林口區粉寮路一段101號,學校、大型集會場所,觀光餐旅學院大樓1樓(正門入口左轉)
家樂福林口店,林口區,新北市林口區文化二路一段559號B1,大型購物場所,出收銀線左邊
新北市林口國民運動中心,林口區,新北市林口區新北市林口區文化二路二段299號,學校、大型集會場所,林口國民運動中心櫃台
財團法人新北市大樹社會福利基金會新北市林口仁愛公共托老中心,林口區,新北市林口區文化一路一段137號,其他,日照中心大廳男廁前的柱子
MITSUI OUTLET PARK林口,林口區,新北市林口區文化三路ㄧ段356號,大型購物場所,救護室
MITSUI OUTLET PARK林口,林口區,新北市林口區文化三路ㄧ段356號,大型購物場所,服務台
三新二奧特萊斯股份有限公司(林口三井二館),林口區,新北市林口區文化二路一段123號,大型購物場所,Mitsui Outlet Park林口二館
新北市林口區衛生所,林口區,新北市林口區忠孝二路55號1樓,其他,衛生所1樓
環球購物中心股份有限公司林口第二分公司,林口區,新北市林口區文化三路一段2號,大型購物場所,三樓ATM旁
新北市林口區新林國民小學,林口區,新北市林口區三民路101號,學校、大型集會場所,多目的教室前
新北市政府警察局林口分局忠孝派出所,林口區,新北市林口區忠孝二路57號,其他,志工台旁
新北市林口區東勢公有零售市場,林口區,新北市林口區麗園一街35號,大型購物場所,入口大廳處
新北市立圖書館林口分館,林口區,新北市林口區忠孝二路55號4-5樓,大型休閒場所,林口圖書館4樓
新北市立崇林國民中學,林口區,新北市林口區文化一路一段20號,學校、大型集會場所,本校健康中心外走廊
新北市政府警察局林口分局文化派出所,林口區,新北市林口區麗園一街5號,其他,一樓大廳
新北市東湖國小,林口區,新北市林口區佳林路200號,學校、大型集會場所,健康中心外牆
新北市政府警察局林口分局林口派出所,林口區,新北市林口區中正路102號,其他,一樓入口
新北市康橋國際學校林口校區,林口區,新北市林口區興林路55號,學校、大型集會場所,小學部1 樓川堂
新北市康橋國際學校林口校區,林口區,新北市林口區興林路55號,學校、大型集會場所,中學部教學樓1 樓川堂
新北市康橋國際學校林口校區,林口區,新北市林口區興林路55號,學校、大型集會場所,宿舍2樓樓梯口
新北市康橋國際學校林口校區,林口區,新北市林口區興林路55號,學校、大型集會場所,體育館地下一樓游泳池
新北市康橋國際學校林口校區,林口區,新北市林口區興林路55號,學校、大型集會場所,體育館四樓籃球場
醒吾學校財團法人醒吾科技大學,林口區,新北市林口區粉寮路一段101號,學校、大型集會場所,勤和樓學務處自動化服務區
醒吾學校財團法人醒吾科技大學,林口區,新北市林口區粉寮路一段101號,學校、大型集會場所,生活大樓1樓美食廣場門口
新北市林口區公所,林口區,新北市林口區西林里仁愛路1段378號,其他,區公所1樓大廳服務台
林口第二運動公園網球場,林口區,新北市林口區文化北路一段526巷,其他,林口第二運動公園
國立臺灣師範大學林口校區,林口區,新北市林口區仁愛路1段2號,學校、大型集會場所,體育館1樓
林口MITSUI OUTLET PARK威秀影城,林口區,新北市林口區文化三路一段356號3F,大型休閒場所,3F大廳
新北市林口區公有零售市場,林口區,新北市林口區林口路15號,大型購物場所,中正路入口左側
新北市立佳林國民中學,林口區,新北市林口區中山路268號,學校、大型集會場所,佳林國中健康中心內，進門右前方牆上
新北市立佳林國民中學,林口區,新北市林口區中山路268號,學校、大型集會場所,佳林國中校園
國都汽車股份有限公司林口服務廠,林口區,新北市林口區文化一路一段35號,其他,服務廠客休室
新北市林口區麗園國民小學,林口區,新北市林口區忠孝路591號,學校、大型集會場所,大門穿堂
新北市林口區麗園國民小學,林口區,新北市林口區忠孝路591號,學校、大型集會場所,健康中心
國立臺灣師範大學林口校區,林口區,新北市林口區仁愛路1段2號,學校、大型集會場所,勤樓女一舍1樓
新北市林口區瑞平國民小學,林口區,新北市林口區後坑路34-1號,學校、大型集會場所,一樓電梯旁
救國團金山青年活動中心,金山區,新北市金山區青年路1號,旅宿場所,中心接待櫃檯旁
救國團金山青年活動中心-溫泉館,金山區,新北市金山區青年路2號,大型公眾浴場或溫泉區,池區櫃檯
新北市金山區運動休閒廣場,金山區,新北市金山區五湖里南勢53號,大型休閒場所,門口正中央
交通部觀光局北海岸及觀音山國家風景區管理處-中角灣,金山區,新北市金山區海興路180-3號,觀光旅遊地區,中角灣遊客中心入口處左側
新北市立金山高級中學,金山區,新北市金山區文化二路2號,學校、大型集會場所,教務處內
新北市政府警察局金山分局中角派出所,金山區,新北市金山區永興里濆水7之2號,其他,派出所1樓
新北市政府警察局金山分局重光派出所,金山區,新北市金山區茅埔頭8號,其他,新北市政府警察局金山分局重光派出所一樓
法鼓學校財團法人法鼓文理學院,金山區,新北市金山區法鼓路700號,學校、大型集會場所,綜合大樓1樓保健室門口
新北市政府警察局金山分局金山派出所,金山區,新北市金山區民生路65號,其他,四樓禮堂
新北市立圖書館金山分館,金山區,新北市金山區龜子山路8號,大型休閒場所,金山區五湖村龜子山8號
金包里公共浴室,金山區,新北市金山區大同里溫泉路2巷9號,大型公眾浴場或溫泉區,金包里公共浴室
新北市金山區金美國民小學,金山區,新北市金山區忠孝一路111號,學校、大型集會場所,校門口警衛室內
法鼓山世界佛教教育園區,金山區,新北市金山區法鼓路555號,其他,禪堂
法鼓山世界佛教教育園區,金山區,新北市金山區法鼓路555號,其他,第三棟大樓
法鼓山世界佛教教育園區,金山區,新北市金山區法鼓路555號,其他,2樓保健室
法鼓山世界佛教教育園區,金山區,新北市金山區法鼓路555號,其他,第一棟大樓
新北市政府環境保護局金山區清潔隊,金山區,新北市金山區磺清路135號旁,其他,員工休息室內
交通部觀光局北海岸及觀音山國家風景區管理處-金山遊客中心,金山區,新北市金山區磺港路171-2號,觀光旅遊地區,1樓大門入口右方處。
新北市政府警察局金山分局老梅派出所,金山區,新北市金山區石門區老梅里老梅路26號,其他,派出所一樓
新北市政府警察局金山分局金山派出所,金山區,新北市金山區民生路65號,其他,金山派出所一樓左側
新北市金山區衛生所,金山區,新北市金山區大同里民生路59號,其他,衛生所1樓電梯大廳
新北市金山區三和國民小學,金山區,新北市金山區重和里六股林口38號,學校、大型集會場所,健康中心旁
新北市金山區第一公有零售市場,金山區,新北市金山區中山路188號,其他,市場1樓布告欄
新北市金山區中角國民小學,金山區,新北市金山區海興路49號,學校、大型集會場所,警衛室
法鼓學校財團法人法鼓文理學院,金山區,新北市金山區法鼓路700號,學校、大型集會場所,揚生館3樓
新北市金山區金山國民小學,金山區,新北市金山區中山路234號,學校、大型集會場所,金山國小健康中心外面走廊
新北市泰山區同榮國民小學,泰山區,新北市泰山區公園路33號,學校、大型集會場所,學務處入口處外圍牆
新北市政府環境保護局泰山區清潔隊,泰山區,新北市泰山區黎明路25號,其他,泰山區清潔隊休息室
新北市政府警察局林口分局泰山分駐所,泰山區,新北市泰山區泰林路2段214號,其他,ㄧ樓大廳
新北市立泰山國民中學,泰山區,新北市泰山區泰林路2段498號,學校、大型集會場所,中央穿堂
新北市泰山區公有零售市場,泰山區,新北市泰山區全興路212號,其他,市場1樓電子看板旁
新北市泰山區衛生所,泰山區,新北市泰山區全興路212號3樓,其他,三樓大廳
桃園捷運A6泰山貴和站,泰山區,新北市泰山區新北大道六段460號,交通要衝,穿堂層公共男廁前(付費區)
桃園捷運A5泰山站,泰山區,新北市泰山區新北大道四段431號,交通要衝,穿堂層詢問處附近(付費區)
財團法人天主教主顧修女會附設新北市私立泰山奇蹟之家綜合長照機構（泰山奇蹟之家公共托老中心）,泰山區,新北市泰山區新生路4號,其他,日照無障礙廁所前
新北市立泰山高級中學,泰山區,新北市泰山區辭修路7號,學校、大型集會場所,警衛室
新北市泰山國民運動中心,泰山區,新北市泰山區全興路167號,學校、大型集會場所,3樓球場入口
新北市泰山國民運動中心,泰山區,新北市泰山區全興路167號,學校、大型集會場所,一樓大廳左邊
泰山體育園區,泰山區,新北市泰山區公園路54號,大型休閒場所,1樓大廳
新北市泰山區泰山國民小學,泰山區,新北市泰山區泰林路二段255號,學校、大型集會場所,新北市泰山區泰山國小
新北市政府社會局委託財團法人中華民國唐氏症基金會辦理新北市愛家發展中心,泰山區,新北市泰山區明志路一段205號2樓之2,其他,行政大樓門口
社團法人舊鞋救命國際基督關懷協會,泰山區,新北市泰山區新北大道六段79巷57弄8-2號,其他,一樓服務台後側
勞動部勞動力發展署北基宜花金馬分署泰山職業訓練場,泰山區,新北市泰山區貴子里致遠新村55之1號,其他,泰山職業訓練場
香港商世界健身事業有限公司泰山分公司,泰山區,新北市泰山區明志路三段83號B1,學校、大型集會場所,大廳洽談桌後方
新北市立圖書館泰山貴子分館,泰山區,新北市泰山區工專路22號3樓,大型休閒場所,泰山貴子分館3樓
新北市政府警察局林口分局明志派出所,泰山區,新北市泰山區明志路2段426號,其他,一樓大廳
新北市立圖書館泰山分館,泰山區,新北市泰山區全興路212號5樓,大型休閒場所,期刊櫃旁
內政部警政署國道公路警察局,泰山區,新北市泰山區黎明里半山雅70-2號,其他,大門口右側處
黎明技術學院,泰山區,新北市泰山區泰林路三段22號,學校、大型集會場所,健康中心.工廠及體育館
新北市泰山區義學國民小學,泰山區,新北市泰山區民生路30號,學校、大型集會場所,健康中心外走廊
世享勝業有限公司,泰山區,新北市泰山區泰林路三段301巷21號,其他,現場
泰山區義學立體停車場,泰山區,新北市泰山區明志路二段188號,其他,一樓管理中心門旁
新北市泰山區明志國民小學,泰山區,新北市泰山區新生路2號,學校、大型集會場所,健康中心
宏道豐匯住宅新建工程,泰山區,新北市泰山區新華一街1號斜對面，陽明營造工務所,其他,勞工休息區，男女廁所門口旁牆面
新北市立義學國民中學,泰山區,新北市泰山區民生路33號,學校、大型集會場所,健康中心與學務處中間走廊
明志科技大學,泰山區,新北市泰山區工專路84號,學校、大型集會場所,警衛室
新北市泰山區公所,泰山區,新北市泰山區明志路一段322號,其他,1樓服務台前
新北市政府警察局新店分局哪哮派出所,烏來區,新北市烏來區信福路11號,其他,進大門值班台右後方
雲仙樂園,烏來區,新北市烏來區瀑布路1之1號,觀光旅遊地區,服務中心救護站
雲仙樂園,烏來區,新北市烏來區瀑布路1之1號,觀光旅遊地區,雲景(二)
新北市立德拉楠民族實驗小學,烏來區,新北市烏來區福山里李茂岸56號,學校、大型集會場所,健康中心前走廊
新北市政府警察局新店分局桶壁派出所,烏來區,新北市烏來區新烏路四段23號,其他,大門進來左手邊
烏來立體停車場,烏來區,新北市烏來區烏來街47號,其他,停車場管理室
新北市政府警察局新店分局孝義派出所,烏來區,新北市烏來區孝義里阿玉路2號,其他,值班台旁
新北市政府警察局新店分局德拉楠派出所,烏來區,新北市烏來區福山里李茂岸30號,其他,值班台後方
新北市政府警察局新店分局烏來分駐所,烏來區,新北市烏來區烏來街45號,其他,進大門值勤台左後方
新北市立烏來國民中小學,烏來區,新北市烏來區啦卡路5號,學校、大型集會場所,本校警衛室
新北市烏來區衛生所,烏來區,新北市烏來區忠治里新烏路5段109號,其他,1樓後棟哺乳室前方
內洞國家森林遊樂區,烏來區,新北市烏來區新北市烏來區信賢里娃娃谷46號,觀光旅遊地區,新北市烏來區信賢里娃娃谷46號
明月溫泉會館,烏來區,新北市烏來區烏來街85巷1號,大型公眾浴場或溫泉區,大廳走道
璞石麗緻溫泉會館,烏來區,新北市烏來區忠治里新烏路五段88號,大型公眾浴場或溫泉區,櫃台後勤運作處
新北市烏來泰雅民族博物館,烏來區,新北市烏來區烏來街12號,大型休閒場所,新北市烏來泰雅民族博物館
烏來遊客中心,烏來區,新北市烏來區烏來街45-1號,觀光旅遊地區,烏來遊客中心櫃臺
新北市貢寮區澳底國民小學,貢寮區,新北市貢寮區延平街10號,學校、大型集會場所,舊大樓健健康中心外面走廊
新北市立豐珠中學,貢寮區,新北市貢寮區美豐里雞母嶺街6之6號,學校、大型集會場所,健康中心
新北市貢寮區澳底公有零售市場,貢寮區,新北市貢寮區仁愛路79號,其他,市場1樓
新北市政府警察局瑞芳分局澳底派出所,貢寮區,新北市貢寮區延平街36號,其他,進辦公室門口左側
新北市貢寮區衛生所,貢寮區,新北市貢寮區仁愛路128號,其他,門診候診區
新北市政府警察局瑞芳分局和美派出所,貢寮區,新北市貢寮區和美街30號,其他,一樓值班臺前
新北市立圖書館貢寮分館,貢寮區,新北市貢寮區仁愛路79號3樓,大型休閒場所,新北市立圖書館貢寮分館
新北市政府警察局交通大隊澳底車禍處理小組,貢寮區,新北市貢寮區仁和路18-1號,其他,小組一樓
新北市政府警察局瑞芳分局貢寮分駐所,貢寮區,新北市貢寮區朝陽街56之1號,其他,進大門值班台左側
新北市政府警察局瑞芳分局吉林派出所,貢寮區,新北市貢寮區吉林里枋腳街4號,其他,吉林派出所一樓
新北市貢寮區福連國民小 學,貢寮區,新北市貢寮區福連街1號,學校、大型集會場所,自然教室旁
交通部觀光署東北角及宜蘭海岸國家風景區管理處福隆遊客中心,貢寮區,新北市貢寮區福隆里興隆街38號,觀光旅遊地區,福隆遊客中心大廳櫃台前
新北市貢寮區福隆國民小學,貢寮區,新北市貢寮區福隆里東興街35號,學校、大型集會場所,福隆國小行政辦公室走廊
新北市政府警察局瑞芳分局卯澳派出所,貢寮區,新北市貢寮區福連街18號,其他,卯澳派出所1樓值班台後方
新北市政府警察局瑞芳分局福隆派出所,貢寮區,新北市貢寮區福隆里福隆街19號,其他,福隆派出所一樓
交通部臺灣鐵路局宜蘭運務段福隆站,貢寮區,新北市貢寮區福隆里福隆街2號,交通要衝,剪收票口旁
福容大飯店 福隆,貢寮區,新北市貢寮區福隆里福隆街41號,旅宿場所,大廳櫃台
福容大飯店 福隆,貢寮區,新北市貢寮區福隆里福隆街41號,旅宿場所,露天泳池入口
福容大飯店 福隆,貢寮區,新北市貢寮區福隆里福隆街41號,旅宿場所,三溫暖
新北市立貢寮實驗國民中學,貢寮區,新北市貢寮區龍崗里嵩陽街42號,學校、大型集會場所,學務處門口前
新北市貢寮區和美國民小學,貢寮區,新北市貢寮區和美里龍洞街一之九號,學校、大型集會場所,警衛室
新北市貢寮區貢寮國民小學,貢寮區,新北市貢寮區學苑街7號,學校、大型集會場所,校門口警衛室
新北市政府環境保護局貢寮區清潔隊,貢寮區,新北市貢寮區朝陽街1之2號,其他,貢寮區清潔隊車庫打卡機旁
新北市立淡水國民中學,淡水區,新北市淡水區真理街10號,學校、大型集會場所,幼兒園
新北市淡水區興仁國民小學,淡水區,新北市淡水區興仁路101巷10號,學校、大型集會場所,穿堂
新北市淡水地政事務所,淡水區,新北市淡水區中山北路二段375號5樓,其他,新北市淡水地政事務所5樓大廳
新北市淡水區新興國民小學,淡水區,新北市淡水區新興街123號,學校、大型集會場所,警衛室
新北市政府警察局淡水分局興仁派出所,淡水區,新北市淡水區興仁路93號,公眾服務單位設施,淡水分局興仁派出所內
新北市淡水國民運動中心,淡水區,新北市淡水區中山北路二段381巷2號,學校、大型集會場所,B1游泳池櫃台前
豐悅產後護理之家,淡水區,新北市淡水區新市一路3段101巷16弄3號5樓,其他,豐悅產後護理之家
新北市淡水區竹圍國民小學,淡水區,新北市淡水區中正東路二段145號,學校、大型集會場所,新北市淡水區竹圍國小
新北市淡水區坪頂國民小學,淡水區,新北市淡水區坪頂里坪頂路757號,學校、大型集會場所,東側門走廊
香港商世界健身事業有限公司淡水分公司,淡水區,新北市淡水區大忠街89號2樓,學校、大型集會場所,2F客服櫃台旁
新北市淡水區農會,淡水區,新北市淡水區中正路42-1號,其他,1樓大廳(進大門右測)
新北市立淡水高級商工職業學校,淡水區,新北市淡水區商工路307號,學校、大型集會場所,校門口警衛室內
新北市立淡水高級商工職業學校,淡水區,新北市淡水區商工路307號,學校、大型集會場所,圖書館健康中心外
北新醫療社團法人北新醫院,淡水區,新北市淡水區忠寮里演戲埔腳1-2號,其他,一樓大廳門診旁邊
新北市立淡水古蹟博物館-得忌利士洋行,淡水區,新北市淡水區中正路316號,大型休閒場所,得忌利士洋行驛站(遊客服務中心)
新北市淡水區中山公有零售市場,淡水區,新北市淡水區中山路77號,其他,市場1樓管理室
新北市淡水區中正美食廣場,淡水區,新北市淡水區中正路115號,其他,市場1樓大門旁
新北市立淡水古蹟博物館-淡水紅毛城,淡水區,新北市淡水區中正路28巷1號,大型休閒場所,遊客服務中心入口左側
新北市淡水區屯山國民小學,淡水區,新北市淡水區淡金路5段111號,學校、大型集會場所,幼兒園走廊
亞東科技大學淡水校區警衛室內,淡水區,新北市淡水區新北市淡水區濱海路三段25號,學校、大型集會場所,新北市淡水區濱海路三段25號
新北市政府環境保護局淡水區清潔隊,淡水區,新北市淡水區中正路2段18號對面,其他,淡水區清潔隊(停車場)
新北市政府警察局交通警察大隊淡海捷運分隊,淡水區,新北市淡水區淡海段第59地號,其他,值班臺右前方
臺北捷運竹圍站R26,淡水區,新北市淡水區民權路50號,交通要衝,捷運竹圍站1月台樓梯旁
臺北捷運紅樹林站R27,淡水區,新北市淡水區中正東路2段68號,交通要衝,捷運紅樹林站1月台大廳樓梯旁
臺北捷運淡水站R28,淡水區,新北市淡水區中正路1號,交通要衝,捷運淡水站1號出口大廳
新興市民活動中心,淡水區,新北市淡水區大義街18號,其他,活動中心5樓
新北市淡水區中興市民活動中心,淡水區,新北市淡水區水源街一段29號,其他,市民活動中心1樓銀髮族俱樂部
新北市私立淡江高級中學,淡水區,新北市淡水區真理街26號,學校、大型集會場所,保健室走廊
新北市私立淡江高級中學,淡水區,新北市淡水區真理街26號,學校、大型集會場所,小學部一樓辦公室門口
健身工廠淡水廠,淡水區,新北市淡水區北新路182巷16號B1,學校、大型集會場所,重訓區
新北市立正德國民中學,淡水區,新北市淡水區北新路109號,學校、大型集會場所,健康中心外
新北市滬尾藝文休閒園區 將捷金鬱金香酒店,淡水區,新北市淡水區中正路1段2號,旅宿場所,酒店大門出入口旁
新北市淡水區文化國民小學,淡水區,新北市淡水區真理街6號,學校、大型集會場所,文化國小校園內
新北市政府警察局淡水分局水碓派出所,淡水區,新北市淡水區中山北路1段160號,公眾服務單位設施,淡水分局水碓派出所
新北市政府警察局淡水分局中正路派出所,淡水區,新北市淡水區中正路320號,其他,ㄧ樓值班臺前
新北市政府警察局淡水分局中正路派出所,淡水區,新北市淡水區中正路320號,其他,一樓大門右手邊
新北市政府警察局淡水分局中山路派出所,淡水區,新北市淡水區中正東路40號,公眾服務單位設施,淡水分局中山路派出所
新北市政府警察局淡水分局水源派出所,淡水區,新北市淡水區北新路2段19號,公眾服務單位設施,淡水分局水源派出所內
新北市淡水區育英國民小學,淡水區,新北市淡水區埤島里14號,學校、大型集會場所,育英國小健康中心門口
新北市淡水區衛生所,淡水區,新北市淡水區中山路158號,其他,新北市淡水區衛生所服務台
淡江大學,淡水區,新北市淡水區英專路151號,學校、大型集會場所,衛保組
淡江大學,淡水區,新北市淡水區英專路151號,學校、大型集會場所,紹謨紀念游泳館
淡江大學,淡水區,新北市淡水區英專路151號,學校、大型集會場所,紹模紀念體育館 3F
淡江大學,淡水區,新北市淡水區英專路151號,學校、大型集會場所,工學大樓3樓
淡江大學,淡水區,新北市淡水區英專路151號,學校、大型集會場所,商管大樓4樓
淡江大學,淡水區,新北市淡水區英專路151號,學校、大型集會場所,松濤二館2樓
淡江大學,淡水區,新北市淡水區英專路151號,學校、大型集會場所,水源街警衛室
新北市立忠山實驗小學,淡水區,新北市淡水區行忠路899號,學校、大型集會場所,一樓三甲教室前的走廊中央
公園居管理委員會,淡水區,新北市淡水區中山北路二段189巷30號,其他,大廳管理中心旁
安心食品-安心學院,淡水區,新北市淡水區淡水區興仁路9號（安心學院）,其他,辦公室洗手台旁
春保森拉天時鎢鋼股份有限公司淡水廠,淡水區,新北市淡水區行忠路332號,其他,進入車道左側
新北市政府警察局淡水分局警備隊,淡水區,新北市淡水區中正路229號,公眾服務單位設施,淡水分局警備隊
新北市立圖書館淡水分館,淡水區,新北市淡水區文化路65號,大型休閒場所,淡水分館3樓閱覽室大門外，出電梯口左手處，公佈欄旁
新北市政府警察局淡水分局交通分隊,淡水區,新北市淡水區中正東路40號,公眾服務單位設施,淡水分局交通分隊
蒙德里安社區管理委員會,淡水區,新北市淡水區沙崙路一段126巷61之133號,其他,進入大門右側門旁
新北市淡水國民運動中心,淡水區,新北市淡水區中山北路二段381巷2號,學校、大型集會場所,1F大廳(客梯旁)
新北市淡水國民運動中心,淡水區,新北市淡水區中山北路二段381巷2號,學校、大型集會場所,3樓(客梯旁)
一滴水紀念館旅客服務中心,淡水區,新北市淡水區中正路一段6巷30號,觀光旅遊地區,一滴水紀念館旅客服務中心
新北市滬尾藝文休閒園區 禮萊廣場,淡水區,新北市淡水區中正路一段2號1樓,大型購物場所,商場1樓大廳出入口
新北市淡水區竿蓁市民活動中心,淡水區,新北市淡水區中正東路一段3巷6號,其他,竿蓁市民活動中心
福容大飯店股份有限公司淡水漁人碼頭分公司,淡水區,新北市淡水區觀海路83號,旅宿場所,門廳，大廳櫃檯旁
新北市淡水區鄧公國民小學,淡水區,新北市淡水區學府路99號,學校、大型集會場所,新北市淡水區鄧公國小警衛室
新北市淡水區淡海市民活動中心,淡水區,新北市淡水區淡海路111號,其他,市民活動中心1樓銀髮族俱樂部
新北市淡水區水碓市民活動中心,淡水區,新北市淡水區中山北路一段158號,其他,1樓銀髮族俱樂部
新北市政府警察局淡水分局賢孝派出所,淡水區,新北市淡水區淡金路5段72號,公眾服務單位設施,淡水分局賢孝派出所
聖約翰科技大學,淡水區,新北市淡水區新北市淡水區淡金路4段499號,學校、大型集會場所,電資大樓一樓
聖約翰科技大學,淡水區,新北市淡水區新北市淡水區淡金路4段499號,學校、大型集會場所,百齡堂一樓衛保組前中庭
聖約翰科技大學,淡水區,新北市淡水區新北市淡水區淡金路4段499號,學校、大型集會場所,聖公樓一樓
新北市淡水區天生國民小學,淡水區,新北市淡水區淡海路72巷26號,學校、大型集會場所,行政大樓一樓穿堂
新北市政府社會局委託辦理淡水沙崙身心障礙者日間照顧中心,淡水區,新北市淡水區沙崙路300號1樓,其他,新北市政府社會局委託辦理淡水沙崙身心障礙者日間照顧中心
Curves竹圍捷運店,淡水區,新北市淡水區民族路30巷7號2樓,其他,新北市淡水區民族路30巷7號2樓
誠隆汽車股份有限公司淡水分公司,淡水區,新北市淡水區民權路39號,其他,服務廠客休室
新北市政府警察局淡水分局竹圍派出所,淡水區,新北市淡水區竹圍里民權路32號,公眾服務單位設施,派出所1樓
國都汽車股份有限公司淡水服務廠,淡水區,新北市淡水區中正東路二段59號,其他,顧客休息區
新北市淡水區民生市民活動中心,淡水區,新北市淡水區民生路27號,其他,1樓入口處
美麗新淡海影城,淡水區,新北市淡水區義山路二段303號2樓,大型休閒場所,2樓入口大門旁
家樂福淡新店,淡水區,新北市淡水區中山北路二段383號,大型購物場所,二樓收銀線出口
淡海輕軌沙崙站(V27站),淡水區,新北市淡水區淡海路,交通要衝,月台中間位置
淡海輕軌台北海洋大學站(V28站),淡水區,新北市淡水區濱海路三段,交通要衝,月台中間位置
淡海輕軌機廠,淡水區,新北市淡水區新市六路一段161號,其他,駐車廠1樓消防箱旁
淡海輕軌機廠,淡水區,新北市淡水區新市六路一段161號,其他,主維修工廠1樓醫務室門口旁
淡海輕軌漁人碼頭站(V26站),淡水區,新北市淡水區中正路二段,交通要衝,放置月台中間位置
淡海輕軌紅樹林站(V01站),淡水區,新北市淡水區淡金公路,交通要衝,月台層，中間位置
淡海輕軌竿蓁林站(V02站),淡水區,新北市淡水區淡金路,交通要衝,售票加值機旁
淡海輕軌淡金鄧公站(V03站),淡水區,新北市淡水區淡金公路,交通要衝,月台層售票加值機旁
淡海輕軌淡江大學站(V04站),淡水區,新北市淡水區淡金路,交通要衝,售票加值機旁
淡海輕軌淡金北新站(V05站),淡水區,新北市淡水區淡金路,交通要衝,售票加值機旁
淡海輕軌新市一路站(V06站),淡水區,新北市淡水區淡金路,交通要衝,售票加值機旁
淡海輕軌行政中心站(V07站),淡水區,新北市淡水區濱海路一段,交通要衝,售票加值機旁
淡海輕軌濱海沙崙站(V09站),淡水區,新北市淡水區濱海路一段,交通要衝,月台中間，售票加值機旁
淡海輕軌新市鎮站(V10站),淡水區,新北市淡水區沙崙路二段,交通要衝,月台中間，售票加值機旁
淡海輕軌崁頂站(V11站),淡水區,新北市淡水區沙崙路二段,交通要衝,月台中間，售票加值機旁
淡海輕軌濱海義山站(V08站),淡水區,新北市淡水區濱海路一段,交通要衝,月台中間，售票加值機旁
新北市淡水區中泰國民小學,淡水區,新北市淡水區中和里北勢子5號,學校、大型集會場所,晨曦樓一樓穿堂
臺北基督學院,淡水區,新北市淡水區自強路51號,學校、大型集會場所,行政大樓1F，保健中心外。
新北市淡水區水源國民小學,淡水區,新北市淡水區北新路2段15號,學校、大型集會場所,警衛室(從北新路2段17巷進入)
新北市淡水區水源國民小學,淡水區,新北市淡水區北新路2段15號,學校、大型集會場所,走道
新北市淡水區淡水國民小學,淡水區,新北市淡水區中山路160號,學校、大型集會場所,淡水國小警衛室
新北市淡水區新市國民小學,淡水區,新北市淡水區中山北路二段200號,學校、大型集會場所,學校川堂
新北市淡海國小,淡水區,新北市淡水區新市二路二段81號,學校、大型集會場所,本校操場旁走廊
台北海洋科技大學(淡水校本部),淡水區,新北市淡水區濱海路3段150號,學校、大型集會場所,圖資大樓(福環樓)入口處
國都汽車股份有限公司淡水營業所,淡水區,新北市淡水區中正東路2段91號,其他,營業所展間
新北市立竹圍高級中學,淡水區,新北市淡水區竹林路35號,學校、大型集會場所,新北市立竹圍高中
新北市淡水區公所,淡水區,新北市淡水區中山北路2段375號1樓,其他,新北市淡水區市民聯合服務中心正門入口處左側
新北市立圖書館深坑分館,深坑區,新北市深坑區深坑街10號1樓,大型休閒場所,櫃台正前方
新北市深坑區深坑國民小學,深坑區,新北市深坑區文化街45號,學校、大型集會場所,平埔樓穿堂
新北市政府環境保護局深坑區清潔隊,深坑區,新北市深坑區深南路51-1號,其他,資源回收場休息室
福容大飯店股份有限公司深坑分公司,深坑區,新北市深坑區北深路三段236號,旅宿場所,一樓大廳櫃檯前方
新北市政府警察局新店分局深坑分駐所,深坑區,新北市深坑區平埔街16號,其他,進大門左側
北都汽車股份有限公司深坑服務廠,深坑區,新北市深坑區北深路三段47號,其他,顧客休息室
華藏教學園區,深坑區,新北市深坑區大崙尾9號,其他,行政中心
東南科技大學,深坑區,新北市深坑區北深路3段152號,學校、大型集會場所,和平樓  健康中心
東南科技大學,深坑區,新北市深坑區北深路3段152號,學校、大型集會場所,龍鳳樓宿舍 門口
東南科技大學,深坑區,新北市深坑區北深路3段152號,學校、大型集會場所,中山樓一樓夢初體育館門口
東南科技大學,深坑區,新北市深坑區北深路3段152號,學校、大型集會場所,志平樓5樓 電梯口外正前方
東南科技大學,深坑區,新北市深坑區北深路3段152號,學校、大型集會場所,中正樓一樓 右側柱子旁邊
新北市深坑區公所,深坑區,新北市深坑區深坑街10號2樓,其他,2樓值星檯
新北市深坑區衛生所,深坑區,新北市深坑區深坑街165號,其他,1樓大廳進門右側
新北市立深坑國中,深坑區,新北市深坑區文化街41號,學校、大型集會場所,卓越樓1樓穿堂
新店垃圾焚化廠(行政大樓1樓),新店區,新北市新店區新北市新店區薏仁坑路自強巷1樓,其他,行政大樓1樓
新北市私立及人高級中學,新店區,新北市新店區安興路1號,學校、大型集會場所,學務處
新北市政府警察局新店分局安康派出所,新店區,新北市新店區安康路二段70號,其他,一樓值班台後樓梯旁
新北市新店區雙城國民小學,新店區,新北市新店區安康路3段322號,學校、大型集會場所,學務處門口
新北市新店區大豐社福館,新店區,新北市新店區民族路110號,其他,1樓服務櫃臺
新北市耕莘健康管理專科學校,新店區,新北市新店區民族路112號,學校、大型集會場所,聖母樓1F右側廁所外
新北市耕莘健康管理專科學校,新店區,新北市新店區民族路112號,學校、大型集會場所,聖母樓9F交誼廳外
新北市新店區龜山國民小學,新店區,新北市新店區新烏路三段99巷10號,學校、大型集會場所,AED放置校側門工作室前走廊
新北市新店區屈尺國民小學,新店區,新北市新店區屈尺路55號,學校、大型集會場所,活動中心門口
新北市政府警察局新店分局江陵派出所,新店區,新北市新店區民族路7號,其他,1樓入所值班台右側
新北市新店區中正國民小學,新店區,新北市新店區三民路36號,學校、大型集會場所,健康中心門口
新北市新店區三民地下停車場,新店區,新北市新店區三民路20-1號,其他,管理室外
新北市政府警察局新店分局警備隊,新店區,新北市新店區北新路一段86號6樓,其他,值勤臺左側
能仁學校財團法人新北市能仁高級家事商業職業學校,新店區,新北市新店區文中路53巷10號,學校、大型集會場所,戒光大樓學務處前
新北市新店區北新國民小學,新店區,新北市新店區寶橋路8號,學校、大型集會場所,新北市新店區寶橋路8號
新北市康橋國際學校秀岡校區,新店區,新北市新店區華城路800號,學校、大型集會場所,活動中心二樓游泳池
新北市康橋國際學校秀岡校區,新店區,新北市新店區華城路800號,學校、大型集會場所,教二大樓門口 面向操場
新北市康橋國際學校秀岡校區,新店區,新北市新店區華城路800號,學校、大型集會場所,活動中心一樓體適能中心
大潤發流通事業(股)公司新店分公司,新店區,新北市新店區環河路22號B1,大型購物場所,B1賣場服務台對面柱體上
新北市新店區安坑國民小學,新店區,新北市新店區安忠路36號(安坑國民小學),學校、大型集會場所,林來樓(仁愛樓)校門旁之警衛室
新北市政府警察局新店分局青潭派出所,新店區,新北市新店區北宜路2段417號,其他,派出所1樓
臺灣土地銀行員工訓練所,新店區,新北市新店區竹林路26巷42號,其他,員工訓練所大廳
法務部調查局幹部訓練所,新店區,新北市新店區北宜路二段295號,其他,展抱樓籃球場B2
新北市政府捷運工程局,新店區,新北市新店區民權路280號3樓,其他,新北市新店區民權路280號3樓
新北市新店區新店國民小學,新店區,新北市新店區新店路2號,學校、大型集會場所,健康中心外面
新北市政府社會局委託財團法人伊甸社會福利基金會辦理新店中正社區長照機構(新店中正障礙者日間照顧中心),新店區,新北市新店區中正路263巷16號4樓,其他,本中心辦公室
新北市立文山國民中學,新店區,新北市新店區文中路38號,學校、大型集會場所,文山國中警衛室
健身工廠新店廠,新店區,新北市新店區北宜路一段2號2樓,學校、大型集會場所,健身工廠新店廠私人教練區
第一商業銀行新店分行,新店區,新北市新店區中興路3段134號,其他,大門入口左側(飲水機旁)
安康立體停車場,新店區,新北市新店區安康路二段120號,其他,停車場管理室
新北市新店國民運動中心,新店區,新北市新店區北新路一段88巷12號,學校、大型集會場所,1樓泳池入口處
新北市新店國民運動中心,新店區,新北市新店區北新路一段88巷12號,學校、大型集會場所,3樓體適能中心入口處
新北市康橋國際學校秀岡校區,新店區,新北市新店區華城路800號,學校、大型集會場所,教一大樓第二穿堂 總務部旁
南陽實業股份有限公司 新店服務廠,新店區,新北市新店區中正路500-1號,大型購物場所,櫃檯旁邊
合環御寶社區B棟,新店區,新北市新店區寶強路18號,其他,B棟一樓大廳
合環御寶社區A棟,新店區,新北市新店區寶強路8號,其他,A棟一樓大廳
舞動陽光馬公公園運動中心,新店區,新北市新店區北新路一段92號1樓,大型休閒場所,辦公室外牆壁
捷運環狀線大坪林站Y07,新店區,新北市新店區北新路3段190號,交通要衝,環狀線大坪林站詢問處旁
捷運環狀線十四張站Y08,新店區,新北市新店區民權路282號,交通要衝,捷運環狀線十四張站詢問處旁
臺北捷運新店站G01,新店區,新北市新店區北宜路一段2號,交通要衝,1樓大廳層女廁旁
臺北捷運新店區公所站G02,新店區,新北市新店區北新路一段295號,交通要衝,1樓大廳層詢問處後方
臺北捷運七張站G03,新店區,新北市新店區北新路二段150號,交通要衝,1樓大廳層女廁外附近
臺北捷運小碧潭站G03A,新店區,新北市新店區中央路151號4樓,交通要衝,4樓大廳月台層詢問處附近
臺北捷運大坪林站G04,新店區,新北市新店區北新路三段190號,交通要衝,地下1樓大廳層詢問處附近
新北市政府警察局交通警察大隊新店分隊,新店區,新北市新店區北新路一段86號7樓,其他,3樓值班台左前方牆壁旁
二叭子植物園,新店區,新北市新店區新北市新店區雙城路279號,觀光旅遊地區,二叭子植物園
中央印製廠安康廠區,新店區,新北市新店區安康路三段235號,其他,101廠房中庭
新北市立安康高級中學,新店區,新北市新店區新北市新店區安興路 25 號,學校、大型集會場所,安康高中健康中心
新北市政府警察局新店分局頂城派出所,新店區,新北市新店區碧潭路75號3樓,其他,頂城派出所
新北市新店區安坑國小附設幼兒園,新店區,新北市新店區安忠路36號(安坑國小附設幼兒園),其他,幼兒園大樓1F樓梯口
新北市立圖書館新店柴埕圖書閱覽室,新店區,新北市新店區安民街79號3樓,大型休閒場所,自修室門口
元野運動事業有限公司,新店區,新北市新店區達觀路6號B2,學校、大型集會場所,休息區側邊
新北市立達觀國民中小學,新店區,新北市新店區僑信路1號,學校、大型集會場所,C棟健康中心門口
新北市政府警察局新店分局雙城派出所,新店區,新北市新店區安康路三段209號,其他,值班台左側
中央印製廠青潭廠區,新店區,新北市新店區北宜路二段200號,其他,204廠房中庭
新北市新店區青潭國民小學,新店區,新北市新店區北宜路2段80號,學校、大型集會場所,健康中心
新北市新店區雙峰國民小學,新店區,新北市新店區北宜路三段66號,學校、大型集會場所,穿堂
小胖威利病友關懷協會北區小作所,新店區,新北市新店區中正路512號2樓,其他,小作所玄關
1010湘 新北新店店,新店區,新北市新店區建國路257號,其他,1010湘 新北新店
臺北翡翠水庫管理局,新店區,新北市新店區新烏路3段43號,其他,水資源生態教育館
台灣電力股份有限公司訓練所,新店區,新北市新店區新烏路3段81號,其他,守衛室
新北市政府警察局新店分局直潭派出所,新店區,新北市新店區直潭十街27號,其他,一樓面向值班台左後方支柱上。
新北市政府警察局新店分局屈尺派出所,新店區,新北市新店區屈尺路82號,其他,大門入口左側所長室旁
新北市政府警察局新店分局龜山派出所,新店區,新北市新店區新烏路三段152號,其他,進大門右側
財團法人旺英衛教基金會,新店區,新北市新店區永新街30號1樓,其他,財團法人旺英衛教基金會
新北市立圖書館新店三民分館,新店區,新北市新店區三民路20-2號2樓,大型休閒場所,新店三民圖書閱覽室
合環御景社區,新店區,新北市新店區寶橋路78巷11號,其他,社區大廳
新北市政府警察局新店分局碧潭派出所,新店區,新北市新店區北新路一段86號一樓,其他,一樓進大門左側
新北市政府社會局文山社會福利服務中心,新店區,新北市新店區中正路263巷16號5樓,其他,新北市政府文山社會福利服務中心
新北市立五峰國民中學,新店區,新北市新店區中興路一段253號,學校、大型集會場所,新北市五峰國中
新北市立五峰國民中學,新店區,新北市新店區中興路一段253號,學校、大型集會場所,1樓童軍團部前
新北市新店區公所,新店區,新北市新店區北新路1段86號8樓,其他,電梯出口右方
新北市私立崇光女子高級中學,新店區,新北市新店區三民路18號,學校、大型集會場所,校門口接待室
台灣通用器材股份有限公司,新店區,新北市新店區寶橋路233號,其他,一樓餐廳停車場
台灣通用器材股份有限公司,新店區,新北市新店區寶橋路233號,其他,二樓提款機旁
台灣通用器材股份有限公司,新店區,新北市新店區寶橋路233號,其他,一樓作業區
台灣通用器材股份有限公司,新店區,新北市新店區寶橋路233號,其他,三樓飲水機旁
台灣通用器材股份有限公司,新店區,新北市新店區寶橋路233號,其他,二樓飲水機旁
台灣通用器材股份有限公司,新店區,新北市新店區寶橋路233號,其他,一樓倉庫外
新北市立圖書館新店碧潭圖書閱覽室,新店區,新北市新店區新店路207號四樓,大型休閒場所,兒童室
新北市立圖書館新店仁愛圖書閱覽室,新店區,新北市新店區建國路58號2樓,大型休閒場所,新店仁愛圖書閱覽室(建國路58號2樓閱報區)
北都汽車股份有限公司新店服務廠,新店區,新北市新店區寶橋路233-1號,其他,客戶休息室入口
新北市立圖書館-新店分館,新店區,新北市新店區北新路三段105巷2號3樓,大型休閒場所,3樓行政辦公室門口
誠品生活新店,新店區,新北市新店區中興路三段70號B1-4F,大型購物場所,1F- A區電梯廳
誠品生活新店,新店區,新北市新店區中興路三段70號B1-4F,大型購物場所,4F- A區電梯廳
誠品生活新店,新店區,新北市新店區中興路三段70號B1-4F,大型購物場所,B1F- A區電梯廳
誠品生活新店,新店區,新北市新店區中興路三段70號B1-4F,大型購物場所,3F 顧客服務中心
新北市新店區新和國民小學,新店區,新北市新店區安和路3段100號,學校、大型集會場所,警衛室
新北市政府警察局新店分局安和派出所,新店區,新北市新店區安和路三段一號,其他,一樓民眾休息室入口左側牆面
台北矽谷二期,新店區,新北市新店區北新路3段219號15樓,其他,15樓電梯旁
新北市康橋國際學校青山校區,新店區,新北市新店區頂城五街80號,學校、大型集會場所,游泳池門口
白金花園酒店,新店區,新北市新店區安興路77號,旅宿場所,本店大廳
矽谷大樓一期15樓,新店區,新北市新店區北新路三段207-5號15樓,其他,15樓電梯口
宜家家居股份有限公司新店分公司,新店區,新北市新店區中央路159號4樓,大型購物場所,3樓客服櫃台前
宜家家居股份有限公司新店分公司,新店區,新北市新店區中央路159號4樓,大型購物場所,4樓瑞典餐廳入口處
宜家家居股份有限公司新店分公司,新店區,新北市新店區中央路159號4樓,大型購物場所,4樓辦公室
京站實業股份有限公司新店分公司,新店區,新北市新店區中央路157號5樓,大型購物場所,5樓空橋上
裕信汽車股份有限公司 新店分公司,新店區,新北市新店區中興路三段9號,其他,客戶休息區
新店陽光運動園區,新店區,新北市新店區停車場,其他,停車場票亭
新店親情河濱公園,新店區,新北市新店區停車場票亭,其他,停車場票亭
景文科技大學,新店區,新北市新店區安忠路99號,學校、大型集會場所,健康中心入口處外牆
威秀影城股份有限公司新店分公司,新店區,新北市新店區中興路三段70號7樓,大型休閒場所,威秀影城股份有限公司新店分公司
世界健身中心新店店,新店區,新北市新店區中興路三段1號5樓,其他,大門入口明顯處
香港商世界健身事業有限公司新店分公司,新店區,新北市新店區中興路三段1號5樓,學校、大型集會場所,入口處右側
北都汽車股份有限公司安坑服務廠,新店區,新北市新店區安和路二段251號,其他,結帳櫃檯旁
新北市新店區衛生所,新店區,新北市新店區北新路一段86號12樓,其他,新北市新店區衛生所
碧潭吊橋保全崗哨,新店區,新北市新店區新店路206號對面(吊橋東岸入口),觀光旅遊地區,碧潭吊橋保全崗哨
新北市新店區直潭國民小學,新店區,新北市新店區直潭路92號,學校、大型集會場所,穿堂左側牆面
鴻華先進科技股份有限公司(實驗室),新店區,新北市新店區北新路2段230號5樓,其他,新北市新店區北新路230號5樓
台灣菸酒股份有限公司台北菸廠,新店區,新北市新店區安康路二段235號,其他,警勤室旁的會客室
新北市青少年圖書館,新店區,新北市新店區安康路2段151號,大型休閒場所,新北市青少年圖書館1樓大廳
新北市私立莊敬高級工業家事職業學校,新店區,新北市新店區民生路45號,學校、大型集會場所,健康中心
新北市新店區大豐國民小學,新店區,新北市新店區民族路108號,學校、大型集會場所,大門口穿堂
新北市立新店高級中學,新店區,新北市新店區中央路93號,學校、大型集會場所,體育辦公室旁邊
新北市立新店高級中學,新店區,新北市新店區中央路93號,學校、大型集會場所,川堂
寶興市民活動中心,新店區,新北市新店區寶中路65巷59號,其他,寶興市民活動中心
新北市新店區大豐公有地下停車場,新店區,新北市新店區民族路109號,其他,地下一樓服務支援站
新北市私立南強高級工商職業學校,新店區,新北市新店區文化路42號,學校、大型集會場所,AED置於總務室出口旁
新北市康橋國際學校青山校區,新店區,新北市新店區頂城五街80號,學校、大型集會場所,5樓健康中心門口
景文科技大學,新店區,新北市新店區安忠路99號,學校、大型集會場所,宿舍管理中心
景文科技大學,新店區,新北市新店區安忠路99號,學校、大型集會場所,圖資大樓
景文科技大學,新店區,新北市新店區安忠路99號,學校、大型集會場所,電資館一樓電梯口
新店建國游泳池,新店區,新北市新店區新北市新店區建國路58號,其他,新店建國遊泳池
家福股份有限公司台北新店分公司,新店區,新北市新店區中興路三段一號,大型購物場所,三樓服務中心
臺灣臺北地方法院新店辦公大樓,新店區,新北市新店區中興路一段248號,學校、大型集會場所,一樓大門入口大廳
新北市新店區碧潭公有零售市場,新店區,新北市新店區新店路159號,其他,市場1樓樓梯旁
新北市新店區中央公有零售市場,新店區,新北市新店區中央5街60號,其他,市場1樓廁所旁
輔仁大學,新莊區,新北市新莊區中正路510號,學校、大型集會場所,輔仁大學格物立言學苑
新北市新莊區光華國民小學,新莊區,新北市新莊區龍安路452號,學校、大型集會場所,光華國小健康中心旁
新莊文化藝術中心,新莊區,新北市新莊區新北市新莊區中平路133號,大型休閒場所,大廳服務台前方，進門口左方明顯處
新北市新莊區榮富國民小學,新莊區,新北市新莊區中和街193號,學校、大型集會場所,游泳池門口
新北市新莊區國泰國民小學,新莊區,新北市新莊區中正路386號,學校、大型集會場所,莊敬樓1樓
輔仁大學,新莊區,新北市新莊區中正路510號,學校、大型集會場所,輔仁大學警衛室
輔仁大學,新莊區,新北市新莊區中正路510號,學校、大型集會場所,輔仁大學進修部教學大樓
輔仁大學,新莊區,新北市新莊區中正路510號,學校、大型集會場所,輔仁大學宜美學苑
輔仁大學,新莊區,新北市新莊區中正路510號,學校、大型集會場所,輔仁大學
新北市立丹鳳高級中學,新莊區,新北市新莊區龍安路72號,學校、大型集會場所,朝陽樓1樓走廊
新北市立新莊高級中學,新莊區,新北市新莊區中平路135號,學校、大型集會場所,健康中心內
新北市新莊區中港國民小學,新莊區,新北市新莊區中港一街142號,學校、大型集會場所,一樓健康中心走廊
新北市樂慧身心障礙者家庭資源中心,新莊區,新北市新莊區中港路172號2樓,其他,門口左側牆壁上
新北市新莊區思賢國民小學,新莊區,新北市新莊區自立街229號,學校、大型集會場所,思賢樓穿堂左邊(學務處旁)
新北市新莊國民運動中心,新莊區,新北市新莊區公園路11號,學校、大型集會場所,中心1樓大廳
新北市新莊國民運動中心,新莊區,新北市新莊區公園路11號,學校、大型集會場所,運動中心景觀喽
新北市新莊國民運動中心,新莊區,新北市新莊區公園路11號,學校、大型集會場所,中心2樓大廳
新北市新莊國民運動中心,新莊區,新北市新莊區公園路11號,學校、大型集會場所,中心3樓高階教室
新北市新莊國民運動中心,新莊區,新北市新莊區公園路11號,學校、大型集會場所,中心游泳館
鴻源汽車股份有限公司新莊分公司,新莊區,新北市新莊區新北大道2段318號,其他,新莊區新北大道2段318號
鐵木真健身館有限公司,新莊區,新北市新莊區中原路137號B1,學校、大型集會場所,入口場館接待區
新北市政府環境保護局新莊區清潔隊,新莊區,新北市新莊區瓊林路34號1樓,其他,新莊區清潔隊大樓1樓
新北市政府警察局新莊分局光華派出所,新莊區,新北市新莊區新北市新莊區民安西路141號,其他,ㄧ樓大廳
新北市新莊勞工中心,新莊區,新北市新莊區新樹路222號,其他,中心大門入口左側
新北市政府警察局新莊分局新樹派出所,新莊區,新北市新莊區樹新路222號,其他,進大門右側
新北市政府稅捐稽徵處新莊分處,新莊區,新北市新莊區仁愛街56號,其他,本分處1樓公共區域右側第一根柱子
建豐國際資產管理股份有限公司新莊客旅分公司,新莊區,新北市新莊區中華路一段101號,旅宿場所,大廳
新北市新莊區裕民國民小學,新莊區,新北市新莊區裕民街123號,學校、大型集會場所,健康中心
新北市政府警察局新莊分局丹鳳派出所,新莊區,新北市新莊區新北市新莊區雙鳳路75號,其他,ㄧ樓大廳
新北市新莊區中港第一市民活動中心,新莊區,新北市新莊區中港路172號,其他,1樓
新北市新莊區第一公有零售市場,新莊區,新北市新莊區新莊路315號,其他,市場2樓管理室
中港大排控制中心,新莊區,新北市新莊區中原路191號,其他,中港大排控制中心1樓大廳
新北市新莊區黃愚市民活動中心,新莊區,新北市新莊區中信街74號,其他,大廳
國賓影城(股)公司新莊分公司,新莊區,新北市新莊區五工路66號3樓,大型休閒場所,三樓大廳近一廳旁
新北市政府警察局新莊分局昌平派出所,新莊區,新北市新莊區富貴路111號,其他,大門右側
宏匯思源廣場,新莊區,新北市新莊區思源路553~555號,其他,一樓大廳服務台旁
四零四科技股份有限公司 (iTower 23樓),新莊區,新北市新莊區思源路555號23樓,其他,本公司大廳
四零四科技股份有限公司 (宏匯辦公大樓13樓),新莊區,新北市新莊區新北大道4段3號13樓,其他,公司大廳
桃園捷運A3新北產業園區站,新莊區,新北市新莊區五工路37號,交通要衝,穿堂層
桃園捷運A4新莊副都心站,新莊區,新北市新莊區新北大道四段188號,交通要衝,穿堂層詢問處附近(非付費區)
臺北捷運頭前庄站O17,新莊區,新北市新莊區思源路18號B1,交通要衝,詢問處左後方靠牆面轉角處
臺北捷運新莊站O18,新莊區,新北市新莊區中正路138號,交通要衝,詢問處右後方通道靠牆面
臺北捷運輔大站O19,新莊區,新北市新莊區中正路510之1號B1,交通要衝,詢問處右後方通道靠牆面
臺北捷運丹鳳站O20,新莊區,新北市新莊區中正路624號B1,交通要衝,詢問處右後方通道靠牆面
臺北捷運迴龍站O21,新莊區,新北市新莊區中正路758號B1,交通要衝,詢問處右後方通道靠牆面
新北市新莊區豐年國民小學,新莊區,新北市新莊區瓊泰路116號,學校、大型集會場所,健康中心
華新麗華股份有限公司新莊廠,新莊區,新北市新莊區新樹路256號,其他,新莊二廠警衛室
日本伊藤萬游泳學校-新莊中正校,新莊區,新北市新莊區中正路425號2樓,其他,2樓櫃台
新北市新莊區公所長青文康活動中心,新莊區,新北市新莊區後港一路19號,其他,B1
新北市立福營國民中學,新莊區,新北市新莊區萬安里8鄰富國路105號,學校、大型集會場所,一樓川堂
新莊鴻金寶麻吉影城,新莊區,新北市新莊區民安路188巷5號4樓,大型休閒場所,販賣部右前方
新北市政府違章建築拆除大隊(新北市新豐綜合行政大樓7樓),新莊區,新北市新莊區樹新路222號7樓,其他,新北市新豐綜合行政大樓7樓
香港商世界健身事業有限公司新莊分公司,新莊區,新北市新莊區民安路188巷5號,學校、大型集會場所,重訓區
香港商世界健身事業有限公司新莊分公司,新莊區,新北市新莊區民安路188巷5號,學校、大型集會場所,World gym-3樓有氧教室
CURVES女性30分鐘環狀運動新莊富國店,新莊區,新北市新莊區富國路100號4樓,學校、大型集會場所,健身區更衣室旁
捷運環狀線新北產業園區站Y20,新莊區,新北市新莊區五工路35號,交通要衝,捷運環狀線新北產業園區站詢問處旁
捷運環狀線幸福站Y19,新莊區,新北市新莊區思源路292號,交通要衝,捷運環狀線幸福站詢問處旁
捷運環狀線頭前庄站Y18,新莊區,新北市新莊區思源路20號,交通要衝,捷運環狀線頭前庄站詢問處旁
宜家家居股份有限公司 新莊分公司,新莊區,新北市新莊區中正路1 號,大型購物場所,1F出口處
宜家家居股份有限公司 新莊分公司,新莊區,新北市新莊區中正路1 號,大型購物場所,3F餐廳入口
宜家家居股份有限公司 新莊分公司,新莊區,新北市新莊區中正路1 號,大型購物場所,4F餐桌椅區
宜家家居股份有限公司 新莊分公司,新莊區,新北市新莊區中正路1 號,大型購物場所,2F 收納區落地窗
新北市立新莊國民中學,新莊區,新北市新莊區中正路211號,學校、大型集會場所,教務處外走廊
新北市新莊區榮富國民小學,新莊區,新北市新莊區中和街193號,學校、大型集會場所,一樓大門穿堂處
新北市新莊地政事務所,新莊區,新北市新莊區中華路一段3號,其他,本所1樓大廳
南陽實業股份有限公司 現代汽車新莊店.廠,新莊區,新北市新莊區思源路120號,大型購物場所,櫃台後面
新北市新莊區興化國民小學,新莊區,新北市新莊區五工二路50巷2號,學校、大型集會場所,1樓北側走廊
新北市政府警察局新莊分局五工派出所,新莊區,新北市新莊區五工路95-1號,其他,一樓辦公區
新莊生命紀念館,新莊區,新北市新莊區壽山路162之1號,其他,家屬休息區
新北市政府警察局新莊分局福營派出所,新莊區,新北市新莊區福營路101號,其他,一樓值班台
呈睿國際股份有限公司,新莊區,新北市新莊區中正路649之2號2樓,其他,辦公室內
裕信汽車股份有限公司 輔大分公司,新莊區,新北市新莊區中正路562號,其他,客戶休息室
新北市新莊區丹鳳國民小學,新莊區,新北市新莊區新北大道七段437號,學校、大型集會場所,警衛室
輔仁大學,新莊區,新北市新莊區中正路510號,學校、大型集會場所,輔仁大學中美堂
輔仁大學,新莊區,新北市新莊區中正路510號,學校、大型集會場所,輔仁大學體適能中心
輔仁大學,新莊區,新北市新莊區中正路510號,學校、大型集會場所,公博樓圖書館一樓服務台
輔仁大學,新莊區,新北市新莊區中正路510號,學校、大型集會場所,國璽樓
輔仁大學,新莊區,新北市新莊區中正路510號,學校、大型集會場所,淨心堂一樓
輔仁大學,新莊區,新北市新莊區中正路510號,學校、大型集會場所,田徑場與籃球場管理室
輔仁大學,新莊區,新北市新莊區中正路510號,學校、大型集會場所,舒德樓1樓
輔仁大學,新莊區,新北市新莊區中正路510號,學校、大型集會場所,輔仁大學濟時樓2樓圖書館服務台
輔仁大學,新莊區,新北市新莊區中正路510號,學校、大型集會場所,宜真宜善學苑
輔仁大學,新莊區,新北市新莊區中正路510號,學校、大型集會場所,文舍學苑
新北市新莊區裕民公共托育中心,新莊區,新北市新莊區中正路新生巷66號,其他,新北市新莊區裕民公共托育中心
驛德世紀酒店,新莊區,新北市新莊區後港一路169號,旅宿場所,1樓大廳
Curves可爾姿女性30分鐘環狀運動新莊龍安店,新莊區,新北市新莊區龍安路69巷8號1樓,學校、大型集會場所,1樓運動圈旁
跨越體適能有限公司輔大店分公司,新莊區,新北市新莊區後港一路179號B1,學校、大型集會場所,Ｂ1場館後左側明顯處
新北市立中平國民中學,新莊區,新北市新莊區中平路385號,學校、大型集會場所,中平國中中平樓中央川堂左側
健身工廠新莊廠,新莊區,新北市新莊區中和街157號,學校、大型集會場所,新北市新莊區中和街157號
新北市立新莊高級中學,新莊區,新北市新莊區中平路135號,學校、大型集會場所,傳達室內
新北市政府警察局新莊分局頭前派出所,新莊區,新北市新莊區化成路312號,其他,一樓入口
和泰汽車新莊綜合園區,新莊區,新北市新莊區明中街10號,其他,研修大樓2樓
新北市政府警察局新莊分局中港派出所,新莊區,新北市新莊區中港路352號,其他,派出所一樓
新北市政府警察局新莊分局新莊派出所,新莊區,新北市新莊區中正路1之1號,其他,一樓大廳
新北市新莊區新泰市民活動中心,新莊區,新北市新莊區建中街116巷3弄2號,其他,1樓
新北市政府警察局新莊分局警備隊,新莊區,新北市新莊區中正路150號1樓,其他,一樓大廳
新北市新莊區公所,新莊區,新北市新莊區中正路176號,其他,10樓禮堂
新北市新莊區新莊國民小學,新莊區,新北市新莊區中正路86號,學校、大型集會場所,大門穿堂處
新北市新莊區新莊國民小學,新莊區,新北市新莊區中正路86號,學校、大型集會場所,孫鳳堂
竹城新東京社區管理委員會,新莊區,新北市新莊區頭前路116-148號,其他,保全櫃檯旁牆邊
新北市新莊區昌隆國民小學,新莊區,新北市新莊區昌隆街63號,學校、大型集會場所,新莊區昌隆國小
新北市新莊區衛生所,新莊區,新北市新莊區中華路1段2號,其他,1樓大門內側
上將食品有限公司,新莊區,新北市新莊區幸福東路86號,其他,90號3樓員工教育訓練場所
天鏡科技股份有限公司,新莊區,新北市新莊區復興路一段3號五樓,其他,公司大廳入口處右側
新莊體育園區 體育館 2樓東區,新莊區,新北市新莊區中華路一段75號,大型休閒場所,新莊體育館 2樓東區
新莊體育園區 網球場,新莊區,新北市新莊區中華路一段75號,大型休閒場所,新莊網球場入口處
新莊體育園區 田徑場警衛室外,新莊區,新北市新莊區中華路一段75號,大型休閒場所,新莊田徑場警衛室門口外
新莊體育園區 體育館警衛室,新莊區,新北市新莊區中華路一段75號,大型休閒場所,新莊體育館警衛室外
好市多股份有限公司新莊分公司,新莊區,新北市新莊區建國一路138號一樓,大型購物場所,賣場BI收銀機台前方
好市多股份有限公司新莊分公司,新莊區,新北市新莊區建國一路138號一樓,大型購物場所,賣場一樓手扶梯上方
美麗新宏匯影城,新莊區,新北市新莊區新北大道4段3號8樓,大型休閒場所,美麗新影城
優達科技股份有限公司,新莊區,新北市新莊區建國一路300號10樓,其他,優達科技股份有限公司10樓
優達科技股份有限公司,新莊區,新北市新莊區建國一路300號10樓,其他,優達科技股份有限公司11樓
宏匯廣場,新莊區,新北市新莊區新北大道四段3號1樓,大型購物場所,宏匯廣場1樓服務台旁(新北大道側)
新北市新莊區昌平國民小學,新莊區,新北市新莊區昌平街200號,學校、大型集會場所,健康廣場
遠雄巴黎公園社區管理委員會,新莊區,新北市新莊區新北大道三段49號,其他,大廳管理中心旁
行政院新莊聯合辦公大樓,新莊區,新北市新莊區中平路439號,其他,"北棟10樓南側1015,1016會議室口"
行政院新莊聯合辦公大樓,新莊區,新北市新莊區中平路439號,其他,北棟1樓大廳郵局旁
行政院新莊聯合辦公大樓,新莊區,新北市新莊區中平路439號,其他,B1F綠廊東北側
行政院新莊聯合辦公大樓,新莊區,新北市新莊區中平路439號,其他,南棟1樓大廳
行政院新莊聯合辦公大樓,新莊區,新北市新莊區中平路439號,其他,"南棟10樓南側1003,1004會議室口"
遠雄國匯接待中心,新莊區,新北市新莊區新北大道四段199號3樓,其他,遠雄國匯
國家電影及視聽文化中心,新莊區,新北市新莊區文藝路2號,大型休閒場所,本中心一樓大廳
國家電影及視聽文化中心,新莊區,新北市新莊區文藝路2號,大型休閒場所,本中心四樓梯廳
國家電影及視聽文化中心,新莊區,新北市新莊區文藝路2號,大型休閒場所,本中心地下一樓廳間
國家電影及視聽文化中心,新莊區,新北市新莊區文藝路2號,大型休閒場所,三樓圖書館
遠雄九五,新莊區,新北市新莊區新北大道3段157~163號,其他,新莊區新北大道3段163號40樓
香港商世界健身事業有限公司北新莊分公司,新莊區,新北市新莊區幸福路778號B1,學校、大型集會場所,俱樂部大廳
新莊廣福宮,新莊區,新北市新莊區新莊路150號,其他,左前門入口處
新北市天主教恆毅高級中學,新莊區,新北市新莊區中正路108號,學校、大型集會場所,游泳池
新北市政府警察局新莊分局中平派出所,新莊區,新北市新莊區中平路288號,其他,一樓入口
家樂福中平店,新莊區,新北市新莊區中平路108號B1,大型購物場所,服務中心旁的圓柱
裕信汽車股份有限公司 新莊分公司,新莊區,新北市新莊區思源路40-1號,其他,客戶休息區
翰品酒店新莊館,新莊區,新北市新莊區中正路82號,旅宿場所,翰品酒店新莊館1樓大廳入口
新北市新莊區化成市民活動中心,新莊區,新北市新莊區化成路三一四巷二號,其他,大廳
新北市新莊區中信國民小學,新莊區,新北市新莊區中信街168號,學校、大型集會場所,一樓健康中心外面走廊(健康中心門口右側)
新北市新莊區瓊泰市民活動中心,新莊區,新北市新莊區瓊泰路85號,其他,1樓交誼廳
新北市新莊區海山市民活動中心,新莊區,新北市新莊區瓊泰路211號,其他,1樓
新北市新莊區福壽市民活動中心,新莊區,新北市新莊區昌明街1號,其他,1樓
新光人壽新莊大樓,新莊區,新北市新莊區中正路149號,其他,一樓大門口室內
新北市新莊區牡丹心市民活動中心,新莊區,新北市新莊區雙鳳路75號5樓,其他,5樓
新北市立圖書館新莊中港分館,新莊區,新北市新莊區中港路350號5樓,大型休閒場所,五樓服務櫃檯前區域
新北市新莊區福前市民活動中心,新莊區,新北市新莊區化成路746巷2號,其他,1樓
新北市新莊區豐年市民活動中心,新莊區,新北市新莊區豐年街57-5號,其他,1樓
新北市立頭前國民中學,新莊區,新北市新莊區中原路2號,學校、大型集會場所,新北市頭前國中
新北市新莊區全安市民活動中心,新莊區,新北市新莊區新莊路527號,其他,2樓
新北市新莊區四維市民活動中心,新莊區,新北市新莊區四維路186巷2號,其他,1樓
新北市新莊區聯合市民活動中心,新莊區,新北市新莊區自由街1號,其他,1樓
新北市立圖書館新莊福營分館,新莊區,新北市新莊區四維路9號3-5樓,大型休閒場所,本館4樓借還書流通櫃檯
新北市新莊區中環市民活動中心,新莊區,新北市新莊區中環路二段392號之一,其他,大廳
新北市新莊區興化市民活動中心,新莊區,新北市新莊區五工路68巷2號4樓,其他,4樓
新莊西盛環保河濱公園,新莊區,新北市新莊區停車場票亭,其他,停車場票亭
新北市新莊區後港市民活動中心,新莊區,新北市新莊區建安街26巷4號,其他,1樓
新北市立圖書館新莊裕民分館,新莊區,新北市新莊區裕民街136號4樓,大型休閒場所,4樓大門入口處右側
新北市新莊區民安國民小學,新莊區,新北市新莊區民安路261號,學校、大型集會場所,忠孝樓一樓樓梯旁
新北市立新莊國民中學,新莊區,新北市新莊區中正路211號,學校、大型集會場所,學生活動中心與操場交接處開放空間
新北市政府警察局交通警察大隊新莊分隊,新莊區,新北市新莊區福營路282號,其他,一樓值班大廳左側
國都汽車股份有限公司丹鳳服務廠,新莊區,新北市新莊區中正路717號,其他,服務廠客休室
新北市新泰社會福利服務中心,新莊區,新北市新莊區福營路277號4樓,其他,新泰社福中心牆上
新北市天主教恆毅高級中學,新莊區,新北市新莊區中正路108號,學校、大型集會場所,警衛室
新北市立新泰國民中學,新莊區,新北市新莊區新泰路359號,學校、大型集會場所,新泰國中健康中心旁穿堂
國都汽車股份有限公司新莊服務廠,新莊區,新北市新莊區中正路70-2號,其他,服務廠客休室
新北市新莊區新泰國民小學,新莊區,新北市新莊區公園一路91號,學校、大型集會場所,新泰國小警衛室
新北市新莊區頭前國民小學,新莊區,新北市新莊區化成路231號,學校、大型集會場所,迎曦樓穿堂
宏匯廣場,新莊區,新北市新莊區新北大道四段3號1樓,大型購物場所,5樓醫護室
晶冠開發股份有限公司,新莊區,新北市新莊區五工路66號,大型購物場所,1樓大廳服務台右側
新北市立圖書館新莊聯合分館,新莊區,新北市新莊區自由街1號3樓,大型休閒場所,新北市新莊區自由街1號3樓
新北市立圖書館新莊西盛分館,新莊區,新北市新莊區西盛街216號,大型休閒場所,新莊西盛分館一樓
新北市瑞芳區吉慶國民小學,瑞芳區,新北市瑞芳區大埔路95號,學校、大型集會場所,1樓的樓梯入口
新北市政府警察局瑞芳分局鼻頭派出所,瑞芳區,新北市瑞芳區鼻頭路101號,其他,派出所1樓
新北市瑞芳區瓜山國民小學,瑞芳區,新北市瑞芳區石山里五號路306號,學校、大型集會場所,瓜山國小健康中心走廊
新北市政府環境保護局瑞芳區清潔隊,瑞芳區,新北市瑞芳區明燈路3段2號2樓,其他,瑞芳第一市場2樓
新北市政府警察局瑞芳分局偵查隊,瑞芳區,新北市瑞芳區明燈路3段25號,其他,一樓偵查隊入口左側
時雨學校財團法人新北市私立時雨高級中學,瑞芳區,新北市瑞芳區祈堂路217號,學校、大型集會場所,健康中心
時雨學校財團法人新北市私立時雨高級中學,瑞芳區,新北市瑞芳區祈堂路217號,學校、大型集會場所,2樓教官室門口
新北市立黃金博物館,瑞芳區,新北市瑞芳區金光路8號,觀光旅遊地區,本山五坑(體驗坑道入口)
九份昇平戲院,瑞芳區,新北市瑞芳區輕便路137號,觀光旅遊地區,無障礙廁所旁
新北市立黃金博物館,瑞芳區,新北市瑞芳區金光路8號,觀光旅遊地區,遊客中心
新北市瑞芳區義方國民小學,瑞芳區,新北市瑞芳區逢甲路360號,學校、大型集會場所,穿堂
新北市政府警察局瑞芳分局大寮派出所,瑞芳區,新北市瑞芳區傑魚坑路278號,其他,一樓值班台前方牆壁
新北市瑞芳地政事務所,瑞芳區,新北市瑞芳區明燈路3段32號,其他,本所大廳
新北市瑞芳區第一公有零售市場,瑞芳區,新北市瑞芳區明燈路3段2號,其他,市場1樓廁所旁
新北市瑞芳區瑞芳美食廣場,瑞芳區,新北市瑞芳區民生街35巷2號,其他,市場1樓共食區旁
新北市政府警察局瑞芳分局四腳亭派出所,瑞芳區,新北市瑞芳區瑞竹路124號,其他,派出所一樓
交通部臺灣鐵路管理局宜蘭運務段四腳亭站,瑞芳區,新北市瑞芳區新北市瑞芳區中央路65號,交通要衝,四腳亭火車站候車室
新北市瑞芳區鼻頭國民小學,瑞芳區,新北市瑞芳區鼻頭路99號,學校、大型集會場所,辦公室外牆
新北市立欽賢國民中學-鼻頭校區,瑞芳區,新北市瑞芳區南雅里南雅路87之1號,學校、大型集會場所,專科大樓1樓健康中心-行政辦公室後門牆壁
新北市瑞芳區猴硐國民小學,瑞芳區,新北市瑞芳區九芎橋路69-1號,學校、大型集會場所,警衛室內(一警內)
新北市政府警察局瑞芳分局金瓜石派出所,瑞芳區,新北市瑞芳區金光路51號,其他,一樓內休憩區旁。
新北市政府警察局瑞芳分局水湳洞派出所,瑞芳區,新北市瑞芳區洞頂路8號,其他,一樓左側
第一商業銀行瑞芳分行,瑞芳區,新北市瑞芳區明燈路3段76號,其他,大門入口左側牆壁上
新北市瑞芳區瑞柑國民小學,瑞芳區,新北市瑞芳區明燈路一段18巷13號,學校、大型集會場所,川堂壁掛式
新北市瑞芳區瑞亭國民小學,瑞芳區,新北市瑞芳區上天里四腳亭埔路23號,學校、大型集會場所,學校川堂
新北市瑞芳區瑞亭國民小學,瑞芳區,新北市瑞芳區上天里四腳亭埔路23號,學校、大型集會場所,本校穿堂
新北市政府警察局瑞芳分局瑞濱派出所,瑞芳區,新北市瑞芳區建基路一段5之1號,其他,備勤室入口左側
交通部臺灣鐵路管理局宜蘭運務段瑞芳站,瑞芳區,新北市瑞芳區龍潭里明燈路3段82號,交通要衝,前站候車大廳無障礙入口右側
新北市瑞芳區瑞芳國民小學,瑞芳區,新北市瑞芳區中山路2號,學校、大型集會場所,瑞芳國小警衛室內
新北市瑞芳區衛生所,瑞芳區,新北市瑞芳區明燈路三段1號,其他,新北市瑞芳區明燈路3段1號1樓
新北市政府警察局瑞芳分局瑞芳派出所,瑞芳區,新北市瑞芳區明燈路三段25號1樓,其他,1樓辦公桌旁
新北市立瑞芳國民中學,瑞芳區,新北市瑞芳區三爪子坑路1號,學校、大型集會場所,健康中心
新北市瑞芳區公所,瑞芳區,新北市瑞芳區逢甲路82號,其他,一樓左側靠近公文收發處
新北市立欽賢國民中學-九份校區,瑞芳區,新北市瑞芳區永慶里崙頂路3之1號,學校、大型集會場所,警衛室進門牆壁上
新北市瑞芳區九份國民小學,瑞芳區,新北市瑞芳區崙頂路145號,學校、大型集會場所,九份國小
新北市立瑞芳高級工業職業學校,瑞芳區,新北市瑞芳區瑞芳街60號,學校、大型集會場所,健康中心外牆(建興樓1樓)
新北市政府警察局瑞芳分局猴硐派出所,瑞芳區,新北市瑞芳區九芎橋路96號,其他,1樓值班台旁
新北市政府警察局瑞芳分局九份派出所,瑞芳區,新北市瑞芳區豎崎路24號,其他,1樓值班台左前方
新北市政府警察局交通警察大隊瑞芳分隊,瑞芳區,新北市瑞芳區大寮路43號,其他,進大門左側
交通部臺灣鐵路管理局宜蘭運務段猴硐站,瑞芳區,新北市瑞芳區柴寮路70號,交通要衝,二樓大廳
交通部台灣鐵路管理局宜蘭運務段三貂嶺站,瑞芳區,新北市瑞芳區碩仁里魚寮路1號,交通要衝,候車室
猴硐煤礦博物園區(旅遊資訊中心),瑞芳區,新北市瑞芳區柴寮路(候硐火車站前),觀光旅遊地區,猴硐煤礦博物園區(旅遊資訊中心)櫃臺
猴硐煤礦博物園區(旅遊資訊中心),瑞芳區,新北市瑞芳區柴寮路(候硐火車站前),觀光旅遊地區,猴硐煤礦博物園區(遊客中心)櫃臺
猴硐煤礦博物園區(旅遊資訊中心),瑞芳區,新北市瑞芳區柴寮路(候硐火車站前),觀光旅遊地區,猴硐煤礦博物園區(烘砂室)
九份遊客中心,瑞芳區,新北市瑞芳區汽車路89號,觀光旅遊地區,九份遊客中心櫃臺前
法商台灣迪卡儂瑞芳倉庫,瑞芳區,新北市瑞芳區楓子瀨路1巷9號F棟,其他,1F大廳
法商台灣迪卡儂瑞芳倉庫,瑞芳區,新北市瑞芳區楓子瀨路1巷9號F棟,其他,2F餐廳
新北市政府警察局瑞芳分局瑞芳派出所,瑞芳區,新北市瑞芳區明燈路三段25號1樓,其他,派出所內
新北市立圖書館瑞芳分館,瑞芳區,新北市瑞芳區民權街17號2樓,大型休閒場所,飲水機旁
新北市立萬里國民中學,萬里區,新北市萬里區新北市萬里區獅頭路24號,學校、大型集會場所,健康中心
野柳地質公園,萬里區,新北市萬里區野柳里港東路167-1號,觀光旅遊地區,遊客中心護理站
新北市萬里區萬里國民小學,萬里區,新北市萬里區瑪鋉路18號,學校、大型集會場所,健康中心
金山財神廟,萬里區,新北市萬里區磺潭里公館崙52之2號,其他,金山財神廟服務台
金湧泉SPA溫泉會館,萬里區,新北市萬里區加投213-3號,大型公眾浴場或溫泉區,大廳進門處旁
台灣電力股份有限公司第二核能發電廠北部展示館,萬里區,新北市萬里區野柳里八斗60號,其他,1F大廳左側手扶梯旁
沐舍國際股份有限公司-沐舍溫泉渡假酒店,萬里區,新北市萬里區萬里加投166-1號,大型公眾浴場或溫泉區,沐舍國際股份有限公司
中規開發股份有限公司（野柳海洋世界）,萬里區,新北市萬里區野柳里港東路167-3號,觀光旅遊地區,本館二樓會議室入口前
中規開發股份有限公司（野柳海洋世界）,萬里區,新北市萬里區野柳里港東路167-3號,觀光旅遊地區,B1海底探索館-魚隻分布圖旁
中規開發股份有限公司（野柳海洋世界）,萬里區,新北市萬里區野柳里港東路167-3號,觀光旅遊地區,1樓大廳左側
新北市萬里區崁腳國民小學,萬里區,新北市萬里區崁腳里59號,學校、大型集會場所,健康中心
新北市萬里區公所,萬里區,新北市萬里區瑪鋉路123號,其他,1樓大門入口右手邊地方特產展示中心
新北市私立中華商業海事職業學校,萬里區,新北市萬里區瑪鋉路15號,學校、大型集會場所,中華商海
新北市政府警察局金山分局萬里分駐所,萬里區,新北市萬里區瑪鋉路153號,其他,分駐所1樓
新北市政府警察局金山分局野柳派出所,萬里區,新北市萬里區港西9號,其他,派出所一樓
新北市政府警察局金山分局崁腳派出所,萬里區,新北市萬里區崁腳路38號,其他,派出所備勤室
新北市立圖書館萬里分館,萬里區,新北市萬里區瑪鋉路221號4樓,大型休閒場所,辦公室門口
新北市萬里區大坪國民小學,萬里區,新北市萬里區雙興里大坪路1號,學校、大型集會場所,大門正前方守衛室門口
新北市政府警察局金山分局大鵬派出所,萬里區,新北市萬里區大鵬里萬里加投81號,其他,大鵬派出所所長室
新北市萬里區大鵬國民小學,萬里區,新北市萬里區大鵬里萬里加投14號,學校、大型集會場所,警衛室外側牆面上
財團法人新北市私立馨園老人養護中心,萬里區,新北市萬里區磺潭里公館崙23-1號,其他,1F進門口左側
野柳渡假村股份有限公司,萬里區,新北市萬里區野柳里港東路162號之2,旅宿場所,A館
萬里加投公共浴室,萬里區,新北市萬里區加投路205-5號左側,大型公眾浴場或溫泉區,公共浴室階梯入口牆壁上
新北市萬里區衛生所,萬里區,新北市萬里區新北市萬里區萬里里4鄰瑪鋉路157號,其他,衛生所1樓樓梯口
新北市萬里區野柳國民小學,萬里區,新北市萬里區野柳里港東路167號,學校、大型集會場所,幼兒園旁
新北市萬里區萬里公有零售市場,萬里區,新北市萬里區瑪鋉路261號,其他,市場管理室
新北市萬里區萬里野柳臨時攤販集中場,萬里區,新北市萬里區野柳里港東路攤販街2號（野柳風景特定區海洋地質公園前）,其他,市場攤位旁空間
福泰翡翠灣渡假飯店,萬里區,新北市萬里區翡翠路17號,旅宿場所,大廳
新北市政府環境保護局樹林垃圾焚化廠,樹林區,新北市樹林區中山路三段212號,其他,行政大樓1F
新北市樹林區樹林國民小學,樹林區,新北市樹林區育英街176號,學校、大型集會場所,新北市樹林國小正門入口左手邊健康中心外面
新北市樹林區公所,樹林區,新北市樹林區鎮前街93號,其他,一樓服務大廳
樹林秀泰影城股份有限公司,樹林區,新北市樹林區樹新路40-6號8樓,大型休閒場所,8樓販賣部前方
新北市立圖書館樹林東昇分館,樹林區,新北市樹林區中山路二段80號三樓,大型休閒場所,三樓閱覽室
新北市立圖書館樹林柑園圖書閱覽室,樹林區,新北市樹林區佳園路三段128號2樓,大型休閒場所,閱報區
新北市樹林區衛生所,樹林區,新北市樹林區樹新路40-7號,其他,門診走道
新北市立育林國民中學,樹林區,新北市樹林區復興路395號,學校、大型集會場所,圖書館大樓一樓
交通部臺灣鐵路管理局臺北運務段樹林站,樹林區,新北市樹林區鎮前街112號,交通要衝,剪收票口
交通部臺灣鐵路管理局臺北運務段樹林站,樹林區,新北市樹林區鎮前街112號,交通要衝,第二月臺第5車位置
交通部臺灣鐵路管理局臺北運務段樹林站,樹林區,新北市樹林區鎮前街112號,交通要衝,第三月臺第7車位置
交通部臺灣鐵路管理局臺北運務段樹林站,樹林區,新北市樹林區鎮前街112號,交通要衝,第一月臺第5車位置
大智通文化行銷股份有限公司,樹林區,新北市樹林區佳園路二段70-1號,其他,三期3樓辦公室旁
大智通文化行銷股份有限公司,樹林區,新北市樹林區佳園路二段70-1號,其他,三期4樓辦公區旁
大智通文化行銷股份有限公司,樹林區,新北市樹林區佳園路二段70-1號,其他,玻璃門玄關處
大智通文化行銷股份有限公司,樹林區,新北市樹林區佳園路二段70-1號,其他,三期2樓AGV辦公室旁
大智通文化行銷股份有限公司,樹林區,新北市樹林區佳園路二段70-1號,其他,三期1樓ES物流二辦公室旁
新北市政府警察局樹林分局柑園派出所,樹林區,新北市樹林區佳園路三段20號,其他,一樓入口
新北市立柑園國民中學,樹林區,新北市樹林區柑園街二段125號,學校、大型集會場所,本校健康中心前走廊
新北市樹林區育德國民小學,樹林區,新北市樹林區佳園路一段34號,學校、大型集會場所,育德國小警衛室內
尖點科技股份有限公司,樹林區,新北市樹林區佳園路三段203號,其他,一樓大廳
新北市樹林地政事務所,樹林區,新北市樹林區地政街12號,其他,本所1樓樓梯旁
交通部臺灣鐵路管理局臺北運務段山佳站,樹林區,新北市樹林區中山路三段108號,交通要衝,2樓大廳剪收票旁
家福股份有限公司台北樹林分公司,樹林區,新北市樹林區大安路118號,大型購物場所,3F結帳出口處
新北市政府警察局樹林分局樹林派出所,樹林區,新北市樹林區鎮前街35號,其他,1樓入口
新北市樹林區武林國民小學,樹林區,新北市樹林區保安街二段151號,學校、大型集會場所,健康中心
新北市樹林區武林國民小學,樹林區,新北市樹林區保安街二段151號,學校、大型集會場所,武林國小千禧樓1樓
新日興股份有限公司/俊英廠,樹林區,新北市樹林區俊英街174號,其他,A棟2樓大廳前
新日興股份有限公司/俊英廠,樹林區,新北市樹林區俊英街174號,其他,E棟1樓碼頭下貨處
新日興股份有限公司/俊英廠,樹林區,新北市樹林區俊英街174號,其他,H棟1樓通廊靠近乙梯
新日興股份有限公司/新樹廠A棟,樹林區,新北市樹林區新樹路529號A棟,其他,A棟一樓電梯旁
新日興股份有限公司/俊興廠,樹林區,新北市樹林區俊興街291號,其他,一樓辦公室外
新日興股份有限公司/三俊廠,樹林區,新北市樹林區三俊街69號,其他,A棟一樓打卡處
新北市樹林國民運動中心,樹林區,新北市樹林區中正路188-6號,學校、大型集會場所,1樓游泳池
新北市樹林國民運動中心,樹林區,新北市樹林區中正路188-6號,學校、大型集會場所,一樓棋藝閱覽區
新北市樹林國民運動中心,樹林區,新北市樹林區中正路188-6號,學校、大型集會場所,2樓球場櫃台
樹林藝文中心,樹林區,新北市樹林區樹新路40-8號,大型休閒場所,1樓前台大廳
新北市私立嘉恩長期老人照顧中心,樹林區,新北市樹林區大安路516號3樓,交通要衝,機構大廳
CURVES女性30分鐘環狀運動樹林店,樹林區,新北市樹林區中山路一段98號2樓,學校、大型集會場所,進門正右方牆面上(環狀運動圈旁邊)
億光電子工業股份有限公司,樹林區,新北市樹林區中華路6之8號,其他,1F側門大廳入口處
新北市私立慈嘉老人長期照顧中心,樹林區,新北市樹林區大安路323巷10弄18號,其他,機構大廳
新北市政府警察局樹林分局三多派出所,樹林區,新北市樹林區三福街72號,其他,1樓入口
新北市私立慈泰老人長期照顧中心,樹林區,新北市樹林區中正路632巷1號,交通要衝,機構大廳
第一商業銀行樹林分行,樹林區,新北市樹林區中山路1段27-7號1樓、27-8號1樓,其他,大門進入左側
新北市政府警察局樹林分局,樹林區,新北市樹林區保安街1段283號,其他,一樓入口
泉世界社區,樹林區,新北市樹林區大安路612號1樓,其他,社區大廳
樹林體育園區 省民公園(漆彈場警衛室口),樹林區,新北市樹林區水源街81號,大型休閒場所,省民公園 漆彈場門口 警衛室旁
中國砂輪企業股份有限公司樹林廠,樹林區,新北市樹林區中山路二段151巷16號,其他,1樓大廳門口右手邊
新北市政府警察局樹林分局彭厝派出所,樹林區,新北市樹林區國凱街65號,其他,1樓入口
新北市立三多國民中學,樹林區,新北市樹林區三多路101號,學校、大型集會場所,警衛室
新北市立桃子腳國民中小學,樹林區,新北市樹林區學勤路555號,學校、大型集會場所,k棟圓庭
新北市立桃子腳國民中小學,樹林區,新北市樹林區學勤路555號,學校、大型集會場所,健康中心內
新北市立桃子腳國民中小學,樹林區,新北市樹林區學勤路555號,學校、大型集會場所,輔導室內
新北市立桃子腳國民中小學,樹林區,新北市樹林區學勤路555號,學校、大型集會場所,警衛室門口
新北市樹林區三多國民小學,樹林區,新北市樹林區三福街52號,學校、大型集會場所,忠孝樓一樓川堂
新北市樹林區柑園國民小學,樹林區,新北市樹林區柑園街一段353號一樓,學校、大型集會場所,川堂
樹林體育園區網球場,樹林區,新北市樹林區水源街81號,大型休閒場所,樹林體育園區網球場
新北市私立樹人高級家事商業職業學校,樹林區,新北市樹林區大安路216號,學校、大型集會場所,健康中心外
新北市政府警察局樹林分局山佳派出所,樹林區,新北市樹林區中山路三段38號,其他,1樓入口
新北市樹林區山佳國民小學,樹林區,新北市樹林區中山路3段5號,學校、大型集會場所,健康中心外走廊
新北市樹林區育林國民小學,樹林區,新北市樹林區復興路395號,學校、大型集會場所,警衛室
國都汽車股份有限公司樹林服務廠,樹林區,新北市樹林區大安路40號,其他,客休室
交通部公路總局臺北區監理所,樹林區,新北市樹林區中正路248巷7號,其他,進大門右側動保辦公室旁
新北市樹林區文林國民小學,樹林區,新北市樹林區千歲街59號,學校、大型集會場所,警衛室
新北市立樹林高級中學,樹林區,新北市樹林區中華路8號,學校、大型集會場所,至善樓
新北市政府環境保護局樹林區清潔隊,樹林區,新北市樹林區八德街339號,其他,樹林區清潔隊
新北市樹林區大同國民小學,樹林區,新北市樹林區大同街43號,學校、大型集會場所,警衛室
新北市樹林區彭福國民小學,樹林區,新北市樹林區忠孝街30號,學校、大型集會場所,學校穿堂內走廊右側
新北市樹林區彭福國民小學,樹林區,新北市樹林區忠孝街30號,學校、大型集會場所,仁愛樓一樓健康中心內
新北市樹林區保安攤集場,樹林區,新北市樹林區保安街一段14巷,其他,管理室
新北市雙溪區公有零售市場,雙溪區,新北市雙溪區太平路50號,其他,市場1樓市場1樓清潔人員辦公室內
新北市立雙溪高級中學,雙溪區,新北市雙溪區梅竹蹊3號,學校、大型集會場所,學務處川堂
新北市雙溪區衛生所,雙溪區,新北市雙溪區新基南街18號,其他,本所大廳
新北市政府警察局瑞芳分局平林派出所,雙溪區,新北市雙溪區內平林47號,其他,辦公室
新北市政府警察局瑞芳分局雙溪分駐所,雙溪區,新北市雙溪區太平路64號,其他,雙溪分駐所
新北市雙溪區牡丹國民小學,雙溪區,新北市雙溪區三貂里政光路3號,學校、大型集會場所,健康中心前
新北市政府警察局瑞芳分局牡丹派出所,雙溪區,新北市雙溪區牡丹路106號,其他,派出所一樓近所長室門口左側
新北市雙溪區上林國民小學,雙溪區,新北市雙溪區內平林60號,學校、大型集會場所,上林國小
新北市政府警察局瑞芳分局柑腳派出所,雙溪區,新北市雙溪區長源里柑腳19號,其他,進大門左側
交通部臺灣鐵路管理局宜蘭運務段雙溪站,雙溪區,新北市雙溪區朝陽街1號,交通要衝,候車室剪票口旁
新北市政府警察局瑞芳分局太平派出所,雙溪區,新北市雙溪區泰平里大平62號,其他,一樓備勤辦公室內
新北市立圖書館雙溪分館,雙溪區,新北市雙溪區太平路50號3F,大型休閒場所,櫃台正前方
雙溪平林休閒農場,雙溪區,新北市雙溪區平林里外平林35號,觀光旅遊地區,遊客中心內
新北市雙溪區雙溪國民小學,雙溪區,新北市雙溪區共和里東榮街54號,學校、大型集會場所,新北市雙溪國小
新北市雙溪區柑林國民小學,雙溪區,新北市雙溪區長源里柑腳3號,學校、大型集會場所,校史室
新北市雙溪區公所,雙溪區,新北市雙溪區東榮街25號,其他,新北市雙溪區公所
新北市雙溪區公所,雙溪區,新北市雙溪區東榮街25號,其他,1樓辦公室
新北市蘆洲區鷺江國民小學,蘆洲區,新北市蘆洲區民族路7號,學校、大型集會場所,健康中心外牆
新北市立圖書館蘆洲永安圖書閱覽室,蘆洲區,新北市蘆洲區永安南路二段134號2樓,大型休閒場所,蘆洲永安圖書閱覽室
新北市政府環境保護局蘆洲區清潔隊(地勤辦公室),蘆洲區,新北市蘆洲區三民路611號1樓,其他,辦公室入門口正前方
新北市蘆洲區永安兒童公園市民活動中心,蘆洲區,新北市蘆洲區永安北路二段42-6號,其他,銀髮族室
新北市蘆洲區永平公有零售市場,蘆洲區,新北市蘆洲區永平街1號,其他,廁所外
新北市蘆洲區溪墘湧蓮市民活動中心,蘆洲區,新北市蘆洲區信義路65號,其他,管理員室外
新北市蘆洲中山立體停車場,蘆洲區,新北市蘆洲區得勝街107號,其他,管理室內
新北市立鷺江國民中學,蘆洲區,新北市蘆洲區長樂路235號,學校、大型集會場所,總務處走廊
新北市蘆洲國民運動中心,蘆洲區,新北市蘆洲區長樂路235-1號,學校、大型集會場所,1樓大廳
新北市蘆洲國民運動中心,蘆洲區,新北市蘆洲區長樂路235-1號,學校、大型集會場所,3樓健身房
新北市蘆洲區永平公有零售市場,蘆洲區,新北市蘆洲區永平街1號,其他,市場1樓側門(往廣場門)旁
新北市蘆洲區蘆洲公有零售市場,蘆洲區,新北市蘆洲區成功路160號,其他,市場1樓攤位共食區旁
新北市蘆洲戶政事務所,蘆洲區,新北市蘆洲區集賢路245號8樓,其他,本所民眾等待區內
新北市環保局稽查科第四分隊,蘆洲區,新北市蘆洲區集賢路245號11樓,其他,集賢路245號11樓
新北市立圖書館蘆洲長安分館,蘆洲區,新北市蘆洲區長安街96號3樓,大型休閒場所,新北市立圖書館蘆洲長安分館
新北市立三民高級中學,蘆洲區,新北市蘆洲區三民路96號,學校、大型集會場所,警衛室旁
新北市蘆洲區蘆洲國民小學,蘆洲區,新北市蘆洲區中正路100號,學校、大型集會場所,警衛室
臺北捷運徐匯中學站O52,蘆洲區,新北市蘆洲區中山一路3號,交通要衝,車站大廳詢問處旁
臺北捷運三民高中站O53,蘆洲區,新北市蘆洲區三民路105號,交通要衝,車站大廳詢問處旁
臺北捷運蘆洲站O54,蘆洲區,新北市蘆洲區三民路386號,交通要衝,車站大廳詢問處旁
新北市立蘆洲國民中學,蘆洲區,新北市蘆洲區中正路265號,學校、大型集會場所,健康中心外走廊
新北市蘆洲區衛生所,蘆洲區,新北市蘆洲區中央路58號,其他,1F門診處
新北市政府警察局蘆洲分局蘆洲派出所,蘆洲區,新北市蘆洲區蘆洲區中山二路92號,其他,大廳值班臺後方
新北市私立徐匯高級中學,蘆洲區,新北市蘆洲區中山一路1號,學校、大型集會場所,自強樓1樓中梯
新北市私立徐匯高級中學,蘆洲區,新北市蘆洲區中山一路1號,學校、大型集會場所,教務處旁
香港商世界健身事業有限公司蘆洲分公司,蘆洲區,新北市蘆洲區民族路31-5號,學校、大型集會場所,1F客服櫃台右側
新北市政府警察局交通警察大隊蘆洲分隊,蘆洲區,新北市蘆洲區中山二路92號3樓,其他,3樓
新北市蘆洲區集賢市民活動中心,蘆洲區,新北市蘆洲區集賢路245號7樓之1,其他,活動中心大禮堂內
新北市蘆洲區仁愛國民小學,蘆洲區,新北市蘆洲區民族路488號,學校、大型集會場所,大門口川堂左側
慶明眼科診所,蘆洲區,新北市蘆洲區中山二路32號1樓,其他,慶明眼科珍所
成旅觀光股份有限公司蘆洲分公司,蘆洲區,新北市蘆洲區中山一路8號6樓,旅宿場所,飯店大廳
新北市蘆洲區永安兒童公園市民活動中心,蘆洲區,新北市蘆洲區永安北路二段42-6號,其他,1樓服務檯右前側壁上。
新北市蘆洲區成功國民小學,蘆洲區,新北市蘆洲區長安街311號,學校、大型集會場所,大門口警衛室
新北市蘆洲區水湳老人活動中心,蘆洲區,新北市蘆洲區民族路426巷17號,其他,2樓閱覽室左側壁上
新北市立圖書館蘆洲兒童親子分館,蘆洲區,新北市蘆洲區集賢路221巷11號2樓,大型休閒場所,2樓櫃台旁
慈濟蘆洲靜思堂,蘆洲區,新北市蘆洲區長樂路125號,其他,1樓總務辦公室門口
新北市蘆洲區長安市民活動中心,蘆洲區,新北市蘆洲區長安街96號4樓,其他,管理員室外
新北市政府警察局蘆洲分局三民派出所,蘆洲區,新北市蘆洲區長榮路200號,其他,進大門右側值勤臺旁
新北市蘆洲區重陽市民活動中心,蘆洲區,新北市蘆洲區集賢路221巷11號,其他,活動中心大廳
CURVES女性30分鐘環狀運動蘆洲長樂店,蘆洲區,新北市蘆洲區長樂路106-1號3樓,學校、大型集會場所,店舖內右側牆面
新北市立圖書館蘆洲集賢分館,蘆洲區,新北市蘆洲區集賢路245號4樓,大型休閒場所,服務櫃檯旁邊
新北市蘆洲區得仁市民活動中心,蘆洲區,新北市蘆洲區中山一路415號6樓,其他,場館內部
耀泰健康顧問股份有限公司,蘆洲區,新北市蘆洲區三民路86號B1,學校、大型集會場所,教練櫃台旁
新北市政府警察局蘆洲分局延平派出所,蘆洲區,新北市蘆洲區長安街108巷2號,其他,1樓入口右側值班台旁
新北市政府警察局蘆洲分局集賢派出所,蘆洲區,新北市蘆洲區集賢路245號,其他,1樓值班台後方
捷運環狀線Y21施工站,蘆洲區,新北市蘆洲區集賢路與信義街口,交通要衝,捷運環狀線Y21施工站
國立空中大學,蘆洲區,新北市蘆洲區中正路172號,學校、大型集會場所,教學大樓一樓值日室門口
成吉思汗健身館有限公司,蘆洲區,新北市蘆洲區長安街156號B1,學校、大型集會場所,成吉思汗健身俱樂部
新北市蘆洲區公所,蘆洲區,新北市蘆洲區三民路95號,其他,一樓穿堂左側
新北市立蘆洲國民中學,蘆洲區,新北市蘆洲區中正路265號,學校、大型集會場所,教學大樓1樓
國都汽車股份有限公司蘆洲服務廠,蘆洲區,新北市蘆洲區正和街23號,其他,營業所展示間
新北市蘆洲區仁愛國民小學,蘆洲區,新北市蘆洲區民族路488號,學校、大型集會場所,幼兒園健康中心
新北市蘆洲區忠義國民小學,蘆洲區,新北市蘆洲區光榮路99號,學校、大型集會場所,健康中心外
財團法人新北市大樹社會福利基金會新北市蘆洲集賢公共托老中心,蘆洲區,新北市蘆洲區集賢路245號3樓,其他,公共托老中心門口進入，面對櫃台之右邊。
新北市政府環境保護局(蘆洲重陽大樓5樓),蘆洲區,新北市蘆洲區集賢路245號5樓,其他,新北市政府環境保護局(蘆洲重陽大樓11樓)
新北市蘆洲區衛生所,蘆洲區,新北市蘆洲區中央路58號,其他,1F門診處
新北市政府警察局三峽分局鳳鳴派出所,鶯歌區,新北市鶯歌區莒光街20號,其他,派出所一樓
新北市立鶯歌國民中學,鶯歌區,新北市鶯歌區尖山埔路108號,學校、大型集會場所,健康中心
國營臺灣鐵路股份有限公司臺北運務段鶯歌站,鶯歌區,新北市鶯歌區東鶯里文化路68之1號,交通要衝,第一月台值班站長室門前
新北市立鶯歌國民中學,鶯歌區,新北市鶯歌區尖山埔路108號,學校、大型集會場所,警衛室
國立臺灣工藝研究發展中心鶯歌多媒材研發分館,鶯歌區,新北市鶯歌區鳳鳴路160號,其他,1樓穿堂
成發居社區管理委員會,鶯歌區,新北市鶯歌區文化路233號,其他,出入口右前方
新北市鶯歌區建國國民小學,鶯歌區,新北市鶯歌區育英街2號,學校、大型集會場所,校園警衛室內
新北市立鶯歌高級工商職業學校,鶯歌區,新北市鶯歌區中正三路154號,學校、大型集會場所,鶯歌工商健康中心外面
新北市鶯歌區公所,鶯歌區,新北市鶯歌區仁愛路55號,其他,一樓大門口旁
新北市立圖書館鶯歌分館,鶯歌區,新北市鶯歌區中山路150號,大型休閒場所,裝置1樓櫃檯前方靠牆
新北市立鳳鳴國民中學,鶯歌區,新北市鶯歌區永和街33號,學校、大型集會場所,本校入口中庭處
新北市政府警察局三峽分局二橋派出所,鶯歌區,新北市鶯歌區中正三路6號,其他,派出所一樓
新北市立尖山國民中學,鶯歌區,新北市鶯歌區國中街1號,學校、大型集會場所,尖山國中健康中心
金鶯花園社區,鶯歌區,新北市鶯歌區尖山路266號,其他,社區大廳
國營臺灣鐵路股份有限公司臺北運務段鶯歌站,鶯歌區,新北市鶯歌區東鶯里文化路68之1號,交通要衝,2樓大廳
新北市鶯歌區二橋國民小學,鶯歌區,新北市鶯歌區中正三路106號,學校、大型集會場所,學務處外
新北市鶯歌區鶯歌國民小學,鶯歌區,新北市鶯歌區尖山埔路106號,學校、大型集會場所,健康中心門口外
新北市政府警察局三峽分局鶯歌分駐所,鶯歌區,新北市鶯歌區中正一路195號,其他,派出所一樓
新北市立鶯歌陶瓷博物館,鶯歌區,新北市鶯歌區文化路200號,大型休閒場所,1樓大廳諮詢服務臺旁
新北市鶯歌國民運動中心,鶯歌區,新北市鶯歌區館前路250號,學校、大型集會場所,大門入口處右手邊
新北市鶯歌區永吉國民小學,鶯歌區,新北市鶯歌區德昌二街2號,學校、大型集會場所,健康中心
新北市鶯歌區同慶里巡守隊,鶯歌區,新北市鶯歌區育英街200號,觀光旅遊地區,大門口旁
中國砂輪企業(股)有限公司-鶯歌廠,鶯歌區,新北市鶯歌區中山路64號,其他,警衛室後方
新北市鶯歌區衛生所,鶯歌區,新北市鶯歌區文化路389號,其他,新北市鶯歌區衛生所填寫區
新北市政府環境保護局鶯歌區清潔隊,鶯歌區,新北市鶯歌區新北市鶯歌區環河路175-18號,其他,停車場(國道3號高架橋下)
國都汽車股份有限公司鶯歌服務廠,鶯歌區,新北市鶯歌區文化路146號,其他,服務廠客休室
新北市鶯歌區鶯歌國民小學,鶯歌區,新北市鶯歌區尖山埔路106號,學校、大型集會場所,校門口警衛室外牆
新北市政府警察局三峽分局湖山派出所,鶯歌區,新北市鶯歌區大湖路371號,其他,派出所一樓
新北市鶯歌區昌福國民小學,鶯歌區,新北市鶯歌區永明街22號,學校、大型集會場所,學校大廳健康中心旁
新北市鶯歌區鳳鳴國民小學,鶯歌區,新北市鶯歌區永和街120號,學校、大型集會場所,學校川堂
新北市鶯歌區公有零售市場,鶯歌區,新北市鶯歌區建國路108號,其他,休息室旁邊
新北市鶯歌區中湖國民小學,鶯歌區,新北市鶯歌區中湖街25號,學校、大型集會場所,中湖國小-親師中心
