年月,區域別,性別,原住民人口數_合計數量,原住民人口數_平地原住民數量,原住民人口數_山地原住民數量
110年1月,總計,計,17106,9983,7123
110年1月,總計,男,7273,4365,2908
110年1月,總計,女,9833,5618,4215
110年1月,松山區,計,940,524,416
110年1月,松山區,男,388,216,172
110年1月,松山區,女,552,308,244
110年1月,信義區,計,1117,615,502
110年1月,信義區,男,443,250,193
110年1月,信義區,女,674,365,309
110年1月,大安區,計,1140,607,533
110年1月,大安區,男,485,277,208
110年1月,大安區,女,655,330,325
110年1月,中山區,計,1444,798,646
110年1月,中山區,男,578,339,239
110年1月,中山區,女,866,459,407
110年1月,中正區,計,768,446,322
110年1月,中正區,男,347,208,139
110年1月,中正區,女,421,238,183
110年1月,大同區,計,749,412,337
110年1月,大同區,男,329,172,157
110年1月,大同區,女,420,240,180
110年1月,萬華區,計,1438,756,682
110年1月,萬華區,男,610,324,286
110年1月,萬華區,女,828,432,396
110年1月,文山區,計,2215,1192,1023
110年1月,文山區,男,965,527,438
110年1月,文山區,女,1250,665,585
110年1月,南港區,計,1502,1042,460
110年1月,南港區,男,669,477,192
110年1月,南港區,女,833,565,268
110年1月,內湖區,計,2441,1636,805
110年1月,內湖區,男,1042,720,322
110年1月,內湖區,女,1399,916,483
110年1月,士林區,計,1688,958,730
110年1月,士林區,男,708,409,299
110年1月,士林區,女,980,549,431
110年1月,北投區,計,1664,997,667
110年1月,北投區,男,709,446,263
110年1月,北投區,女,955,551,404
110年2月,總計,計,17089,9969,7120
110年2月,總計,男,7265,4360,2905
110年2月,總計,女,9824,5609,4215
110年2月,松山區,計,940,523,417
110年2月,松山區,男,386,214,172
110年2月,松山區,女,554,309,245
110年2月,信義區,計,1128,616,512
110年2月,信義區,男,449,250,199
110年2月,信義區,女,679,366,313
110年2月,大安區,計,1134,603,531
110年2月,大安區,男,482,274,208
110年2月,大安區,女,652,329,323
110年2月,中山區,計,1433,795,638
110年2月,中山區,男,573,339,234
110年2月,中山區,女,860,456,404
110年2月,中正區,計,772,446,326
110年2月,中正區,男,348,207,141
110年2月,中正區,女,424,239,185
110年2月,大同區,計,748,411,337
110年2月,大同區,男,329,172,157
110年2月,大同區,女,419,239,180
110年2月,萬華區,計,1437,756,681
110年2月,萬華區,男,610,326,284
110年2月,萬華區,女,827,430,397
110年2月,文山區,計,2212,1198,1014
110年2月,文山區,男,966,531,435
110年2月,文山區,女,1246,667,579
110年2月,南港區,計,1492,1038,454
110年2月,南港區,男,664,475,189
110年2月,南港區,女,828,563,265
110年2月,內湖區,計,2443,1630,813
110年2月,內湖區,男,1043,719,324
110年2月,內湖區,女,1400,911,489
110年2月,士林區,計,1688,959,729
110年2月,士林區,男,707,409,298
110年2月,士林區,女,981,550,431
110年2月,北投區,計,1662,994,668
110年2月,北投區,男,708,444,264
110年2月,北投區,女,954,550,404
110年3月,總計,計,17074,9965,7109
110年3月,總計,男,7255,4356,2899
110年3月,總計,女,9819,5609,4210
110年3月,松山區,計,944,527,417
110年3月,松山區,男,386,217,169
110年3月,松山區,女,558,310,248
110年3月,信義區,計,1116,611,505
110年3月,信義區,男,441,247,194
110年3月,信義區,女,675,364,311
110年3月,大安區,計,1135,603,532
110年3月,大安區,男,481,273,208
110年3月,大安區,女,654,330,324
110年3月,中山區,計,1426,792,634
110年3月,中山區,男,571,336,235
110年3月,中山區,女,855,456,399
110年3月,中正區,計,770,444,326
110年3月,中正區,男,347,207,140
110年3月,中正區,女,423,237,186
110年3月,大同區,計,756,416,340
110年3月,大同區,男,335,177,158
110年3月,大同區,女,421,239,182
110年3月,萬華區,計,1432,758,674
110年3月,萬華區,男,607,327,280
110年3月,萬華區,女,825,431,394
110年3月,文山區,計,2204,1193,1011
110年3月,文山區,男,965,529,436
110年3月,文山區,女,1239,664,575
110年3月,南港區,計,1499,1046,453
110年3月,南港區,男,665,477,188
110年3月,南港區,女,834,569,265
110年3月,內湖區,計,2437,1618,819
110年3月,內湖區,男,1039,711,328
110年3月,內湖區,女,1398,907,491
110年3月,士林區,計,1691,966,725
110年3月,士林區,男,708,413,295
110年3月,士林區,女,983,553,430
110年3月,北投區,計,1664,991,673
110年3月,北投區,男,710,442,268
110年3月,北投區,女,954,549,405
110年4月,總計,計,17073,9958,7115
110年4月,總計,男,7250,4350,2900
110年4月,總計,女,9823,5608,4215
110年4月,松山區,計,950,532,418
110年4月,松山區,男,389,219,170
110年4月,松山區,女,561,313,248
110年4月,信義區,計,1121,617,504
110年4月,信義區,男,447,253,194
110年4月,信義區,女,674,364,310
110年4月,大安區,計,1141,608,533
110年4月,大安區,男,481,273,208
110年4月,大安區,女,660,335,325
110年4月,中山區,計,1412,782,630
110年4月,中山區,男,555,328,227
110年4月,中山區,女,857,454,403
110年4月,中正區,計,769,443,326
110年4月,中正區,男,348,208,140
110年4月,中正區,女,421,235,186
110年4月,大同區,計,763,422,341
110年4月,大同區,男,338,181,157
110年4月,大同區,女,425,241,184
110年4月,萬華區,計,1424,756,668
110年4月,萬華區,男,604,325,279
110年4月,萬華區,女,820,431,389
110年4月,文山區,計,2216,1192,1024
110年4月,文山區,男,971,527,444
110年4月,文山區,女,1245,665,580
110年4月,南港區,計,1493,1039,454
110年4月,南港區,男,660,472,188
110年4月,南港區,女,833,567,266
110年4月,內湖區,計,2427,1612,815
110年4月,內湖區,男,1037,711,326
110年4月,內湖區,女,1390,901,489
110年4月,士林區,計,1688,967,721
110年4月,士林區,男,707,414,293
110年4月,士林區,女,981,553,428
110年4月,北投區,計,1669,988,681
110年4月,北投區,男,713,439,274
110年4月,北投區,女,956,549,407
110年5月,總計,計,17073,9953,7120
110年5月,總計,男,7255,4350,2905
110年5月,總計,女,9818,5603,4215
110年5月,松山區,計,958,536,422
110年5月,松山區,男,393,221,172
110年5月,松山區,女,565,315,250
110年5月,信義區,計,1120,616,504
110年5月,信義區,男,446,252,194
110年5月,信義區,女,674,364,310
110年5月,大安區,計,1146,612,534
110年5月,大安區,男,483,277,206
110年5月,大安區,女,663,335,328
110年5月,中山區,計,1409,778,631
110年5月,中山區,男,551,325,226
110年5月,中山區,女,858,453,405
110年5月,中正區,計,766,440,326
110年5月,中正區,男,347,207,140
110年5月,中正區,女,419,233,186
110年5月,大同區,計,768,425,343
110年5月,大同區,男,342,185,157
110年5月,大同區,女,426,240,186
110年5月,萬華區,計,1423,756,667
110年5月,萬華區,男,604,325,279
110年5月,萬華區,女,819,431,388
110年5月,文山區,計,2208,1185,1023
110年5月,文山區,男,971,522,449
110年5月,文山區,女,1237,663,574
110年5月,南港區,計,1492,1034,458
110年5月,南港區,男,660,470,190
110年5月,南港區,女,832,564,268
110年5月,內湖區,計,2426,1612,814
110年5月,內湖區,男,1035,710,325
110年5月,內湖區,女,1391,902,489
110年5月,士林區,計,1690,972,718
110年5月,士林區,男,709,417,292
110年5月,士林區,女,981,555,426
110年5月,北投區,計,1667,987,680
110年5月,北投區,男,714,439,275
110年5月,北投區,女,953,548,405
110年6月,總計,計,17042,9924,7118
110年6月,總計,男,7252,4346,2906
110年6月,總計,女,9790,5578,4212
110年6月,松山區,計,951,529,422
110年6月,松山區,男,391,218,173
110年6月,松山區,女,560,311,249
110年6月,信義區,計,1114,613,501
110年6月,信義區,男,447,253,194
110年6月,信義區,女,667,360,307
110年6月,大安區,計,1143,606,537
110年6月,大安區,男,482,273,209
110年6月,大安區,女,661,333,328
110年6月,中山區,計,1408,778,630
110年6月,中山區,男,554,327,227
110年6月,中山區,女,854,451,403
110年6月,中正區,計,762,439,323
110年6月,中正區,男,348,209,139
110年6月,中正區,女,414,230,184
110年6月,大同區,計,764,418,346
110年6月,大同區,男,340,182,158
110年6月,大同區,女,424,236,188
110年6月,萬華區,計,1428,758,670
110年6月,萬華區,男,607,327,280
110年6月,萬華區,女,821,431,390
110年6月,文山區,計,2201,1184,1017
110年6月,文山區,男,968,524,444
110年6月,文山區,女,1233,660,573
110年6月,南港區,計,1486,1028,458
110年6月,南港區,男,655,466,189
110年6月,南港區,女,831,562,269
110年6月,內湖區,計,2424,1609,815
110年6月,內湖區,男,1036,709,327
110年6月,內湖區,女,1388,900,488
110年6月,士林區,計,1681,965,716
110年6月,士林區,男,705,414,291
110年6月,士林區,女,976,551,425
110年6月,北投區,計,1680,997,683
110年6月,北投區,男,719,444,275
110年6月,北投區,女,961,553,408
110年7月,總計,計,17044,9912,7132
110年7月,總計,男,7256,4343,2913
110年7月,總計,女,9788,5569,4219
110年7月,松山區,計,945,526,419
110年7月,松山區,男,389,218,171
110年7月,松山區,女,556,308,248
110年7月,信義區,計,1107,609,498
110年7月,信義區,男,443,252,191
110年7月,信義區,女,664,357,307
110年7月,大安區,計,1145,610,535
110年7月,大安區,男,484,274,210
110年7月,大安區,女,661,336,325
110年7月,中山區,計,1404,767,637
110年7月,中山區,男,553,323,230
110年7月,中山區,女,851,444,407
110年7月,中正區,計,763,437,326
110年7月,中正區,男,348,209,139
110年7月,中正區,女,415,228,187
110年7月,大同區,計,763,415,348
110年7月,大同區,男,341,182,159
110年7月,大同區,女,422,233,189
110年7月,萬華區,計,1425,757,668
110年7月,萬華區,男,609,327,282
110年7月,萬華區,女,816,430,386
110年7月,文山區,計,2200,1184,1016
110年7月,文山區,男,964,520,444
110年7月,文山區,女,1236,664,572
110年7月,南港區,計,1489,1030,459
110年7月,南港區,男,657,468,189
110年7月,南港區,女,832,562,270
110年7月,內湖區,計,2431,1611,820
110年7月,內湖區,男,1037,707,330
110年7月,內湖區,女,1394,904,490
110年7月,士林區,計,1692,967,725
110年7月,士林區,男,710,417,293
110年7月,士林區,女,982,550,432
110年7月,北投區,計,1680,999,681
110年7月,北投區,男,721,446,275
110年7月,北投區,女,959,553,406
110年8月,總計,計,17055,9919,7136
110年8月,總計,男,7273,4351,2922
110年8月,總計,女,9782,5568,4214
110年8月,松山區,計,936,523,413
110年8月,松山區,男,387,217,170
110年8月,松山區,女,549,306,243
110年8月,信義區,計,1121,614,507
110年8月,信義區,男,452,256,196
110年8月,信義區,女,669,358,311
110年8月,大安區,計,1145,609,536
110年8月,大安區,男,482,271,211
110年8月,大安區,女,663,338,325
110年8月,中山區,計,1406,765,641
110年8月,中山區,男,554,323,231
110年8月,中山區,女,852,442,410
110年8月,中正區,計,765,441,324
110年8月,中正區,男,345,208,137
110年8月,中正區,女,420,233,187
110年8月,大同區,計,761,410,351
110年8月,大同區,男,345,183,162
110年8月,大同區,女,416,227,189
110年8月,萬華區,計,1415,752,663
110年8月,萬華區,男,602,324,278
110年8月,萬華區,女,813,428,385
110年8月,文山區,計,2199,1188,1011
110年8月,文山區,男,963,520,443
110年8月,文山區,女,1236,668,568
110年8月,南港區,計,1497,1042,455
110年8月,南港區,男,661,473,188
110年8月,南港區,女,836,569,267
110年8月,內湖區,計,2430,1604,826
110年8月,內湖區,男,1039,704,335
110年8月,內湖區,女,1391,900,491
110年8月,士林區,計,1698,970,728
110年8月,士林區,男,718,423,295
110年8月,士林區,女,980,547,433
110年8月,北投區,計,1682,1001,681
110年8月,北投區,男,725,449,276
110年8月,北投區,女,957,552,405
110年9月,總計,計,17054,9917,7137
110年9月,總計,男,7276,4357,2919
110年9月,總計,女,9778,5560,4218
110年9月,松山區,計,937,520,417
110年9月,松山區,男,388,217,171
110年9月,松山區,女,549,303,246
110年9月,信義區,計,1107,605,502
110年9月,信義區,男,444,249,195
110年9月,信義區,女,663,356,307
110年9月,大安區,計,1137,605,532
110年9月,大安區,男,482,272,210
110年9月,大安區,女,655,333,322
110年9月,中山區,計,1394,761,633
110年9月,中山區,男,545,318,227
110年9月,中山區,女,849,443,406
110年9月,中正區,計,767,442,325
110年9月,中正區,男,349,212,137
110年9月,中正區,女,418,230,188
110年9月,大同區,計,770,415,355
110年9月,大同區,男,347,187,160
110年9月,大同區,女,423,228,195
110年9月,萬華區,計,1406,748,658
110年9月,萬華區,男,599,324,275
110年9月,萬華區,女,807,424,383
110年9月,文山區,計,2199,1184,1015
110年9月,文山區,男,964,520,444
110年9月,文山區,女,1235,664,571
110年9月,南港區,計,1498,1041,457
110年9月,南港區,男,661,472,189
110年9月,南港區,女,837,569,268
110年9月,內湖區,計,2444,1616,828
110年9月,內湖區,男,1043,707,336
110年9月,內湖區,女,1401,909,492
110年9月,士林區,計,1705,977,728
110年9月,士林區,男,722,426,296
110年9月,士林區,女,983,551,432
110年9月,北投區,計,1690,1003,687
110年9月,北投區,男,732,453,279
110年9月,北投區,女,958,550,408
110年10月,總計,計,17049,9908,7141
110年10月,總計,男,7280,4357,2923
110年10月,總計,女,9769,5551,4218
110年10月,松山區,計,939,521,418
110年10月,松山區,男,389,218,171
110年10月,松山區,女,550,303,247
110年10月,信義區,計,1111,610,501
110年10月,信義區,男,447,251,196
110年10月,信義區,女,664,359,305
110年10月,大安區,計,1130,601,529
110年10月,大安區,男,478,267,211
110年10月,大安區,女,652,334,318
110年10月,中山區,計,1392,760,632
110年10月,中山區,男,546,319,227
110年10月,中山區,女,846,441,405
110年10月,中正區,計,774,446,328
110年10月,中正區,男,350,213,137
110年10月,中正區,女,424,233,191
110年10月,大同區,計,769,414,355
110年10月,大同區,男,347,187,160
110年10月,大同區,女,422,227,195
110年10月,萬華區,計,1393,738,655
110年10月,萬華區,男,593,319,274
110年10月,萬華區,女,800,419,381
110年10月,文山區,計,2196,1179,1017
110年10月,文山區,男,965,518,447
110年10月,文山區,女,1231,661,570
110年10月,南港區,計,1502,1047,455
110年10月,南港區,男,663,475,188
110年10月,南港區,女,839,572,267
110年10月,內湖區,計,2448,1617,831
110年10月,內湖區,男,1048,712,336
110年10月,內湖區,女,1400,905,495
110年10月,士林區,計,1706,973,733
110年10月,士林區,男,727,427,300
110年10月,士林區,女,979,546,433
110年10月,北投區,計,1689,1002,687
110年10月,北投區,男,727,451,276
110年10月,北投區,女,962,551,411
110年11月,總計,計,17061,9919,7142
110年11月,總計,男,7302,4373,2929
110年11月,總計,女,9759,5546,4213
110年11月,松山區,計,943,525,418
110年11月,松山區,男,394,222,172
110年11月,松山區,女,549,303,246
110年11月,信義區,計,1113,611,502
110年11月,信義區,男,451,254,197
110年11月,信義區,女,662,357,305
110年11月,大安區,計,1133,604,529
110年11月,大安區,男,478,267,211
110年11月,大安區,女,655,337,318
110年11月,中山區,計,1398,762,636
110年11月,中山區,男,550,323,227
110年11月,中山區,女,848,439,409
110年11月,中正區,計,778,448,330
110年11月,中正區,男,353,214,139
110年11月,中正區,女,425,234,191
110年11月,大同區,計,766,412,354
110年11月,大同區,男,349,189,160
110年11月,大同區,女,417,223,194
110年11月,萬華區,計,1392,739,653
110年11月,萬華區,男,594,321,273
110年11月,萬華區,女,798,418,380
110年11月,文山區,計,2195,1181,1014
110年11月,文山區,男,966,519,447
110年11月,文山區,女,1229,662,567
110年11月,南港區,計,1489,1036,453
110年11月,南港區,男,658,470,188
110年11月,南港區,女,831,566,265
110年11月,內湖區,計,2452,1621,831
110年11月,內湖區,男,1048,713,335
110年11月,內湖區,女,1404,908,496
110年11月,士林區,計,1713,976,737
110年11月,士林區,男,733,429,304
110年11月,士林區,女,980,547,433
110年11月,北投區,計,1689,1004,685
110年11月,北投區,男,728,452,276
110年11月,北投區,女,961,552,409
110年12月,總計,計,17073,9934,7139
110年12月,總計,男,7311,4383,2928
110年12月,總計,女,9762,5551,4211
110年12月,松山區,計,946,525,421
110年12月,松山區,男,391,221,170
110年12月,松山區,女,555,304,251
110年12月,信義區,計,1104,606,498
110年12月,信義區,男,448,253,195
110年12月,信義區,女,656,353,303
110年12月,大安區,計,1129,601,528
110年12月,大安區,男,474,266,208
110年12月,大安區,女,655,335,320
110年12月,中山區,計,1399,766,633
110年12月,中山區,男,555,325,230
110年12月,中山區,女,844,441,403
110年12月,中正區,計,773,445,328
110年12月,中正區,男,349,213,136
110年12月,中正區,女,424,232,192
110年12月,大同區,計,766,412,354
110年12月,大同區,男,350,190,160
110年12月,大同區,女,416,222,194
110年12月,萬華區,計,1395,747,648
110年12月,萬華區,男,597,326,271
110年12月,萬華區,女,798,421,377
110年12月,文山區,計,2210,1197,1013
110年12月,文山區,男,974,523,451
110年12月,文山區,女,1236,674,562
110年12月,南港區,計,1488,1036,452
110年12月,南港區,男,660,471,189
110年12月,南港區,女,828,565,263
110年12月,內湖區,計,2454,1614,840
110年12月,內湖區,男,1047,711,336
110年12月,內湖區,女,1407,903,504
110年12月,士林區,計,1719,981,738
110年12月,士林區,男,737,433,304
110年12月,士林區,女,982,548,434
110年12月,北投區,計,1690,1004,686
110年12月,北投區,男,729,451,278
110年12月,北投區,女,961,553,408
