"統計期","縣市別/國籍別","農、林、漁、牧","製造","營建","看護工","家庭幫傭"
"104年 1月底","新北市/ 印尼",1286,5274,123,23643,177
"104年 1月底","新北市/ 馬來西亞",－,－,－,－,－
"104年 1月底","新北市/ 菲律賓",166,6218,－,2977,33
"104年 1月底","新北市/ 泰國",3,6825,1308,77,－
"104年 1月底","新北市/ 越南",－,17174,560,2030,1
"104年 1月底","新北市/ 蒙古",－,－,－,1,－
"104年 1月底","新北市/ 其他",－,－,－,－,－
"104年 2月底","新北市/ 印尼",1251,5325,123,23857,179
"104年 2月底","新北市/ 馬來西亞",－,－,－,－,－
"104年 2月底","新北市/ 菲律賓",163,6328,－,3060,34
"104年 2月底","新北市/ 泰國",3,6807,1307,78,－
"104年 2月底","新北市/ 越南",－,17085,579,2021,1
"104年 2月底","新北市/ 蒙古",－,－,－,1,－
"104年 2月底","新北市/ 其他",－,－,－,－,－
"104年 3月底","新北市/ 印尼",1213,5439,122,23988,179
"104年 3月底","新北市/ 馬來西亞",－,－,－,－,－
"104年 3月底","新北市/ 菲律賓",154,6380,－,3103,36
"104年 3月底","新北市/ 泰國",3,6769,1287,78,－
"104年 3月底","新北市/ 越南",－,17311,525,2010,1
"104年 3月底","新北市/ 蒙古",－,－,－,1,－
"104年 3月底","新北市/ 其他",－,－,－,－,－
"104年 4月底","新北市/ 印尼",1227,5430,121,24381,193
"104年 4月底","新北市/ 馬來西亞",－,－,－,－,－
"104年 4月底","新北市/ 菲律賓",161,6376,－,3145,32
"104年 4月底","新北市/ 泰國",3,6670,1265,79,－
"104年 4月底","新北市/ 越南",－,17556,484,2018,1
"104年 4月底","新北市/ 蒙古",－,－,－,1,－
"104年 4月底","新北市/ 其他",－,－,－,－,－
"104年 5月底","新北市/ 印尼",1248,5461,120,24304,183
"104年 5月底","新北市/ 馬來西亞",－,－,－,－,－
"104年 5月底","新北市/ 菲律賓",163,6389,－,3179,37
"104年 5月底","新北市/ 泰國",3,6619,1264,76,－
"104年 5月底","新北市/ 越南",－,17779,561,1979,1
"104年 5月底","新北市/ 蒙古",－,－,－,1,－
"104年 5月底","新北市/ 其他",－,－,－,－,－
"104年 6月底","新北市/ 印尼",1215,5458,120,24175,180
"104年 6月底","新北市/ 馬來西亞",－,－,－,－,－
"104年 6月底","新北市/ 菲律賓",175,6371,－,3160,39
"104年 6月底","新北市/ 泰國",3,6591,1271,70,－
"104年 6月底","新北市/ 越南",－,18012,557,1988,1
"104年 6月底","新北市/ 蒙古",－,－,－,1,－
"104年 6月底","新北市/ 其他",－,－,－,－,－
"104年 7月底","新北市/ 印尼",1155,5531,120,24253,166
"104年 7月底","新北市/ 馬來西亞",－,－,－,－,－
"104年 7月底","新北市/ 菲律賓",173,6485,－,3248,38
"104年 7月底","新北市/ 泰國",3,6770,1264,69,－
"104年 7月底","新北市/ 越南",－,18353,589,1988,－
"104年 7月底","新北市/ 蒙古",－,－,－,－,－
"104年 7月底","新北市/ 其他",－,－,－,－,－
"104年 8月底","新北市/ 印尼",1123,5533,116,24395,162
"104年 8月底","新北市/ 馬來西亞",－,－,－,－,－
"104年 8月底","新北市/ 菲律賓",197,6544,－,3255,40
"104年 8月底","新北市/ 泰國",3,6674,1240,69,－
"104年 8月底","新北市/ 越南",－,18537,580,1980,－
"104年 8月底","新北市/ 蒙古",－,－,－,－,－
"104年 8月底","新北市/ 其他",－,－,－,－,－
"104年 9月底","新北市/ 印尼",1106,5544,109,24471,164
"104年 9月底","新北市/ 馬來西亞",－,－,－,－,－
"104年 9月底","新北市/ 菲律賓",212,6610,－,3295,42
"104年 9月底","新北市/ 泰國",3,6705,1236,70,－
"104年 9月底","新北市/ 越南",－,18745,581,1968,－
"104年 9月底","新北市/ 蒙古",－,－,－,－,－
"104年 9月底","新北市/ 其他",－,－,－,－,－
"104年 10月底","新北市/ 印尼",1112,5614,109,24642,160
"104年 10月底","新北市/ 馬來西亞",－,－,－,－,－
"104年 10月底","新北市/ 菲律賓",212,6635,－,3324,42
"104年 10月底","新北市/ 泰國",3,6719,1222,70,－
"104年 10月底","新北市/ 越南",1,19124,575,1975,－
"104年 10月底","新北市/ 蒙古",－,－,－,1,－
"104年 10月底","新北市/ 其他",－,－,－,－,－
"104年 11月底","新北市/ 印尼",1133,5622,109,24613,157
"104年 11月底","新北市/ 馬來西亞",－,－,－,－,－
"104年 11月底","新北市/ 菲律賓",217,6668,－,3378,45
"104年 11月底","新北市/ 泰國",3,6737,1199,67,－
"104年 11月底","新北市/ 越南",－,19359,567,1959,－
"104年 11月底","新北市/ 蒙古",－,－,－,1,－
"104年 11月底","新北市/ 其他",－,－,－,－,－
"104年 12月底","新北市/ 印尼",1153,5612,107,24551,157
"104年 12月底","新北市/ 馬來西亞",－,－,－,－,－
"104年 12月底","新北市/ 菲律賓",221,6633,－,3432,42
"104年 12月底","新北市/ 泰國",3,6778,1147,64,－
"104年 12月底","新北市/ 越南",35,19653,587,2000,－
"104年 12月底","新北市/ 蒙古",－,－,－,－,－
"104年 12月底","新北市/ 其他",－,－,－,－,－
"105年 1月底","新北市/ 印尼",1142,5615,106,24526,155
"105年 1月底","新北市/ 馬來西亞",－,－,－,－,－
"105年 1月底","新北市/ 菲律賓",221,6749,－,3465,42
"105年 1月底","新北市/ 泰國",3,6800,1100,70,－
"105年 1月底","新北市/ 越南",136,19844,580,2095,－
"105年 1月底","新北市/ 蒙古",－,－,－,－,－
"105年 1月底","新北市/ 其他",－,－,－,－,－
"105年 2月底","新北市/ 印尼",1101,5557,106,24539,155
"105年 2月底","新北市/ 馬來西亞",－,－,－,－,－
"105年 2月底","新北市/ 菲律賓",219,6736,－,3514,46
"105年 2月底","新北市/ 泰國",3,6724,1087,68,－
"105年 2月底","新北市/ 越南",169,19619,580,2126,－
"105年 2月底","新北市/ 蒙古",－,－,－,－,－
"105年 2月底","新北市/ 其他",－,－,－,－,－
"105年 3月底","新北市/ 印尼",1078,5598,103,24866,149
"105年 3月底","新北市/ 馬來西亞",－,－,－,－,－
"105年 3月底","新北市/ 菲律賓",219,6907,－,3540,50
"105年 3月底","新北市/ 泰國",3,6710,1071,70,－
"105年 3月底","新北市/ 越南",219,19782,573,2177,－
"105年 3月底","新北市/ 蒙古",－,－,－,－,－
"105年 3月底","新北市/ 其他",－,－,－,－,－
"105年 4月底","新北市/ 印尼",1072,5540,101,24884,150
"105年 4月底","新北市/ 馬來西亞",－,－,－,－,－
"105年 4月底","新北市/ 菲律賓",214,6837,－,3548,51
"105年 4月底","新北市/ 泰國",3,6555,937,72,－
"105年 4月底","新北市/ 越南",279,19920,574,2213,－
"105年 4月底","新北市/ 蒙古",－,－,－,－,－
"105年 4月底","新北市/ 其他",－,－,－,－,－
"105年 5月底","新北市/ 印尼",1067,5509,100,24891,150
"105年 5月底","新北市/ 馬來西亞",－,－,－,－,－
"105年 5月底","新北市/ 菲律賓",212,6923,－,3615,51
"105年 5月底","新北市/ 泰國",2,6524,879,70,－
"105年 5月底","新北市/ 越南",336,20207,575,2247,1
"105年 5月底","新北市/ 蒙古",－,－,－,－,－
"105年 5月底","新北市/ 其他",－,－,－,－,－
"105年 6月底","新北市/ 印尼",1027,5468,98,24665,139
"105年 6月底","新北市/ 馬來西亞",－,－,－,－,－
"105年 6月底","新北市/ 菲律賓",212,7117,－,3667,50
"105年 6月底","新北市/ 泰國",2,6563,902,64,－
"105年 6月底","新北市/ 越南",358,20346,514,2294,1
"105年 6月底","新北市/ 蒙古",－,－,－,－,－
"105年 6月底","新北市/ 其他",－,－,－,－,－
"105年 7月底","新北市/ 印尼",980,5441,97,24633,132
"105年 7月底","新北市/ 馬來西亞",－,－,－,－,－
"105年 7月底","新北市/ 菲律賓",210,7221,－,3744,49
"105年 7月底","新北市/ 泰國",1,6601,882,65,－
"105年 7月底","新北市/ 越南",379,20583,508,2350,1
"105年 7月底","新北市/ 蒙古",－,－,－,－,－
"105年 7月底","新北市/ 其他",－,－,－,－,－
"105年 8月底","新北市/ 印尼",984,5419,94,24757,130
"105年 8月底","新北市/ 馬來西亞",－,－,－,－,－
"105年 8月底","新北市/ 菲律賓",207,7274,－,3800,48
"105年 8月底","新北市/ 泰國",1,6565,919,65,1
"105年 8月底","新北市/ 越南",345,20484,504,2378,1
"105年 8月底","新北市/ 蒙古",－,－,－,－,－
"105年 8月底","新北市/ 其他",－,－,－,－,－
"105年 9月底","新北市/ 印尼",966,5363,10,24738,129
"105年 9月底","新北市/ 馬來西亞",－,－,－,－,－
"105年 9月底","新北市/ 菲律賓",203,7359,－,3834,46
"105年 9月底","新北市/ 泰國",1,6515,1061,61,1
"105年 9月底","新北市/ 越南",334,20477,498,2394,2
"105年 9月底","新北市/ 蒙古",－,－,－,－,－
"105年 9月底","新北市/ 其他",－,－,－,－,－
"105年 10月底","新北市/ 印尼",936,5512,2,25024,134
"105年 10月底","新北市/ 馬來西亞",－,－,－,－,－
"105年 10月底","新北市/ 菲律賓",205,7318,－,3839,45
"105年 10月底","新北市/ 泰國",3,6577,1029,60,1
"105年 10月底","新北市/ 越南",330,20847,486,2475,1
"105年 10月底","新北市/ 蒙古",－,－,－,－,－
"105年 10月底","新北市/ 其他",－,－,－,－,－
"105年 11月底","新北市/ 印尼",936,5560,2,25052,135
"105年 11月底","新北市/ 馬來西亞",－,－,－,－,－
"105年 11月底","新北市/ 菲律賓",206,7290,－,3831,45
"105年 11月底","新北市/ 泰國",3,6656,1068,64,1
"105年 11月底","新北市/ 越南",331,21167,499,2544,1
"105年 11月底","新北市/ 蒙古",－,－,－,－,－
"105年 11月底","新北市/ 其他",－,－,－,－,－
"105年 12月底","新北市/ 印尼",957,5734,2,25321,131
"105年 12月底","新北市/ 馬來西亞",－,－,－,－,－
"105年 12月底","新北市/ 菲律賓",202,7348,－,3851,45
"105年 12月底","新北市/ 泰國",3,6728,1075,63,1
"105年 12月底","新北市/ 越南",311,21497,516,2612,1
"105年 12月底","新北市/ 蒙古",－,－,－,－,－
"105年 12月底","新北市/ 其他",－,－,－,－,－
"106年 1月底","新北市/ 印尼",1005,5832,5,25491,135
"106年 1月底","新北市/ 馬來西亞",－,－,－,－,－
"106年 1月底","新北市/ 菲律賓",203,7419,－,3854,44
"106年 1月底","新北市/ 泰國",3,6764,1090,66,－
"106年 1月底","新北市/ 越南",306,21616,505,2661,2
"106年 1月底","新北市/ 蒙古",－,－,－,－,－
"106年 1月底","新北市/ 其他",－,－,－,－,－
"106年 2月底","新北市/ 印尼",1042,5853,5,25738,136
"106年 2月底","新北市/ 馬來西亞",－,－,－,－,－
"106年 2月底","新北市/ 菲律賓",195,7436,－,3910,47
"106年 2月底","新北市/ 泰國",3,6734,1075,66,－
"106年 2月底","新北市/ 越南",284,21505,493,2703,1
"106年 2月底","新北市/ 蒙古",－,－,－,－,－
"106年 2月底","新北市/ 其他",－,－,－,－,－
"106年 3月底","新北市/ 印尼",1091,5927,5,25993,133
"106年 3月底","新北市/ 馬來西亞",－,－,－,－,－
"106年 3月底","新北市/ 菲律賓",191,7540,－,3976,49
"106年 3月底","新北市/ 泰國",3,6831,1097,63,－
"106年 3月底","新北市/ 越南",262,21795,444,2762,1
"106年 3月底","新北市/ 蒙古",－,－,－,－,－
"106年 3月底","新北市/ 其他",－,－,－,－,－
"106年 4月底","新北市/ 印尼",1130,6045,6,26164,133
"106年 4月底","新北市/ 馬來西亞",－,－,－,－,－
"106年 4月底","新北市/ 菲律賓",215,7640,－,3977,53
"106年 4月底","新北市/ 泰國",3,6844,1071,63,－
"106年 4月底","新北市/ 越南",272,22139,404,2803,1
"106年 4月底","新北市/ 蒙古",－,－,－,－,－
"106年 4月底","新北市/ 其他",－,－,－,－,－
"106年 5月底","新北市/ 印尼",1150,6079,6,26080,132
"106年 5月底","新北市/ 馬來西亞",－,－,－,－,－
"106年 5月底","新北市/ 菲律賓",229,7662,－,3973,56
"106年 5月底","新北市/ 泰國",3,6886,1022,63,－
"106年 5月底","新北市/ 越南",264,22412,399,2843,1
"106年 5月底","新北市/ 蒙古",－,－,－,－,－
"106年 5月底","新北市/ 其他",－,－,－,－,－
"106年 6月底","新北市/ 印尼",1136,6192,6,26195,135
"106年 6月底","新北市/ 馬來西亞",－,－,－,－,－
"106年 6月底","新北市/ 菲律賓",232,7745,－,3989,58
"106年 6月底","新北市/ 泰國",3,6905,1009,61,－
"106年 6月底","新北市/ 越南",257,22701,391,2920,1
"106年 6月底","新北市/ 蒙古",－,－,－,－,－
"106年 6月底","新北市/ 其他",－,－,－,－,－
"106年 7月底","新北市/ 印尼",1196,6233,6,26261,139
"106年 7月底","新北市/ 馬來西亞",－,－,－,－,－
"106年 7月底","新北市/ 菲律賓",229,7847,－,3985,55
"106年 7月底","新北市/ 泰國",3,6946,1045,62,－
"106年 7月底","新北市/ 越南",254,22951,375,2967,2
"106年 7月底","新北市/ 蒙古",－,－,－,－,－
"106年 7月底","新北市/ 其他",－,－,－,－,－
"106年 8月底","新北市/ 印尼",1220,6357,6,26411,137
"106年 8月底","新北市/ 馬來西亞",－,－,－,－,－
"106年 8月底","新北市/ 菲律賓",233,7834,－,4038,50
"106年 8月底","新北市/ 泰國",3,6956,1049,59,－
"106年 8月底","新北市/ 越南",262,23165,373,3016,2
"106年 8月底","新北市/ 蒙古",－,－,－,－,－
"106年 8月底","新北市/ 其他",－,－,－,－,－
"106年 9月底","新北市/ 印尼",1271,6310,6,26550,137
"106年 9月底","新北市/ 馬來西亞",－,－,－,－,－
"106年 9月底","新北市/ 菲律賓",231,7937,－,4043,46
"106年 9月底","新北市/ 泰國",3,7053,1037,59,－
"106年 9月底","新北市/ 越南",258,23363,364,3071,2
"106年 9月底","新北市/ 蒙古",－,－,－,－,－
"106年 9月底","新北市/ 其他",－,－,－,－,－
"106年 10月底","新北市/ 印尼",1314,6310,6,26565,131
"106年 10月底","新北市/ 馬來西亞",－,－,－,－,－
"106年 10月底","新北市/ 菲律賓",231,7891,－,4045,49
"106年 10月底","新北市/ 泰國",3,7073,1017,56,－
"106年 10月底","新北市/ 越南",260,23504,342,3072,2
"106年 10月底","新北市/ 蒙古",－,－,－,－,－
"106年 10月底","新北市/ 其他",－,－,－,－,－
"106年 11月底","新北市/ 印尼",1325,6311,6,26834,128
"106年 11月底","新北市/ 馬來西亞",－,－,－,－,－
"106年 11月底","新北市/ 菲律賓",232,7923,－,4041,48
"106年 11月底","新北市/ 泰國",3,7102,989,56,－
"106年 11月底","新北市/ 越南",266,23933,313,3091,1
"106年 11月底","新北市/ 蒙古",－,－,－,－,－
"106年 11月底","新北市/ 其他",－,－,－,－,－
"106年 12月底","新北市/ 印尼",1335,6235,6,27001,130
"106年 12月底","新北市/ 馬來西亞",－,－,－,－,－
"106年 12月底","新北市/ 菲律賓",220,7914,－,3990,48
"106年 12月底","新北市/ 泰國",3,7054,965,57,－
"106年 12月底","新北市/ 越南",262,24300,286,3153,2
"106年 12月底","新北市/ 蒙古",－,－,－,－,－
"106年 12月底","新北市/ 其他",－,－,－,－,－
"107年 1月底","新北市/ 印尼",1314,6161,6,27182,134
"107年 1月底","新北市/ 馬來西亞",－,－,－,－,－
"107年 1月底","新北市/ 菲律賓",220,7954,－,4039,50
"107年 1月底","新北市/ 泰國",4,7021,945,55,－
"107年 1月底","新北市/ 越南",268,24565,258,3166,1
"107年 1月底","新北市/ 蒙古",－,－,－,－,－
"107年 1月底","新北市/ 其他",－,－,－,－,－
"107年 2月底","新北市/ 印尼",1305,6077,9,27308,131
"107年 2月底","新北市/ 馬來西亞",－,－,－,－,－
"107年 2月底","新北市/ 菲律賓",214,7947,－,4058,51
"107年 2月底","新北市/ 泰國",4,6954,934,55,－
"107年 2月底","新北市/ 越南",267,24455,255,3179,2
"107年 2月底","新北市/ 蒙古",－,－,－,－,－
"107年 2月底","新北市/ 其他",－,－,－,－,－
"107年 3月底","新北市/ 印尼",1264,6109,27,27294,129
"107年 3月底","新北市/ 馬來西亞",－,－,－,－,－
"107年 3月底","新北市/ 菲律賓",217,7985,－,4063,52
"107年 3月底","新北市/ 泰國",4,6901,944,54,－
"107年 3月底","新北市/ 越南",244,24382,236,3153,2
"107年 3月底","新北市/ 蒙古",－,－,－,－,－
"107年 3月底","新北市/ 其他",－,－,－,－,－
"107年 4月底","新北市/ 印尼",1295,6140,27,27371,133
"107年 4月底","新北市/ 馬來西亞",－,－,－,－,－
"107年 4月底","新北市/ 菲律賓",220,8113,－,4055,49
"107年 4月底","新北市/ 泰國",4,6861,919,53,－
"107年 4月底","新北市/ 越南",232,24692,206,3121,3
"107年 4月底","新北市/ 蒙古",－,－,－,－,－
"107年 4月底","新北市/ 其他",－,－,－,－,－
"107年 5月底","新北市/ 印尼",1339,6264,29,27441,131
"107年 5月底","新北市/ 馬來西亞",－,－,－,－,－
"107年 5月底","新北市/ 菲律賓",218,8163,－,4068,47
"107年 5月底","新北市/ 泰國",3,6847,902,51,－
"107年 5月底","新北市/ 越南",230,25162,193,3153,4
"107年 5月底","新北市/ 蒙古",－,－,－,－,－
"107年 5月底","新北市/ 其他",－,－,－,－,－
"107年 6月底","新北市/ 印尼",1350,6305,28,27389,131
"107年 6月底","新北市/ 馬來西亞",－,－,－,－,－
"107年 6月底","新北市/ 菲律賓",222,8197,－,4081,48
"107年 6月底","新北市/ 泰國",3,6874,882,51,－
"107年 6月底","新北市/ 越南",220,25460,165,3177,4
"107年 6月底","新北市/ 蒙古",－,－,－,－,－
"107年 6月底","新北市/ 其他",－,－,－,－,－
"107年 7月底","新北市/ 印尼",1343,6301,28,27290,134
"107年 7月底","新北市/ 馬來西亞",－,－,－,－,－
"107年 7月底","新北市/ 菲律賓",221,8152,－,4121,42
"107年 7月底","新北市/ 泰國",3,6977,857,50,－
"107年 7月底","新北市/ 越南",222,25766,158,3199,4
"107年 7月底","新北市/ 蒙古",－,－,－,－,－
"107年 7月底","新北市/ 其他",－,－,－,－,－
"107年 8月底","新北市/ 印尼",1348,6379,28,27455,143
"107年 8月底","新北市/ 馬來西亞",－,－,－,－,－
"107年 8月底","新北市/ 菲律賓",215,8173,－,4163,44
"107年 8月底","新北市/ 泰國",3,6941,902,53,－
"107年 8月底","新北市/ 越南",237,26073,140,3250,3
"107年 8月底","新北市/ 蒙古",－,－,－,－,－
"107年 8月底","新北市/ 其他",－,－,－,－,－
"107年 9月底","新北市/ 印尼",1369,6411,28,27582,139
"107年 9月底","新北市/ 馬來西亞",－,－,－,－,－
"107年 9月底","新北市/ 菲律賓",215,8259,－,4209,42
"107年 9月底","新北市/ 泰國",3,6904,886,54,－
"107年 9月底","新北市/ 越南",251,26215,129,3288,3
"107年 9月底","新北市/ 蒙古",－,－,－,－,－
"107年 9月底","新北市/ 其他",－,－,－,－,－
"107年 10月底","新北市/ 印尼",1408,6542,29,27783,140
"107年 10月底","新北市/ 馬來西亞",－,－,－,－,－
"107年 10月底","新北市/ 菲律賓",220,8374,－,4240,41
"107年 10月底","新北市/ 泰國",3,6919,843,53,－
"107年 10月底","新北市/ 越南",282,26559,93,3252,3
"107年 10月底","新北市/ 蒙古",－,－,－,－,－
"107年 10月底","新北市/ 其他",－,－,－,－,－
"107年 11月底","新北市/ 印尼",1408,6569,29,28051,139
"107年 11月底","新北市/ 馬來西亞",－,－,－,－,－
"107年 11月底","新北市/ 菲律賓",218,8573,－,4250,38
"107年 11月底","新北市/ 泰國",3,6912,729,52,－
"107年 11月底","新北市/ 越南",288,26562,85,3285,3
"107年 11月底","新北市/ 蒙古",－,－,－,－,－
"107年 11月底","新北市/ 其他",－,－,－,－,－
"107年 12月底","新北市/ 印尼",1411,6601,28,28212,136
"107年 12月底","新北市/ 馬來西亞",－,－,－,－,－
"107年 12月底","新北市/ 菲律賓",208,8627,－,4207,41
"107年 12月底","新北市/ 泰國",3,6887,656,52,－
"107年 12月底","新北市/ 越南",281,26641,60,3297,3
"107年 12月底","新北市/ 蒙古",－,－,－,－,－
"107年 12月底","新北市/ 其他",－,－,－,－,－
"108年 1月底","新北市/ 印尼",1407,6562,28,28345,135
"108年 1月底","新北市/ 馬來西亞",－,－,－,－,－
"108年 1月底","新北市/ 菲律賓",211,8644,－,4219,39
"108年 1月底","新北市/ 泰國",3,6848,615,48,－
"108年 1月底","新北市/ 越南",281,26533,52,3274,2
"108年 1月底","新北市/ 蒙古",－,－,－,－,－
"108年 1月底","新北市/ 其他",－,－,－,－,－
"108年 2月底","新北市/ 印尼",1404,6543,28,28306,136
"108年 2月底","新北市/ 馬來西亞",－,－,－,－,－
"108年 2月底","新北市/ 菲律賓",215,8575,－,4253,39
"108年 2月底","新北市/ 泰國",3,6771,597,50,－
"108年 2月底","新北市/ 越南",270,26321,49,3246,2
"108年 2月底","新北市/ 蒙古",－,－,－,－,－
"108年 2月底","新北市/ 其他",－,－,－,－,－
"108年 3月底","新北市/ 印尼",1429,6582,28,28395,136
"108年 3月底","新北市/ 馬來西亞",－,－,－,－,－
"108年 3月底","新北市/ 菲律賓",209,8618,－,4210,40
"108年 3月底","新北市/ 泰國",3,6714,544,48,－
"108年 3月底","新北市/ 越南",252,26422,47,3181,2
"108年 3月底","新北市/ 蒙古",－,－,－,－,－
"108年 3月底","新北市/ 其他",－,－,－,－,－
"108年 4月底","新北市/ 印尼",1453,6585,27,28466,138
"108年 4月底","新北市/ 馬來西亞",－,－,－,－,－
"108年 4月底","新北市/ 菲律賓",203,8699,－,4245,43
"108年 4月底","新北市/ 泰國",3,6667,518,46,－
"108年 4月底","新北市/ 越南",243,26651,41,3181,2
"108年 4月底","新北市/ 蒙古",－,－,－,－,－
"108年 4月底","新北市/ 其他",－,－,－,－,－
"108年 5月底","新北市/ 印尼",1449,6584,24,28274,134
"108年 5月底","新北市/ 馬來西亞",－,－,－,－,－
"108年 5月底","新北市/ 菲律賓",198,8777,－,4236,44
"108年 5月底","新北市/ 泰國",3,6713,512,49,－
"108年 5月底","新北市/ 越南",230,26692,32,3163,1
"108年 5月底","新北市/ 蒙古",－,－,－,－,－
"108年 5月底","新北市/ 其他",－,－,－,－,－
"108年 6月底","新北市/ 印尼",1461,6577,13,28405,137
"108年 6月底","新北市/ 馬來西亞",－,－,－,－,－
"108年 6月底","新北市/ 菲律賓",195,8785,－,4201,44
"108年 6月底","新北市/ 泰國",3,6892,418,50,－
"108年 6月底","新北市/ 越南",236,26838,31,3187,1
"108年 6月底","新北市/ 蒙古",－,－,－,－,－
"108年 6月底","新北市/ 其他",－,－,－,－,－
"108年 7月底","新北市/ 印尼",1482,6670,2,28510,137
"108年 7月底","新北市/ 馬來西亞",－,－,－,－,－
"108年 7月底","新北市/ 菲律賓",200,8790,－,4212,43
"108年 7月底","新北市/ 泰國",3,6887,425,48,－
"108年 7月底","新北市/ 越南",240,26765,32,3200,1
"108年 7月底","新北市/ 蒙古",－,－,－,－,－
"108年 7月底","新北市/ 其他",－,－,－,－,－
"108年 8月底","新北市/ 印尼",1472,6704,2,28599,132
"108年 8月底","新北市/ 馬來西亞",－,－,－,－,－
"108年 8月底","新北市/ 菲律賓",199,8796,－,4257,44
"108年 8月底","新北市/ 泰國",8,6916,380,46,－
"108年 8月底","新北市/ 越南",237,26732,32,3202,1
"108年 8月底","新北市/ 蒙古",－,－,－,－,－
"108年 8月底","新北市/ 其他",－,－,－,－,－
"108年 9月底","新北市/ 印尼",1479,6654,31,28773,132
"108年 9月底","新北市/ 馬來西亞",－,－,－,－,－
"108年 9月底","新北市/ 菲律賓",205,8864,－,4262,45
"108年 9月底","新北市/ 泰國",8,6938,370,46,－
"108年 9月底","新北市/ 越南",249,26666,31,3232,1
"108年 9月底","新北市/ 蒙古",－,－,－,－,－
"108年 9月底","新北市/ 其他",－,－,－,－,－
"108年 10月底","新北市/ 印尼",1494,6694,38,29074,132
"108年 10月底","新北市/ 馬來西亞",－,－,－,－,－
"108年 10月底","新北市/ 菲律賓",200,9000,－,4297,45
"108年 10月底","新北市/ 泰國",8,6839,352,39,－
"108年 10月底","新北市/ 越南",249,26758,30,3235,1
"108年 10月底","新北市/ 蒙古",－,－,－,－,－
"108年 10月底","新北市/ 其他",－,－,－,－,－
"108年 11月底","新北市/ 印尼",1507,6717,87,29225,132
"108年 11月底","新北市/ 馬來西亞",－,－,－,－,－
"108年 11月底","新北市/ 菲律賓",197,8997,－,4303,44
"108年 11月底","新北市/ 泰國",8,6850,319,44,－
"108年 11月底","新北市/ 越南",260,26759,27,3218,－
"108年 11月底","新北市/ 蒙古",－,－,－,－,－
"108年 11月底","新北市/ 其他",－,－,－,－,－
"108年 12月底","新北市/ 印尼",1468,6705,92,29277,131
"108年 12月底","新北市/ 馬來西亞",－,－,－,－,－
"108年 12月底","新北市/ 菲律賓",192,9074,－,4240,43
"108年 12月底","新北市/ 泰國",8,6841,309,42,1
"108年 12月底","新北市/ 越南",254,26923,27,3250,－
"108年 12月底","新北市/ 蒙古",－,－,－,－,－
"108年 12月底","新北市/ 其他",－,－,－,－,－
"109年 1月底","新北市/ 印尼",1456,6657,108,29495,129
"109年 1月底","新北市/ 馬來西亞",－,－,－,－,－
"109年 1月底","新北市/ 菲律賓",185,9077,－,4297,44
"109年 1月底","新北市/ 泰國",8,6727,281,43,1
"109年 1月底","新北市/ 越南",248,26315,26,3230,－
"109年 1月底","新北市/ 蒙古",－,－,－,－,－
"109年 1月底","新北市/ 其他",－,－,－,－,－
"109年 2月底","新北市/ 印尼",1400,6703,231,29499,130
"109年 2月底","新北市/ 馬來西亞",－,－,－,－,－
"109年 2月底","新北市/ 菲律賓",177,9175,－,4299,44
"109年 2月底","新北市/ 泰國",8,6717,271,43,1
"109年 2月底","新北市/ 越南",237,26468,21,3202,－
"109年 2月底","新北市/ 蒙古",－,－,－,－,－
"109年 2月底","新北市/ 其他",－,－,－,－,－
"109年 3月底","新北市/ 印尼",1426,6710,230,29598,130
"109年 3月底","新北市/ 馬來西亞",－,－,－,－,－
"109年 3月底","新北市/ 菲律賓",185,9146,－,4312,45
"109年 3月底","新北市/ 泰國",8,6664,306,44,1
"109年 3月底","新北市/ 越南",222,26425,19,3202,－
"109年 3月底","新北市/ 蒙古",－,－,－,－,－
"109年 3月底","新北市/ 其他",－,－,－,－,－
"109年 4月底","新北市/ 印尼",1484,6623,229,29504,130
"109年 4月底","新北市/ 馬來西亞",－,－,－,－,－
"109年 4月底","新北市/ 菲律賓",188,9041,－,4291,45
"109年 4月底","新北市/ 泰國",8,6597,326,42,1
"109年 4月底","新北市/ 越南",190,26177,16,3186,－
"109年 4月底","新北市/ 蒙古",－,－,－,－,－
"109年 4月底","新北市/ 其他",－,－,－,－,－
"109年 5月底","新北市/ 印尼",1461,6548,228,29253,123
"109年 5月底","新北市/ 馬來西亞",－,－,－,－,－
"109年 5月底","新北市/ 菲律賓",197,8883,－,4282,48
"109年 5月底","新北市/ 泰國",8,6559,318,42,1
"109年 5月底","新北市/ 越南",205,25930,13,3170,－
"109年 5月底","新北市/ 蒙古",－,－,－,－,－
"109年 5月底","新北市/ 其他",－,－,－,－,－
"109年 6月底","新北市/ 印尼",1442,6485,227,29021,119
"109年 6月底","新北市/ 馬來西亞",－,－,－,－,－
"109年 6月底","新北市/ 菲律賓",195,8767,－,4265,49
"109年 6月底","新北市/ 泰國",8,6513,307,41,1
"109年 6月底","新北市/ 越南",204,25631,13,3143,－
"109年 6月底","新北市/ 蒙古",－,－,－,－,－
"109年 6月底","新北市/ 其他",－,－,－,－,－
"109年 7月底","新北市/ 印尼",1441,6452,226,28795,117
"109年 7月底","新北市/ 馬來西亞",－,－,－,－,－
"109年 7月底","新北市/ 菲律賓",193,8712,22,4261,50
"109年 7月底","新北市/ 泰國",8,6428,290,41,1
"109年 7月底","新北市/ 越南",183,25486,11,3150,－
"109年 7月底","新北市/ 蒙古",－,－,－,－,－
"109年 7月底","新北市/ 其他",－,－,－,－,－
"109年 8月底","新北市/ 印尼",1417,6356,225,28494,112
"109年 8月底","新北市/ 馬來西亞",－,－,－,－,－
"109年 8月底","新北市/ 菲律賓",196,8686,23,4231,51
"109年 8月底","新北市/ 泰國",8,6303,280,39,1
"109年 8月底","新北市/ 越南",175,25642,23,3202,－
"109年 8月底","新北市/ 蒙古",－,－,－,－,－
"109年 8月底","新北市/ 其他",－,－,－,－,－
"109年 9月底","新北市/ 印尼",1398,6316,217,28243,105
"109年 9月底","新北市/ 馬來西亞",－,－,－,－,－
"109年 9月底","新北市/ 菲律賓",196,8620,24,4194,49
"109年 9月底","新北市/ 泰國",8,6277,347,38,1
"109年 9月底","新北市/ 越南",182,25892,37,3267,－
"109年 9月底","新北市/ 蒙古",－,－,－,－,－
"109年 9月底","新北市/ 其他",－,－,－,－,－
"109年 10月底","新北市/ 印尼",1363,6281,202,27949,103
"109年 10月底","新北市/ 馬來西亞",－,－,－,－,－
"109年 10月底","新北市/ 菲律賓",181,8564,26,4147,49
"109年 10月底","新北市/ 泰國",8,6254,346,40,1
"109年 10月底","新北市/ 越南",178,26013,38,3275,1
"109年 10月底","新北市/ 蒙古",－,－,－,－,－
"109年 10月底","新北市/ 其他",－,－,－,－,－
"109年 11月底","新北市/ 印尼",1337,6250,194,27849,107
"109年 11月底","新北市/ 馬來西亞",－,－,－,－,－
"109年 11月底","新北市/ 菲律賓",169,8517,36,4088,47
"109年 11月底","新北市/ 泰國",8,6202,369,38,1
"109年 11月底","新北市/ 越南",188,26081,42,3244,1
"109年 11月底","新北市/ 蒙古",－,－,－,－,－
"109年 11月底","新北市/ 其他",－,－,－,－,－
"109年 12月底","新北市/ 印尼",1309,6244,189,27866,114
"109年 12月底","新北市/ 馬來西亞",－,－,－,－,－
"109年 12月底","新北市/ 菲律賓",167,8468,53,4062,48
"109年 12月底","新北市/ 泰國",7,6192,444,40,1
"109年 12月底","新北市/ 越南",203,26376,62,3273,1
"109年 12月底","新北市/ 蒙古",－,－,－,－,－
"109年 12月底","新北市/ 其他",－,－,－,－,－
"110年 1月底","新北市/ 印尼",1289,6209,187,27677,111
"110年 1月底","新北市/ 馬來西亞",－,－,－,－,－
"110年 1月底","新北市/ 菲律賓",166,8471,63,4028,41
"110年 1月底","新北市/ 泰國",8,6200,491,41,1
"110年 1月底","新北市/ 越南",207,26707,74,3315,－
"110年 1月底","新北市/ 蒙古",－,－,－,－,－
"110年 1月底","新北市/ 其他",－,－,－,－,－
"110年 2月底","新北市/ 印尼",1279,6172,186,27458,110
"110年 2月底","新北市/ 馬來西亞",－,－,－,－,－
"110年 2月底","新北市/ 菲律賓",166,8436,72,4001,43
"110年 2月底","新北市/ 泰國",8,6182,502,37,1
"110年 2月底","新北市/ 越南",201,26769,73,3317,－
"110年 2月底","新北市/ 蒙古",－,－,－,－,－
"110年 2月底","新北市/ 其他",－,－,－,－,－
"110年 3月底","新北市/ 印尼",1273,6157,183,27074,107
"110年 3月底","新北市/ 馬來西亞",－,－,－,－,－
"110年 3月底","新北市/ 菲律賓",174,8412,75,3991,43
"110年 3月底","新北市/ 泰國",7,6217,503,38,1
"110年 3月底","新北市/ 越南",229,26912,67,3302,－
"110年 3月底","新北市/ 蒙古",－,－,－,－,－
"110年 3月底","新北市/ 其他",－,－,－,－,－
"110年 4月底","新北市/ 印尼",1256,6108,182,26725,108
"110年 4月底","新北市/ 馬來西亞",－,－,－,－,－
"110年 4月底","新北市/ 菲律賓",176,8339,76,3962,42
"110年 4月底","新北市/ 泰國",7,6186,521,39,1
"110年 4月底","新北市/ 越南",240,26974,66,3245,－
"110年 4月底","新北市/ 蒙古",－,－,－,－,－
"110年 4月底","新北市/ 其他",－,－,－,－,－
"110年 5月底","新北市/ 印尼",1229,6071,182,26478,101
"110年 5月底","新北市/ 馬來西亞",－,－,－,－,－
"110年 5月底","新北市/ 菲律賓",177,8282,76,3917,43
"110年 5月底","新北市/ 泰國",7,6169,512,35,1
"110年 5月底","新北市/ 越南",245,26906,53,3263,－
"110年 5月底","新北市/ 蒙古",－,－,－,－,－
"110年 5月底","新北市/ 其他",－,－,－,－,－
"110年 6月底","新北市/ 印尼",1198,6029,176,26289,102
"110年 6月底","新北市/ 馬來西亞",－,－,－,－,－
"110年 6月底","新北市/ 菲律賓",178,8221,76,3915,43
"110年 6月底","新北市/ 泰國",7,6138,496,34,1
"110年 6月底","新北市/ 越南",239,26709,41,3223,－
"110年 6月底","新北市/ 蒙古",－,－,－,－,－
"110年 6月底","新北市/ 其他",－,－,－,－,－
"110年 7月底","新北市/ 印尼",1180,5957,165,25979,102
"110年 7月底","新北市/ 馬來西亞",－,－,－,－,－
"110年 7月底","新北市/ 菲律賓",175,8149,76,3876,41
"110年 7月底","新北市/ 泰國",7,6087,593,33,1
"110年 7月底","新北市/ 越南",220,26238,64,3178,－
"110年 7月底","新北市/ 蒙古",－,－,－,－,－
"110年 7月底","新北市/ 其他",－,－,－,－,－
"110年 8月底","新北市/ 印尼",1146,5928,161,25703,103
"110年 8月底","新北市/ 馬來西亞",－,－,－,－,－
"110年 8月底","新北市/ 菲律賓",174,7845,76,3856,39
"110年 8月底","新北市/ 泰國",7,6059,593,31,1
"110年 8月底","新北市/ 越南",205,25911,59,3132,－
"110年 8月底","新北市/ 蒙古",－,－,－,－,－
"110年 8月底","新北市/ 其他",－,－,－,－,－
"110年 9月底","新北市/ 印尼",1121,5859,163,25467,99
"110年 9月底","新北市/ 馬來西亞",－,－,－,－,－
"110年 9月底","新北市/ 菲律賓",173,7738,76,3815,39
"110年 9月底","新北市/ 泰國",7,6004,591,31,1
"110年 9月底","新北市/ 越南",192,25540,57,3098,－
"110年 9月底","新北市/ 蒙古",－,－,－,－,－
"110年 9月底","新北市/ 其他",－,－,－,－,－
"110年 10月底","新北市/ 印尼",1107,5809,162,25210,95
"110年 10月底","新北市/ 馬來西亞",－,－,－,－,－
"110年 10月底","新北市/ 菲律賓",168,7621,76,3784,39
"110年 10月底","新北市/ 泰國",7,5968,594,32,1
"110年 10月底","新北市/ 越南",187,25148,49,3020,1
"110年 10月底","新北市/ 蒙古",－,－,－,－,－
"110年 10月底","新北市/ 其他",－,－,－,－,－
"110年 11月底","新北市/ 印尼",1060,5789,136,24942,91
"110年 11月底","新北市/ 馬來西亞",－,－,－,－,－
"110年 11月底","新北市/ 菲律賓",164,7478,76,3745,36
"110年 11月底","新北市/ 泰國",7,5925,579,32,1
"110年 11月底","新北市/ 越南",187,24845,48,2970,1
"110年 11月底","新北市/ 蒙古",－,－,－,－,－
"110年 11月底","新北市/ 其他",－,－,－,－,－
"110年 12月底","新北市/ 印尼",1042,5752,135,24713,91
"110年 12月底","新北市/ 馬來西亞",－,－,－,－,－
"110年 12月底","新北市/ 菲律賓",157,7385,76,3688,35
"110年 12月底","新北市/ 泰國",7,5868,584,30,1
"110年 12月底","新北市/ 越南",171,24511,47,2896,1
"110年 12月底","新北市/ 蒙古",－,－,－,－,－
"110年 12月底","新北市/ 其他",－,－,－,－,－
"111年 1月底","新北市/ 印尼",1011,5748,133,24466,91
"111年 1月底","新北市/ 馬來西亞",－,－,－,－,－
"111年 1月底","新北市/ 菲律賓",151,7335,75,3659,34
"111年 1月底","新北市/ 泰國",7,5825,594,31,1
"111年 1月底","新北市/ 越南",169,24121,52,2849,1
"111年 1月底","新北市/ 蒙古",－,－,－,－,－
"111年 1月底","新北市/ 其他",－,－,－,－,－
"111年 2月底","新北市/ 印尼",999,5745,131,24296,91
"111年 2月底","新北市/ 馬來西亞",－,－,－,－,－
"111年 2月底","新北市/ 菲律賓",146,7294,75,3644,34
"111年 2月底","新北市/ 泰國",7,5802,608,31,1
"111年 2月底","新北市/ 越南",162,23908,50,2818,1
"111年 2月底","新北市/ 蒙古",－,－,－,－,－
"111年 2月底","新北市/ 其他",－,－,－,－,－
"111年 3月底","新北市/ 印尼",981,5768,131,23914,89
"111年 3月底","新北市/ 馬來西亞",－,－,－,－,－
"111年 3月底","新北市/ 菲律賓",143,7223,75,3595,34
"111年 3月底","新北市/ 泰國",7,5885,693,30,1
"111年 3月底","新北市/ 越南",152,23369,48,2770,1
"111年 3月底","新北市/ 蒙古",－,－,－,－,－
"111年 3月底","新北市/ 其他",－,－,－,－,－
"111年 4月底","新北市/ 印尼",1007,5845,162,23635,88
"111年 4月底","新北市/ 馬來西亞",－,－,－,－,－
"111年 4月底","新北市/ 菲律賓",143,7145,74,3566,32
"111年 4月底","新北市/ 泰國",6,6034,797,28,1
"111年 4月底","新北市/ 越南",147,23149,48,2732,1
"111年 4月底","新北市/ 蒙古",－,－,－,－,－
"111年 4月底","新北市/ 其他",－,－,－,－,－
"111年 5月底","新北市/ 印尼",1071,6048,197,23649,87
"111年 5月底","新北市/ 馬來西亞",－,－,－,－,－
"111年 5月底","新北市/ 菲律賓",148,7208,74,3612,35
"111年 5月底","新北市/ 泰國",6,6135,811,32,1
"111年 5月底","新北市/ 越南",140,23287,76,2704,1
"111年 5月底","新北市/ 蒙古",－,－,－,－,－
"111年 5月底","新北市/ 其他",－,－,－,－,－
"111年 6月底","新北市/ 印尼",1119,6239,257,23462,88
"111年 6月底","新北市/ 馬來西亞",－,－,－,－,－
"111年 6月底","新北市/ 菲律賓",148,7310,74,3652,35
"111年 6月底","新北市/ 泰國",6,6205,848,34,1
"111年 6月底","新北市/ 越南",138,23920,83,2714,1
"111年 6月底","新北市/ 蒙古",－,－,－,－,－
"111年 6月底","新北市/ 其他",－,－,－,－,－
"111年 7月底","新北市/ 印尼",1198,6503,263,23261,87
"111年 7月底","新北市/ 馬來西亞",－,－,－,－,－
"111年 7月底","新北市/ 菲律賓",148,7321,74,3677,33
"111年 7月底","新北市/ 泰國",6,6262,878,37,1
"111年 7月底","新北市/ 越南",148,24666,101,2711,1
"111年 7月底","新北市/ 蒙古",－,－,－,－,－
"111年 7月底","新北市/ 其他",－,－,－,－,－
"111年 8月底","新北市/ 印尼",1291,6764,272,23105,83
"111年 8月底","新北市/ 馬來西亞",－,－,－,－,－
"111年 8月底","新北市/ 菲律賓",161,7500,72,3775,35
"111年 8月底","新北市/ 泰國",5,6353,867,35,1
"111年 8月底","新北市/ 越南",151,25354,123,2713,1
"111年 8月底","新北市/ 蒙古",－,－,－,－,－
"111年 8月底","新北市/ 其他",－,－,－,－,－
"111年 9月底","新北市/ 印尼",1272,6876,276,22797,82
"111年 9月底","新北市/ 馬來西亞",－,－,－,－,－
"111年 9月底","新北市/ 菲律賓",157,7603,72,3823,36
"111年 9月底","新北市/ 泰國",4,6355,939,38,1
"111年 9月底","新北市/ 越南",147,25617,141,2734,1
"111年 9月底","新北市/ 蒙古",－,－,－,－,－
"111年 9月底","新北市/ 其他",－,－,－,－,－
"111年 10月底","新北市/ 印尼",1266,6944,275,22724,77
"111年 10月底","新北市/ 馬來西亞",－,－,－,－,－
"111年 10月底","新北市/ 菲律賓",155,7658,71,3920,38
"111年 10月底","新北市/ 泰國",4,6370,978,39,2
"111年 10月底","新北市/ 越南",147,25891,144,2714,1
"111年 10月底","新北市/ 蒙古",－,－,－,－,－
"111年 10月底","新北市/ 其他",－,－,－,－,－
"111年 11月底","新北市/ 印尼",1237,7097,224,22954,81
"111年 11月底","新北市/ 馬來西亞",－,－,－,－,－
"111年 11月底","新北市/ 菲律賓",145,7824,69,4007,43
"111年 11月底","新北市/ 泰國",4,6356,1058,41,2
"111年 11月底","新北市/ 越南",137,26298,207,2730,2
"111年 11月底","新北市/ 蒙古",－,－,－,－,－
"111年 11月底","新北市/ 其他",－,－,－,－,－
"111年 12月底","新北市/ 印尼",1244,7173,224,23352,83
"111年 12月底","新北市/ 馬來西亞",－,－,－,－,－
"111年 12月底","新北市/ 菲律賓",132,7837,69,4080,52
"111年 12月底","新北市/ 泰國",6,6303,1138,37,2
"111年 12月底","新北市/ 越南",131,26265,277,2739,2
"111年 12月底","新北市/ 蒙古",－,－,－,－,－
"111年 12月底","新北市/ 其他",－,－,－,－,－
"112年 1月底","新北市/ 印尼",1220,7119,221,23823,89
"112年 1月底","新北市/ 馬來西亞",－,－,－,－,－
"112年 1月底","新北市/ 菲律賓",131,7760,69,4182,52
"112年 1月底","新北市/ 泰國",7,6203,1134,36,2
"112年 1月底","新北市/ 越南",114,25510,321,2694,2
"112年 1月底","新北市/ 蒙古",－,－,－,－,－
"112年 1月底","新北市/ 其他",－,－,－,－,－
"112年 2月底","新北市/ 印尼",1229,7137,221,24154,91
"112年 2月底","新北市/ 馬來西亞",－,－,－,－,－
"112年 2月底","新北市/ 菲律賓",136,7815,66,4220,52
"112年 2月底","新北市/ 泰國",8,6190,1123,36,2
"112年 2月底","新北市/ 越南",127,25763,321,2673,3
"112年 2月底","新北市/ 蒙古",－,－,－,－,－
"112年 2月底","新北市/ 其他",－,－,－,－,－
"112年 3月底","新北市/ 印尼",1286,7190,218,24361,100
"112年 3月底","新北市/ 馬來西亞",－,－,－,－,－
"112年 3月底","新北市/ 菲律賓",142,7785,62,4199,54
"112年 3月底","新北市/ 泰國",9,6065,1167,34,2
"112年 3月底","新北市/ 越南",136,25717,400,2663,3
"112年 3月底","新北市/ 蒙古",－,－,－,－,－
"112年 3月底","新北市/ 其他",－,－,－,－,－
"112年 4月底","新北市/ 印尼",1307,7255,232,24249,97
"112年 4月底","新北市/ 馬來西亞",－,－,－,－,－
"112年 4月底","新北市/ 菲律賓",144,7772,61,4187,55
"112年 4月底","新北市/ 泰國",10,6012,1176,38,2
"112年 4月底","新北市/ 越南",139,25981,405,2685,2
"112年 4月底","新北市/ 蒙古",－,－,－,－,－
"112年 4月底","新北市/ 其他",－,－,－,－,－
"112年 5月底","新北市/ 印尼",1353,7263,231,24549,99
"112年 5月底","新北市/ 馬來西亞",－,－,－,－,－
"112年 5月底","新北市/ 菲律賓",150,7805,61,4163,54
"112年 5月底","新北市/ 泰國",9,6020,1259,36,2
"112年 5月底","新北市/ 越南",142,26096,417,2734,2
"112年 5月底","新北市/ 蒙古",－,－,－,－,－
"112年 5月底","新北市/ 其他",－,－,－,－,－
"112年 6月底","新北市/ 印尼",1362,7261,228,24670,104
"112年 6月底","新北市/ 馬來西亞",－,－,－,－,－
"112年 6月底","新北市/ 菲律賓",147,7791,87,4148,55
"112年 6月底","新北市/ 泰國",9,5995,1322,37,2
"112年 6月底","新北市/ 越南",155,26215,403,2767,2
"112年 6月底","新北市/ 蒙古",－,－,－,－,－
"112年 6月底","新北市/ 其他",－,－,－,－,－
"112年 7月底","新北市/ 印尼",1369,7312,210,24956,111
"112年 7月底","新北市/ 馬來西亞",－,－,－,－,－
"112年 7月底","新北市/ 菲律賓",152,7738,110,4109,53
"112年 7月底","新北市/ 泰國",10,5958,1393,34,2
"112年 7月底","新北市/ 越南",158,26194,396,2798,2
"112年 7月底","新北市/ 蒙古",－,－,－,－,－
"112年 7月底","新北市/ 其他",－,－,－,－,－
"112年 8月底","新北市/ 印尼",1380,7388,221,25259,117
"112年 8月底","新北市/ 馬來西亞",－,－,－,－,－
"112年 8月底","新北市/ 菲律賓",150,7688,110,4099,56
"112年 8月底","新北市/ 泰國",10,5968,1414,35,2
"112年 8月底","新北市/ 越南",172,26384,426,2808,2
"112年 8月底","新北市/ 蒙古",－,－,－,－,－
"112年 8月底","新北市/ 其他",－,－,－,－,－
"112年 9月底","新北市/ 印尼",1417,7460,227,25528,124
"112年 9月底","新北市/ 馬來西亞",－,－,－,－,－
"112年 9月底","新北市/ 菲律賓",145,7636,110,4046,56
"112年 9月底","新北市/ 泰國",10,5898,1449,37,2
"112年 9月底","新北市/ 越南",168,26547,465,2829,2
"112年 9月底","新北市/ 蒙古",－,－,－,－,－
"112年 9月底","新北市/ 其他",－,－,－,－,－
"112年 10月底","新北市/ 印尼",1366,7460,255,25708,123
"112年 10月底","新北市/ 馬來西亞",－,－,－,－,－
"112年 10月底","新北市/ 菲律賓",134,7642,110,4014,51
"112年 10月底","新北市/ 泰國",10,5810,1487,34,2
"112年 10月底","新北市/ 越南",168,26536,474,2833,2
"112年 10月底","新北市/ 蒙古",－,－,－,－,－
"112年 10月底","新北市/ 其他",－,－,－,－,－
"112年 11月底","新北市/ 印尼",1351,7505,308,25929,115
"112年 11月底","新北市/ 馬來西亞",－,1,－,－,－
"112年 11月底","新北市/ 菲律賓",133,7569,108,3985,52
"112年 11月底","新北市/ 泰國",9,5830,1497,33,2
"112年 11月底","新北市/ 越南",174,26633,485,2852,2
"112年 11月底","新北市/ 蒙古",－,－,－,－,－
"112年 11月底","新北市/ 其他",－,－,－,－,－
"112年 12月底","新北市/ 印尼",1327,7554,315,26008,121
"112年 12月底","新北市/ 馬來西亞",－,1,－,－,－
"112年 12月底","新北市/ 菲律賓",124,7514,118,3907,58
"112年 12月底","新北市/ 泰國",9,5808,1497,35,2
"112年 12月底","新北市/ 越南",172,26715,484,2848,2
"112年 12月底","新北市/ 蒙古",－,－,－,－,－
"112年 12月底","新北市/ 其他",－,－,－,－,－
"113年 1月底","新北市/ 印尼",1326,7603,316,26356,126
"113年 1月底","新北市/ 馬來西亞",－,1,－,－,－
"113年 1月底","新北市/ 菲律賓",120,7528,122,3924,57
"113年 1月底","新北市/ 泰國",11,5788,1578,36,2
"113年 1月底","新北市/ 越南",169,26651,475,2872,2
"113年 1月底","新北市/ 蒙古",－,－,－,－,－
"113年 1月底","新北市/ 其他",－,－,－,－,－
"113年 2月底","新北市/ 印尼",1320,7557,326,26444,132
"113年 2月底","新北市/ 馬來西亞",－,1,－,－,－
"113年 2月底","新北市/ 菲律賓",118,7517,126,3901,56
"113年 2月底","新北市/ 泰國",12,5763,1555,34,2
"113年 2月底","新北市/ 越南",174,26215,468,2830,2
"113年 2月底","新北市/ 蒙古",－,－,－,－,－
"113年 2月底","新北市/ 其他",－,－,－,－,－
"113年 3月底","新北市/ 印尼",1333,7668,352,26604,133
"113年 3月底","新北市/ 馬來西亞",－,1,－,－,－
"113年 3月底","新北市/ 菲律賓",122,7550,130,3883,57
"113年 3月底","新北市/ 泰國",12,5761,1677,34,2
"113年 3月底","新北市/ 越南",176,26318,475,2830,4
"113年 3月底","新北市/ 蒙古",－,－,－,－,－
"113年 3月底","新北市/ 其他",－,－,－,－,－
"113年 4月底","新北市/ 印尼",1425,7669,363,26506,132
"113年 4月底","新北市/ 馬來西亞",－,1,－,－,－
"113年 4月底","新北市/ 菲律賓",126,7583,130,3868,57
"113年 4月底","新北市/ 泰國",12,5817,1748,37,2
"113年 4月底","新北市/ 越南",177,26441,540,2844,4
"113年 4月底","新北市/ 蒙古",－,－,－,－,－
"113年 4月底","新北市/ 其他",－,－,－,－,－
"113年 5月底","新北市/ 印尼",1468,7729,368,26766,139
"113年 5月底","新北市/ 馬來西亞",－,1,－,－,－
"113年 5月底","新北市/ 菲律賓",133,7557,130,3806,58
"113年 5月底","新北市/ 泰國",12,5847,1882,36,2
"113年 5月底","新北市/ 越南",175,26898,609,2848,5
"113年 5月底","新北市/ 蒙古",－,－,－,－,－
"113年 5月底","新北市/ 其他",－,－,－,－,－
"113年 6月底","新北市/ 印尼",1488,7794,428,26987,146
"113年 6月底","新北市/ 馬來西亞",－,1,－,－,－
"113年 6月底","新北市/ 菲律賓",132,7568,129,3837,59
"113年 6月底","新北市/ 泰國",9,5884,1962,35,2
"113年 6月底","新北市/ 越南",182,27250,731,2882,5
"113年 6月底","新北市/ 蒙古",－,－,－,－,－
"113年 6月底","新北市/ 其他",－,－,－,－,－
"113年 7月底","新北市/ 印尼",1513,7837,560,27186,151
"113年 7月底","新北市/ 馬來西亞",－,1,－,－,－
"113年 7月底","新北市/ 菲律賓",135,7569,129,3823,57
"113年 7月底","新北市/ 泰國",8,5951,1964,33,2
"113年 7月底","新北市/ 越南",186,27474,792,2887,5
"113年 7月底","新北市/ 蒙古",－,－,－,－,－
"113年 7月底","新北市/ 其他",－,－,－,－,－
"113年 8月底","新北市/ 印尼",1510,7904,597,27361,153
"113年 8月底","新北市/ 馬來西亞",－,1,－,－,－
"113年 8月底","新北市/ 菲律賓",134,7605,128,3789,55
"113年 8月底","新北市/ 泰國",8,5985,2095,32,2
"113年 8月底","新北市/ 越南",202,27689,818,2888,5
"113年 8月底","新北市/ 蒙古",－,－,－,－,－
"113年 8月底","新北市/ 其他",－,－,－,－,－
"113年 9月底","新北市/ 印尼",1501,7955,634,27676,153
"113年 9月底","新北市/ 馬來西亞",－,1,－,－,－
"113年 9月底","新北市/ 菲律賓",134,7563,133,3771,53
"113年 9月底","新北市/ 泰國",8,5971,2222,31,2
"113年 9月底","新北市/ 越南",210,27871,843,2880,4
"113年 9月底","新北市/ 蒙古",－,－,－,－,－
"113年 9月底","新北市/ 其他",－,－,－,－,－
"113年 10月底","新北市/ 印尼",1467,8032,703,27910,157
"113年 10月底","新北市/ 馬來西亞",－,1,－,－,－
"113年 10月底","新北市/ 菲律賓",130,7566,133,3761,55
"113年 10月底","新北市/ 泰國",8,5972,2200,32,2
"113年 10月底","新北市/ 越南",207,28117,902,2889,4
"113年 10月底","新北市/ 蒙古",－,－,－,－,－
"113年 10月底","新北市/ 其他",－,－,－,－,－
"113年 11月底","新北市/ 印尼",1417,8060,733,28113,166
"113年 11月底","新北市/ 馬來西亞",－,1,－,－,－
"113年 11月底","新北市/ 菲律賓",129,7546,128,3771,53
"113年 11月底","新北市/ 泰國",10,6052,2184,31,2
"113年 11月底","新北市/ 越南",212,28321,927,2886,4
"113年 11月底","新北市/ 蒙古",－,－,－,－,－
"113年 11月底","新北市/ 其他",－,－,－,－,－
"113年 12月底","新北市/ 印尼",1369,8123,770,28292,170
"113年 12月底","新北市/ 馬來西亞",－,1,－,－,－
"113年 12月底","新北市/ 菲律賓",119,7529,126,3714,51
"113年 12月底","新北市/ 泰國",10,6039,2197,29,3
"113年 12月底","新北市/ 越南",203,28501,924,2865,5
"113年 12月底","新北市/ 蒙古",－,－,－,－,－
"113年 12月底","新北市/ 其他",－,－,－,－,－
"114年 1月底","新北市/ 印尼",1345,8119,757,28513,176
"114年 1月底","新北市/ 馬來西亞",－,1,－,－,－
"114年 1月底","新北市/ 菲律賓",112,7479,99,3723,51
"114年 1月底","新北市/ 泰國",10,6001,2174,29,3
"114年 1月底","新北市/ 越南",191,28170,986,2882,5
"114年 1月底","新北市/ 蒙古",－,－,－,－,－
"114年 1月底","新北市/ 其他",－,－,－,－,－
"114年 2月底","新北市/ 印尼",1330,8203,749,28586,182
"114年 2月底","新北市/ 馬來西亞",－,1,－,－,－
"114年 2月底","新北市/ 菲律賓",111,7583,99,3707,55
"114年 2月底","新北市/ 泰國",12,6033,2186,30,3
"114年 2月底","新北市/ 越南",199,28416,977,2891,5
"114年 2月底","新北市/ 蒙古",－,－,－,－,－
"114年 2月底","新北市/ 其他",－,－,－,－,－
"114年 3月底","新北市/ 印尼",1316,8247,752,28521,177
"114年 3月底","新北市/ 馬來西亞",－,1,－,－,－
"114年 3月底","新北市/ 菲律賓",110,7635,98,3678,59
"114年 3月底","新北市/ 泰國",11,6122,2151,30,3
"114年 3月底","新北市/ 越南",203,28662,1033,2897,6
"114年 3月底","新北市/ 蒙古",－,－,－,－,－
"114年 3月底","新北市/ 其他",－,－,－,－,－
"114年 4月底","新北市/ 印尼",1351,8208,778,28657,181
"114年 4月底","新北市/ 馬來西亞",－,1,－,－,－
"114年 4月底","新北市/ 菲律賓",115,7564,98,3659,58
"114年 4月底","新北市/ 泰國",10,6040,2101,30,3
"114年 4月底","新北市/ 越南",199,28962,1050,2897,6
"114年 4月底","新北市/ 蒙古",－,－,－,－,－
"114年 4月底","新北市/ 其他",－,－,－,－,－


"說明：114年4月新增「多元陪伴照顧服務工作」,102年8月底至108年4月底為「外展看護工」。"
