年月,區域別,性別,原住民人口數_合計數量,原住民人口數_平地原住民數量,原住民人口數_山地原住民數量
111年1月,總計,計,17038,9919,7119
111年1月,總計,男,7295,4373,2922
111年1月,總計,女,9743,5546,4197
111年1月,松山區,計,940,520,420
111年1月,松山區,男,390,218,172
111年1月,松山區,女,550,302,248
111年1月,信義區,計,1100,606,494
111年1月,信義區,男,446,253,193
111年1月,信義區,女,654,353,301
111年1月,大安區,計,1126,601,525
111年1月,大安區,男,475,267,208
111年1月,大安區,女,651,334,317
111年1月,中山區,計,1391,758,633
111年1月,中山區,男,558,325,233
111年1月,中山區,女,833,433,400
111年1月,中正區,計,768,445,323
111年1月,中正區,男,344,213,131
111年1月,中正區,女,424,232,192
111年1月,大同區,計,766,413,353
111年1月,大同區,男,349,190,159
111年1月,大同區,女,417,223,194
111年1月,萬華區,計,1398,746,652
111年1月,萬華區,男,598,324,274
111年1月,萬華區,女,800,422,378
111年1月,文山區,計,2199,1191,1008
111年1月,文山區,男,965,517,448
111年1月,文山區,女,1234,674,560
111年1月,南港區,計,1487,1038,449
111年1月,南港區,男,657,469,188
111年1月,南港區,女,830,569,261
111年1月,內湖區,計,2460,1616,844
111年1月,內湖區,男,1047,711,336
111年1月,內湖區,女,1413,905,508
111年1月,士林區,計,1708,974,734
111年1月,士林區,男,734,431,303
111年1月,士林區,女,974,543,431
111年1月,北投區,計,1695,1011,684
111年1月,北投區,男,732,455,277
111年1月,北投區,女,963,556,407
111年2月,總計,計,17012,9910,7102
111年2月,總計,男,7289,4379,2910
111年2月,總計,女,9723,5531,4192
111年2月,松山區,計,935,516,419
111年2月,松山區,男,387,216,171
111年2月,松山區,女,548,300,248
111年2月,信義區,計,1099,604,495
111年2月,信義區,男,445,252,193
111年2月,信義區,女,654,352,302
111年2月,大安區,計,1128,603,525
111年2月,大安區,男,479,270,209
111年2月,大安區,女,649,333,316
111年2月,中山區,計,1387,755,632
111年2月,中山區,男,559,326,233
111年2月,中山區,女,828,429,399
111年2月,中正區,計,762,442,320
111年2月,中正區,男,341,209,132
111年2月,中正區,女,421,233,188
111年2月,大同區,計,770,411,359
111年2月,大同區,男,349,188,161
111年2月,大同區,女,421,223,198
111年2月,萬華區,計,1394,749,645
111年2月,萬華區,男,598,329,269
111年2月,萬華區,女,796,420,376
111年2月,文山區,計,2188,1189,999
111年2月,文山區,男,959,517,442
111年2月,文山區,女,1229,672,557
111年2月,南港區,計,1485,1038,447
111年2月,南港區,男,656,469,187
111年2月,南港區,女,829,569,260
111年2月,內湖區,計,2463,1622,841
111年2月,內湖區,男,1049,715,334
111年2月,內湖區,女,1414,907,507
111年2月,士林區,計,1714,979,735
111年2月,士林區,男,735,433,302
111年2月,士林區,女,979,546,433
111年2月,北投區,計,1687,1002,685
111年2月,北投區,男,732,455,277
111年2月,北投區,女,955,547,408
111年3月,總計,計,16986,9905,7081
111年3月,總計,男,7271,4369,2902
111年3月,總計,女,9715,5536,4179
111年3月,松山區,計,928,513,415
111年3月,松山區,男,383,214,169
111年3月,松山區,女,545,299,246
111年3月,信義區,計,1095,601,494
111年3月,信義區,男,443,250,193
111年3月,信義區,女,652,351,301
111年3月,大安區,計,1126,604,522
111年3月,大安區,男,479,270,209
111年3月,大安區,女,647,334,313
111年3月,中山區,計,1390,755,635
111年3月,中山區,男,561,328,233
111年3月,中山區,女,829,427,402
111年3月,中正區,計,759,444,315
111年3月,中正區,男,344,211,133
111年3月,中正區,女,415,233,182
111年3月,大同區,計,768,405,363
111年3月,大同區,男,347,185,162
111年3月,大同區,女,421,220,201
111年3月,萬華區,計,1394,747,647
111年3月,萬華區,男,600,328,272
111年3月,萬華區,女,794,419,375
111年3月,文山區,計,2173,1183,990
111年3月,文山區,男,949,510,439
111年3月,文山區,女,1224,673,551
111年3月,南港區,計,1482,1038,444
111年3月,南港區,男,653,468,185
111年3月,南港區,女,829,570,259
111年3月,內湖區,計,2484,1637,847
111年3月,內湖區,男,1056,723,333
111年3月,內湖區,女,1428,914,514
111年3月,士林區,計,1706,974,732
111年3月,士林區,男,731,429,302
111年3月,士林區,女,975,545,430
111年3月,北投區,計,1681,1004,677
111年3月,北投區,男,725,453,272
111年3月,北投區,女,956,551,405
111年4月,總計,計,16962,9886,7076
111年4月,總計,男,7278,4370,2908
111年4月,總計,女,9684,5516,4168
111年4月,松山區,計,920,512,408
111年4月,松山區,男,382,215,167
111年4月,松山區,女,538,297,241
111年4月,信義區,計,1089,596,493
111年4月,信義區,男,437,249,188
111年4月,信義區,女,652,347,305
111年4月,大安區,計,1121,603,518
111年4月,大安區,男,477,270,207
111年4月,大安區,女,644,333,311
111年4月,中山區,計,1388,755,633
111年4月,中山區,男,562,329,233
111年4月,中山區,女,826,426,400
111年4月,中正區,計,755,440,315
111年4月,中正區,男,342,208,134
111年4月,中正區,女,413,232,181
111年4月,大同區,計,763,401,362
111年4月,大同區,男,345,183,162
111年4月,大同區,女,418,218,200
111年4月,萬華區,計,1398,749,649
111年4月,萬華區,男,606,331,275
111年4月,萬華區,女,792,418,374
111年4月,文山區,計,2173,1178,995
111年4月,文山區,男,957,509,448
111年4月,文山區,女,1216,669,547
111年4月,南港區,計,1492,1041,451
111年4月,南港區,男,655,467,188
111年4月,南港區,女,837,574,263
111年4月,內湖區,計,2469,1630,839
111年4月,內湖區,男,1054,723,331
111年4月,內湖區,女,1415,907,508
111年4月,士林區,計,1707,969,738
111年4月,士林區,男,733,430,303
111年4月,士林區,女,974,539,435
111年4月,北投區,計,1687,1012,675
111年4月,北投區,男,728,456,272
111年4月,北投區,女,959,556,403
111年5月,總計,計,16954,9871,7083
111年5月,總計,男,7287,4367,2920
111年5月,總計,女,9667,5504,4163
111年5月,松山區,計,916,510,406
111年5月,松山區,男,381,214,167
111年5月,松山區,女,535,296,239
111年5月,信義區,計,1079,590,489
111年5月,信義區,男,432,246,186
111年5月,信義區,女,647,344,303
111年5月,大安區,計,1124,598,526
111年5月,大安區,男,477,268,209
111年5月,大安區,女,647,330,317
111年5月,中山區,計,1379,755,624
111年5月,中山區,男,568,333,235
111年5月,中山區,女,811,422,389
111年5月,中正區,計,752,440,312
111年5月,中正區,男,343,209,134
111年5月,中正區,女,409,231,178
111年5月,大同區,計,763,402,361
111年5月,大同區,男,345,184,161
111年5月,大同區,女,418,218,200
111年5月,萬華區,計,1398,750,648
111年5月,萬華區,男,605,329,276
111年5月,萬華區,女,793,421,372
111年5月,文山區,計,2175,1174,1001
111年5月,文山區,男,963,512,451
111年5月,文山區,女,1212,662,550
111年5月,南港區,計,1501,1039,462
111年5月,南港區,男,656,464,192
111年5月,南港區,女,845,575,270
111年5月,內湖區,計,2475,1636,839
111年5月,內湖區,男,1062,728,334
111年5月,內湖區,女,1413,908,505
111年5月,士林區,計,1698,961,737
111年5月,士林區,男,729,425,304
111年5月,士林區,女,969,536,433
111年5月,北投區,計,1694,1016,678
111年5月,北投區,男,726,455,271
111年5月,北投區,女,968,561,407
111年6月,總計,計,16942,9882,7060
111年6月,總計,男,7282,4374,2908
111年6月,總計,女,9660,5508,4152
111年6月,松山區,計,920,514,406
111年6月,松山區,男,382,214,168
111年6月,松山區,女,538,300,238
111年6月,信義區,計,1085,595,490
111年6月,信義區,男,435,249,186
111年6月,信義區,女,650,346,304
111年6月,大安區,計,1106,589,517
111年6月,大安區,男,468,265,203
111年6月,大安區,女,638,324,314
111年6月,中山區,計,1369,751,618
111年6月,中山區,男,565,333,232
111年6月,中山區,女,804,418,386
111年6月,中正區,計,748,433,315
111年6月,中正區,男,341,205,136
111年6月,中正區,女,407,228,179
111年6月,大同區,計,764,407,357
111年6月,大同區,男,345,188,157
111年6月,大同區,女,419,219,200
111年6月,萬華區,計,1399,752,647
111年6月,萬華區,男,606,332,274
111年6月,萬華區,女,793,420,373
111年6月,文山區,計,2179,1181,998
111年6月,文山區,男,967,515,452
111年6月,文山區,女,1212,666,546
111年6月,南港區,計,1504,1041,463
111年6月,南港區,男,660,467,193
111年6月,南港區,女,844,574,270
111年6月,內湖區,計,2484,1641,843
111年6月,內湖區,男,1062,727,335
111年6月,內湖區,女,1422,914,508
111年6月,士林區,計,1684,957,727
111年6月,士林區,男,724,424,300
111年6月,士林區,女,960,533,427
111年6月,北投區,計,1700,1021,679
111年6月,北投區,男,727,455,272
111年6月,北投區,女,973,566,407
111年7月,總計,計,16926,9869,7057
111年7月,總計,男,7267,4359,2908
111年7月,總計,女,9659,5510,4149
111年7月,松山區,計,914,512,402
111年7月,松山區,男,379,213,166
111年7月,松山區,女,535,299,236
111年7月,信義區,計,1074,591,483
111年7月,信義區,男,433,247,186
111年7月,信義區,女,641,344,297
111年7月,大安區,計,1099,585,514
111年7月,大安區,男,469,266,203
111年7月,大安區,女,630,319,311
111年7月,中山區,計,1374,756,618
111年7月,中山區,男,566,334,232
111年7月,中山區,女,808,422,386
111年7月,中正區,計,743,426,317
111年7月,中正區,男,344,205,139
111年7月,中正區,女,399,221,178
111年7月,大同區,計,752,403,349
111年7月,大同區,男,334,184,150
111年7月,大同區,女,418,219,199
111年7月,萬華區,計,1404,753,651
111年7月,萬華區,男,608,333,275
111年7月,萬華區,女,796,420,376
111年7月,文山區,計,2184,1186,998
111年7月,文山區,男,965,514,451
111年7月,文山區,女,1219,672,547
111年7月,南港區,計,1508,1046,462
111年7月,南港區,男,661,467,194
111年7月,南港區,女,847,579,268
111年7月,內湖區,計,2481,1637,844
111年7月,內湖區,男,1061,725,336
111年7月,內湖區,女,1420,912,508
111年7月,士林區,計,1690,957,733
111年7月,士林區,男,726,424,302
111年7月,士林區,女,964,533,431
111年7月,北投區,計,1703,1017,686
111年7月,北投區,男,721,447,274
111年7月,北投區,女,982,570,412
111年8月,總計,計,16946,9880,7066
111年8月,總計,男,7263,4353,2910
111年8月,總計,女,9683,5527,4156
111年8月,松山區,計,915,512,403
111年8月,松山區,男,379,213,166
111年8月,松山區,女,536,299,237
111年8月,信義區,計,1078,595,483
111年8月,信義區,男,433,249,184
111年8月,信義區,女,645,346,299
111年8月,大安區,計,1089,573,516
111年8月,大安區,男,464,258,206
111年8月,大安區,女,625,315,310
111年8月,中山區,計,1378,758,620
111年8月,中山區,男,569,335,234
111年8月,中山區,女,809,423,386
111年8月,中正區,計,748,422,326
111年8月,中正區,男,343,203,140
111年8月,中正區,女,405,219,186
111年8月,大同區,計,763,411,352
111年8月,大同區,男,336,188,148
111年8月,大同區,女,427,223,204
111年8月,萬華區,計,1405,756,649
111年8月,萬華區,男,613,337,276
111年8月,萬華區,女,792,419,373
111年8月,文山區,計,2180,1188,992
111年8月,文山區,男,961,514,447
111年8月,文山區,女,1219,674,545
111年8月,南港區,計,1509,1048,461
111年8月,南港區,男,659,466,193
111年8月,南港區,女,850,582,268
111年8月,內湖區,計,2493,1644,849
111年8月,內湖區,男,1064,725,339
111年8月,內湖區,女,1429,919,510
111年8月,士林區,計,1682,956,726
111年8月,士林區,男,721,421,300
111年8月,士林區,女,961,535,426
111年8月,北投區,計,1706,1017,689
111年8月,北投區,男,721,444,277
111年8月,北投區,女,985,573,412
111年9月,總計,計,16962,9887,7075
111年9月,總計,男,7271,4349,2922
111年9月,總計,女,9691,5538,4153
111年9月,松山區,計,911,506,405
111年9月,松山區,男,375,209,166
111年9月,松山區,女,536,297,239
111年9月,信義區,計,1089,603,486
111年9月,信義區,男,442,253,189
111年9月,信義區,女,647,350,297
111年9月,大安區,計,1099,578,521
111年9月,大安區,男,474,260,214
111年9月,大安區,女,625,318,307
111年9月,中山區,計,1376,757,619
111年9月,中山區,男,566,333,233
111年9月,中山區,女,810,424,386
111年9月,中正區,計,747,421,326
111年9月,中正區,男,340,201,139
111年9月,中正區,女,407,220,187
111年9月,大同區,計,762,409,353
111年9月,大同區,男,334,186,148
111年9月,大同區,女,428,223,205
111年9月,萬華區,計,1403,756,647
111年9月,萬華區,男,610,334,276
111年9月,萬華區,女,793,422,371
111年9月,文山區,計,2194,1198,996
111年9月,文山區,男,969,520,449
111年9月,文山區,女,1225,678,547
111年9月,南港區,計,1510,1048,462
111年9月,南港區,男,660,468,192
111年9月,南港區,女,850,580,270
111年9月,內湖區,計,2483,1640,843
111年9月,內湖區,男,1055,719,336
111年9月,內湖區,女,1428,921,507
111年9月,士林區,計,1683,954,729
111年9月,士林區,男,723,420,303
111年9月,士林區,女,960,534,426
111年9月,北投區,計,1705,1017,688
111年9月,北投區,男,723,446,277
111年9月,北投區,女,982,571,411
111年10月,總計,計,16971,9904,7067
111年10月,總計,男,7260,4342,2918
111年10月,總計,女,9711,5562,4149
111年10月,松山區,計,908,501,407
111年10月,松山區,男,371,204,167
111年10月,松山區,女,537,297,240
111年10月,信義區,計,1093,607,486
111年10月,信義區,男,444,255,189
111年10月,信義區,女,649,352,297
111年10月,大安區,計,1099,581,518
111年10月,大安區,男,470,260,210
111年10月,大安區,女,629,321,308
111年10月,中山區,計,1381,759,622
111年10月,中山區,男,566,331,235
111年10月,中山區,女,815,428,387
111年10月,中正區,計,751,424,327
111年10月,中正區,男,341,201,140
111年10月,中正區,女,410,223,187
111年10月,大同區,計,764,410,354
111年10月,大同區,男,333,186,147
111年10月,大同區,女,431,224,207
111年10月,萬華區,計,1405,760,645
111年10月,萬華區,男,607,332,275
111年10月,萬華區,女,798,428,370
111年10月,文山區,計,2194,1195,999
111年10月,文山區,男,968,519,449
111年10月,文山區,女,1226,676,550
111年10月,南港區,計,1513,1052,461
111年10月,南港區,男,659,467,192
111年10月,南港區,女,854,585,269
111年10月,內湖區,計,2479,1639,840
111年10月,內湖區,男,1055,720,335
111年10月,內湖區,女,1424,919,505
111年10月,士林區,計,1688,959,729
111年10月,士林區,男,727,423,304
111年10月,士林區,女,961,536,425
111年10月,北投區,計,1696,1017,679
111年10月,北投區,男,719,444,275
111年10月,北投區,女,977,573,404
111年11月,總計,計,16994,9910,7084
111年11月,總計,男,7268,4339,2929
111年11月,總計,女,9726,5571,4155
111年11月,松山區,計,907,501,406
111年11月,松山區,男,371,204,167
111年11月,松山區,女,536,297,239
111年11月,信義區,計,1084,601,483
111年11月,信義區,男,441,253,188
111年11月,信義區,女,643,348,295
111年11月,大安區,計,1104,582,522
111年11月,大安區,男,473,261,212
111年11月,大安區,女,631,321,310
111年11月,中山區,計,1387,760,627
111年11月,中山區,男,570,331,239
111年11月,中山區,女,817,429,388
111年11月,中正區,計,750,422,328
111年11月,中正區,男,338,199,139
111年11月,中正區,女,412,223,189
111年11月,大同區,計,768,415,353
111年11月,大同區,男,334,187,147
111年11月,大同區,女,434,228,206
111年11月,萬華區,計,1397,759,638
111年11月,萬華區,男,606,331,275
111年11月,萬華區,女,791,428,363
111年11月,文山區,計,2213,1202,1011
111年11月,文山區,男,969,521,448
111年11月,文山區,女,1244,681,563
111年11月,南港區,計,1515,1055,460
111年11月,南港區,男,660,468,192
111年11月,南港區,女,855,587,268
111年11月,內湖區,計,2481,1638,843
111年11月,內湖區,男,1055,718,337
111年11月,內湖區,女,1426,920,506
111年11月,士林區,計,1689,957,732
111年11月,士林區,男,728,421,307
111年11月,士林區,女,961,536,425
111年11月,北投區,計,1699,1018,681
111年11月,北投區,男,723,445,278
111年11月,北投區,女,976,573,403
111年12月,總計,計,16978,9900,7078
111年12月,總計,男,7265,4341,2924
111年12月,總計,女,9713,5559,4154
111年12月,松山區,計,909,501,408
111年12月,松山區,男,372,204,168
111年12月,松山區,女,537,297,240
111年12月,信義區,計,1097,603,494
111年12月,信義區,男,448,255,193
111年12月,信義區,女,649,348,301
111年12月,大安區,計,1102,579,523
111年12月,大安區,男,473,261,212
111年12月,大安區,女,629,318,311
111年12月,中山區,計,1383,762,621
111年12月,中山區,男,568,332,236
111年12月,中山區,女,815,430,385
111年12月,中正區,計,744,423,321
111年12月,中正區,男,337,199,138
111年12月,中正區,女,407,224,183
111年12月,大同區,計,769,416,353
111年12月,大同區,男,337,190,147
111年12月,大同區,女,432,226,206
111年12月,萬華區,計,1393,758,635
111年12月,萬華區,男,606,332,274
111年12月,萬華區,女,787,426,361
111年12月,文山區,計,2211,1203,1008
111年12月,文山區,男,965,520,445
111年12月,文山區,女,1246,683,563
111年12月,南港區,計,1494,1041,453
111年12月,南港區,男,648,459,189
111年12月,南港區,女,846,582,264
111年12月,內湖區,計,2493,1646,847
111年12月,內湖區,男,1065,725,340
111年12月,內湖區,女,1428,921,507
111年12月,士林區,計,1691,956,735
111年12月,士林區,男,730,422,308
111年12月,士林區,女,961,534,427
111年12月,北投區,計,1692,1012,680
111年12月,北投區,男,716,442,274
111年12月,北投區,女,976,570,406
112年1月,總計,計,16990,9913,7077
112年1月,總計,男,7260,4340,2920
112年1月,總計,女,9730,5573,4157
112年1月,松山區,計,908,502,406
112年1月,松山區,男,370,204,166
112年1月,松山區,女,538,298,240
112年1月,信義區,計,1093,599,494
112年1月,信義區,男,446,253,193
112年1月,信義區,女,647,346,301
112年1月,大安區,計,1115,584,531
112年1月,大安區,男,479,262,217
112年1月,大安區,女,636,322,314
112年1月,中山區,計,1393,766,627
112年1月,中山區,男,576,336,240
112年1月,中山區,女,817,430,387
112年1月,中正區,計,737,422,315
112年1月,中正區,男,336,199,137
112年1月,中正區,女,401,223,178
112年1月,大同區,計,761,419,342
112年1月,大同區,男,333,192,141
112年1月,大同區,女,428,227,201
112年1月,萬華區,計,1393,759,634
112年1月,萬華區,男,603,332,271
112年1月,萬華區,女,790,427,363
112年1月,文山區,計,2213,1200,1013
112年1月,文山區,男,963,516,447
112年1月,文山區,女,1250,684,566
112年1月,南港區,計,1494,1039,455
112年1月,南港區,男,645,458,187
112年1月,南港區,女,849,581,268
112年1月,內湖區,計,2498,1650,848
112年1月,內湖區,男,1063,725,338
112年1月,內湖區,女,1435,925,510
112年1月,士林區,計,1696,961,735
112年1月,士林區,男,730,422,308
112年1月,士林區,女,966,539,427
112年1月,北投區,計,1689,1012,677
112年1月,北投區,男,716,441,275
112年1月,北投區,女,973,571,402
112年2月,總計,計,16985,9911,7074
112年2月,總計,男,7256,4332,2924
112年2月,總計,女,9729,5579,4150
112年2月,松山區,計,907,503,404
112年2月,松山區,男,369,204,165
112年2月,松山區,女,538,299,239
112年2月,信義區,計,1094,604,490
112年2月,信義區,男,450,256,194
112年2月,信義區,女,644,348,296
112年2月,大安區,計,1110,581,529
112年2月,大安區,男,473,259,214
112年2月,大安區,女,637,322,315
112年2月,中山區,計,1392,766,626
112年2月,中山區,男,571,333,238
112年2月,中山區,女,821,433,388
112年2月,中正區,計,737,422,315
112年2月,中正區,男,335,199,136
112年2月,中正區,女,402,223,179
112年2月,大同區,計,761,419,342
112年2月,大同區,男,334,193,141
112年2月,大同區,女,427,226,201
112年2月,萬華區,計,1391,753,638
112年2月,萬華區,男,600,327,273
112年2月,萬華區,女,791,426,365
112年2月,文山區,計,2212,1201,1011
112年2月,文山區,男,961,514,447
112年2月,文山區,女,1251,687,564
112年2月,南港區,計,1492,1037,455
112年2月,南港區,男,648,460,188
112年2月,南港區,女,844,577,267
112年2月,內湖區,計,2498,1648,850
112年2月,內湖區,男,1061,723,338
112年2月,內湖區,女,1437,925,512
112年2月,士林區,計,1690,959,731
112年2月,士林區,男,731,422,309
112年2月,士林區,女,959,537,422
112年2月,北投區,計,1701,1018,683
112年2月,北投區,男,723,442,281
112年2月,北投區,女,978,576,402
112年3月,總計,計,16986,9925,7061
112年3月,總計,男,7262,4343,2919
112年3月,總計,女,9724,5582,4142
112年3月,松山區,計,913,509,404
112年3月,松山區,男,374,210,164
112年3月,松山區,女,539,299,240
112年3月,信義區,計,1116,616,500
112年3月,信義區,男,458,262,196
112年3月,信義區,女,658,354,304
112年3月,大安區,計,1114,582,532
112年3月,大安區,男,479,261,218
112年3月,大安區,女,635,321,314
112年3月,中山區,計,1391,770,621
112年3月,中山區,男,573,336,237
112年3月,中山區,女,818,434,384
112年3月,中正區,計,729,418,311
112年3月,中正區,男,333,200,133
112年3月,中正區,女,396,218,178
112年3月,大同區,計,765,423,342
112年3月,大同區,男,337,196,141
112年3月,大同區,女,428,227,201
112年3月,萬華區,計,1395,755,640
112年3月,萬華區,男,599,324,275
112年3月,萬華區,女,796,431,365
112年3月,文山區,計,2201,1198,1003
112年3月,文山區,男,954,513,441
112年3月,文山區,女,1247,685,562
112年3月,南港區,計,1470,1025,445
112年3月,南港區,男,635,451,184
112年3月,南港區,女,835,574,261
112年3月,內湖區,計,2507,1651,856
112年3月,內湖區,男,1068,727,341
112年3月,內湖區,女,1439,924,515
112年3月,士林區,計,1684,958,726
112年3月,士林區,男,725,419,306
112年3月,士林區,女,959,539,420
112年3月,北投區,計,1701,1020,681
112年3月,北投區,男,727,444,283
112年3月,北投區,女,974,576,398
112年4月,總計,計,16998,9933,7065
112年4月,總計,男,7273,4348,2925
112年4月,總計,女,9725,5585,4140
112年4月,松山區,計,911,503,408
112年4月,松山區,男,375,209,166
112年4月,松山區,女,536,294,242
112年4月,信義區,計,1126,625,501
112年4月,信義區,男,461,264,197
112年4月,信義區,女,665,361,304
112年4月,大安區,計,1113,582,531
112年4月,大安區,男,480,262,218
112年4月,大安區,女,633,320,313
112年4月,中山區,計,1384,768,616
112年4月,中山區,男,570,336,234
112年4月,中山區,女,814,432,382
112年4月,中正區,計,735,420,315
112年4月,中正區,男,337,200,137
112年4月,中正區,女,398,220,178
112年4月,大同區,計,766,421,345
112年4月,大同區,男,337,196,141
112年4月,大同區,女,429,225,204
112年4月,萬華區,計,1397,760,637
112年4月,萬華區,男,601,327,274
112年4月,萬華區,女,796,433,363
112年4月,文山區,計,2205,1200,1005
112年4月,文山區,男,960,515,445
112年4月,文山區,女,1245,685,560
112年4月,南港區,計,1467,1024,443
112年4月,南港區,男,631,448,183
112年4月,南港區,女,836,576,260
112年4月,內湖區,計,2517,1659,858
112年4月,內湖區,男,1074,731,343
112年4月,內湖區,女,1443,928,515
112年4月,士林區,計,1682,954,728
112年4月,士林區,男,725,418,307
112年4月,士林區,女,957,536,421
112年4月,北投區,計,1695,1017,678
112年4月,北投區,男,722,442,280
112年4月,北投區,女,973,575,398
112年5月,總計,計,17035,9950,7085
112年5月,總計,男,7285,4355,2930
112年5月,總計,女,9750,5595,4155
112年5月,松山區,計,913,511,402
112年5月,松山區,男,377,212,165
112年5月,松山區,女,536,299,237
112年5月,信義區,計,1132,630,502
112年5月,信義區,男,462,264,198
112年5月,信義區,女,670,366,304
112年5月,大安區,計,1117,583,534
112年5月,大安區,男,482,264,218
112年5月,大安區,女,635,319,316
112年5月,中山區,計,1376,767,609
112年5月,中山區,男,570,338,232
112年5月,中山區,女,806,429,377
112年5月,中正區,計,730,419,311
112年5月,中正區,男,335,199,136
112年5月,中正區,女,395,220,175
112年5月,大同區,計,765,416,349
112年5月,大同區,男,338,195,143
112年5月,大同區,女,427,221,206
112年5月,萬華區,計,1407,763,644
112年5月,萬華區,男,603,326,277
112年5月,萬華區,女,804,437,367
112年5月,文山區,計,2217,1202,1015
112年5月,文山區,男,966,519,447
112年5月,文山區,女,1251,683,568
112年5月,南港區,計,1462,1017,445
112年5月,南港區,男,625,442,183
112年5月,南港區,女,837,575,262
112年5月,內湖區,計,2528,1668,860
112年5月,內湖區,男,1079,737,342
112年5月,內湖區,女,1449,931,518
112年5月,士林區,計,1685,956,729
112年5月,士林區,男,727,419,308
112年5月,士林區,女,958,537,421
112年5月,北投區,計,1703,1018,685
112年5月,北投區,男,721,440,281
112年5月,北投區,女,982,578,404
112年6月,總計,計,17031,9922,7109
112年6月,總計,男,7274,4338,2936
112年6月,總計,女,9757,5584,4173
112年6月,松山區,計,904,504,400
112年6月,松山區,男,374,211,163
112年6月,松山區,女,530,293,237
112年6月,信義區,計,1125,621,504
112年6月,信義區,男,460,262,198
112年6月,信義區,女,665,359,306
112年6月,大安區,計,1115,582,533
112年6月,大安區,男,482,265,217
112年6月,大安區,女,633,317,316
112年6月,中山區,計,1379,769,610
112年6月,中山區,男,566,336,230
112年6月,中山區,女,813,433,380
112年6月,中正區,計,724,413,311
112年6月,中正區,男,331,197,134
112年6月,中正區,女,393,216,177
112年6月,大同區,計,761,414,347
112年6月,大同區,男,334,193,141
112年6月,大同區,女,427,221,206
112年6月,萬華區,計,1415,759,656
112年6月,萬華區,男,599,322,277
112年6月,萬華區,女,816,437,379
112年6月,文山區,計,2219,1201,1018
112年6月,文山區,男,969,519,450
112年6月,文山區,女,1250,682,568
112年6月,南港區,計,1472,1018,454
112年6月,南港區,男,630,442,188
112年6月,南港區,女,842,576,266
112年6月,內湖區,計,2523,1665,858
112年6月,內湖區,男,1077,734,343
112年6月,內湖區,女,1446,931,515
112年6月,士林區,計,1697,957,740
112年6月,士林區,男,735,418,317
112年6月,士林區,女,962,539,423
112年6月,北投區,計,1697,1019,678
112年6月,北投區,男,717,439,278
112年6月,北投區,女,980,580,400
112年7月,總計,計,17038,9915,7123
112年7月,總計,男,7277,4331,2946
112年7月,總計,女,9761,5584,4177
112年7月,松山區,計,902,504,398
112年7月,松山區,男,373,210,163
112年7月,松山區,女,529,294,235
112年7月,信義區,計,1120,617,503
112年7月,信義區,男,457,260,197
112年7月,信義區,女,663,357,306
112年7月,大安區,計,1117,583,534
112年7月,大安區,男,484,266,218
112年7月,大安區,女,633,317,316
112年7月,中山區,計,1382,771,611
112年7月,中山區,男,568,336,232
112年7月,中山區,女,814,435,379
112年7月,中正區,計,723,408,315
112年7月,中正區,男,333,196,137
112年7月,中正區,女,390,212,178
112年7月,大同區,計,760,409,351
112年7月,大同區,男,329,187,142
112年7月,大同區,女,431,222,209
112年7月,萬華區,計,1423,757,666
112年7月,萬華區,男,605,324,281
112年7月,萬華區,女,818,433,385
112年7月,文山區,計,2221,1203,1018
112年7月,文山區,男,972,521,451
112年7月,文山區,女,1249,682,567
112年7月,南港區,計,1474,1024,450
112年7月,南港區,男,633,446,187
112年7月,南港區,女,841,578,263
112年7月,內湖區,計,2518,1661,857
112年7月,內湖區,男,1071,729,342
112年7月,內湖區,女,1447,932,515
112年7月,士林區,計,1692,955,737
112年7月,士林區,男,731,416,315
112年7月,士林區,女,961,539,422
112年7月,北投區,計,1706,1023,683
112年7月,北投區,男,721,440,281
112年7月,北投區,女,985,583,402
112年8月,總計,計,17058,9938,7120
112年8月,總計,男,7304,4349,2955
112年8月,總計,女,9754,5589,4165
112年8月,松山區,計,899,503,396
112年8月,松山區,男,373,208,165
112年8月,松山區,女,526,295,231
112年8月,信義區,計,1121,618,503
112年8月,信義區,男,461,261,200
112年8月,信義區,女,660,357,303
112年8月,大安區,計,1129,592,537
112年8月,大安區,男,489,270,219
112年8月,大安區,女,640,322,318
112年8月,中山區,計,1382,776,606
112年8月,中山區,男,571,341,230
112年8月,中山區,女,811,435,376
112年8月,中正區,計,720,406,314
112年8月,中正區,男,333,197,136
112年8月,中正區,女,387,209,178
112年8月,大同區,計,773,414,359
112年8月,大同區,男,341,193,148
112年8月,大同區,女,432,221,211
112年8月,萬華區,計,1427,762,665
112年8月,萬華區,男,605,324,281
112年8月,萬華區,女,822,438,384
112年8月,文山區,計,2224,1207,1017
112年8月,文山區,男,974,524,450
112年8月,文山區,女,1250,683,567
112年8月,南港區,計,1473,1020,453
112年8月,南港區,男,632,443,189
112年8月,南港區,女,841,577,264
112年8月,內湖區,計,2511,1662,849
112年8月,內湖區,男,1068,730,338
112年8月,內湖區,女,1443,932,511
112年8月,士林區,計,1688,953,735
112年8月,士林區,男,732,418,314
112年8月,士林區,女,956,535,421
112年8月,北投區,計,1711,1025,686
112年8月,北投區,男,725,440,285
112年8月,北投區,女,986,585,401
112年9月,總計,計,17084,9953,7131
112年9月,總計,男,7314,4355,2959
112年9月,總計,女,9770,5598,4172
112年9月,松山區,計,904,507,397
112年9月,松山區,男,373,208,165
112年9月,松山區,女,531,299,232
112年9月,信義區,計,1126,627,499
112年9月,信義區,男,461,263,198
112年9月,信義區,女,665,364,301
112年9月,大安區,計,1135,595,540
112年9月,大安區,男,493,271,222
112年9月,大安區,女,642,324,318
112年9月,中山區,計,1380,778,602
112年9月,中山區,男,567,338,229
112年9月,中山區,女,813,440,373
112年9月,中正區,計,717,402,315
112年9月,中正區,男,336,197,139
112年9月,中正區,女,381,205,176
112年9月,大同區,計,775,412,363
112年9月,大同區,男,346,195,151
112年9月,大同區,女,429,217,212
112年9月,萬華區,計,1429,762,667
112年9月,萬華區,男,606,324,282
112年9月,萬華區,女,823,438,385
112年9月,文山區,計,2227,1205,1022
112年9月,文山區,男,973,522,451
112年9月,文山區,女,1254,683,571
112年9月,南港區,計,1483,1029,454
112年9月,南港區,男,635,447,188
112年9月,南港區,女,848,582,266
112年9月,內湖區,計,2514,1662,852
112年9月,內湖區,男,1069,730,339
112年9月,內湖區,女,1445,932,513
112年9月,士林區,計,1678,946,732
112年9月,士林區,男,726,416,310
112年9月,士林區,女,952,530,422
112年9月,北投區,計,1716,1028,688
112年9月,北投區,男,729,444,285
112年9月,北投區,女,987,584,403
112年10月,總計,計,17121,9975,7146
112年10月,總計,男,7331,4365,2966
112年10月,總計,女,9790,5610,4180
112年10月,松山區,計,909,512,397
112年10月,松山區,男,373,208,165
112年10月,松山區,女,536,304,232
112年10月,信義區,計,1127,627,500
112年10月,信義區,男,462,263,199
112年10月,信義區,女,665,364,301
112年10月,大安區,計,1137,594,543
112年10月,大安區,男,494,272,222
112年10月,大安區,女,643,322,321
112年10月,中山區,計,1381,778,603
112年10月,中山區,男,568,339,229
112年10月,中山區,女,813,439,374
112年10月,中正區,計,708,400,308
112年10月,中正區,男,330,195,135
112年10月,中正區,女,378,205,173
112年10月,大同區,計,775,414,361
112年10月,大同區,男,346,197,149
112年10月,大同區,女,429,217,212
112年10月,萬華區,計,1443,772,671
112年10月,萬華區,男,620,332,288
112年10月,萬華區,女,823,440,383
112年10月,文山區,計,2227,1207,1020
112年10月,文山區,男,973,522,451
112年10月,文山區,女,1254,685,569
112年10月,南港區,計,1488,1032,456
112年10月,南港區,男,634,444,190
112年10月,南港區,女,854,588,266
112年10月,內湖區,計,2528,1665,863
112年10月,內湖區,男,1078,734,344
112年10月,內湖區,女,1450,931,519
112年10月,士林區,計,1679,943,736
112年10月,士林區,男,726,414,312
112年10月,士林區,女,953,529,424
112年10月,北投區,計,1719,1031,688
112年10月,北投區,男,727,445,282
112年10月,北投區,女,992,586,406
112年11月,總計,計,17128,9984,7144
112年11月,總計,男,7330,4367,2963
112年11月,總計,女,9798,5617,4181
112年11月,松山區,計,906,507,399
112年11月,松山區,男,368,204,164
112年11月,松山區,女,538,303,235
112年11月,信義區,計,1127,627,500
112年11月,信義區,男,458,260,198
112年11月,信義區,女,669,367,302
112年11月,大安區,計,1142,594,548
112年11月,大安區,男,496,272,224
112年11月,大安區,女,646,322,324
112年11月,中山區,計,1384,786,598
112年11月,中山區,男,575,345,230
112年11月,中山區,女,809,441,368
112年11月,中正區,計,714,406,308
112年11月,中正區,男,331,196,135
112年11月,中正區,女,383,210,173
112年11月,大同區,計,774,416,358
112年11月,大同區,男,343,197,146
112年11月,大同區,女,431,219,212
112年11月,萬華區,計,1444,778,666
112年11月,萬華區,男,617,335,282
112年11月,萬華區,女,827,443,384
112年11月,文山區,計,2236,1213,1023
112年11月,文山區,男,982,525,457
112年11月,文山區,女,1254,688,566
112年11月,南港區,計,1485,1029,456
112年11月,南港區,男,633,443,190
112年11月,南港區,女,852,586,266
112年11月,內湖區,計,2518,1660,858
112年11月,內湖區,男,1069,728,341
112年11月,內湖區,女,1449,932,517
112年11月,士林區,計,1679,938,741
112年11月,士林區,男,727,414,313
112年11月,士林區,女,952,524,428
112年11月,北投區,計,1719,1030,689
112年11月,北投區,男,731,448,283
112年11月,北投區,女,988,582,406
112年12月,總計,計,17150,9989,7161
112年12月,總計,男,7337,4366,2971
112年12月,總計,女,9813,5623,4190
112年12月,松山區,計,905,506,399
112年12月,松山區,男,366,203,163
112年12月,松山區,女,539,303,236
112年12月,信義區,計,1131,627,504
112年12月,信義區,男,459,259,200
112年12月,信義區,女,672,368,304
112年12月,大安區,計,1149,596,553
112年12月,大安區,男,502,274,228
112年12月,大安區,女,647,322,325
112年12月,中山區,計,1388,792,596
112年12月,中山區,男,575,346,229
112年12月,中山區,女,813,446,367
112年12月,中正區,計,723,411,312
112年12月,中正區,男,334,198,136
112年12月,中正區,女,389,213,176
112年12月,大同區,計,777,419,358
112年12月,大同區,男,344,199,145
112年12月,大同區,女,433,220,213
112年12月,萬華區,計,1438,774,664
112年12月,萬華區,男,612,332,280
112年12月,萬華區,女,826,442,384
112年12月,文山區,計,2233,1206,1027
112年12月,文山區,男,983,523,460
112年12月,文山區,女,1250,683,567
112年12月,南港區,計,1484,1028,456
112年12月,南港區,男,636,445,191
112年12月,南港區,女,848,583,265
112年12月,內湖區,計,2517,1660,857
112年12月,內湖區,男,1065,726,339
112年12月,內湖區,女,1452,934,518
112年12月,士林區,計,1686,945,741
112年12月,士林區,男,730,415,315
112年12月,士林區,女,956,530,426
112年12月,北投區,計,1719,1025,694
112年12月,北投區,男,731,446,285
112年12月,北投區,女,988,579,409
113年1月,總計,計,17189,10009,7180
113年1月,總計,男,7373,4388,2985
113年1月,總計,女,9816,5621,4195
113年1月,松山區,計,898,500,398
113年1月,松山區,男,367,204,163
113年1月,松山區,女,531,296,235
113年1月,信義區,計,1143,631,512
113年1月,信義區,男,470,263,207
113年1月,信義區,女,673,368,305
113年1月,大安區,計,1150,598,552
113年1月,大安區,男,503,275,228
113年1月,大安區,女,647,323,324
113年1月,中山區,計,1391,790,601
113年1月,中山區,男,575,345,230
113年1月,中山區,女,816,445,371
113年1月,中正區,計,738,418,320
113年1月,中正區,男,338,200,138
113年1月,中正區,女,400,218,182
113年1月,大同區,計,779,422,357
113年1月,大同區,男,347,202,145
113年1月,大同區,女,432,220,212
113年1月,萬華區,計,1444,779,665
113年1月,萬華區,男,619,337,282
113年1月,萬華區,女,825,442,383
113年1月,文山區,計,2240,1215,1025
113年1月,文山區,男,989,529,460
113年1月,文山區,女,1251,686,565
113年1月,南港區,計,1485,1029,456
113年1月,南港區,男,636,445,191
113年1月,南港區,女,849,584,265
113年1月,內湖區,計,2521,1667,854
113年1月,內湖區,男,1066,729,337
113年1月,內湖區,女,1455,938,517
113年1月,士林區,計,1683,939,744
113年1月,士林區,男,732,415,317
113年1月,士林區,女,951,524,427
113年1月,北投區,計,1717,1021,696
113年1月,北投區,男,731,444,287
113年1月,北投區,女,986,577,409
113年2月,總計,計,17345,10101,7244
113年2月,總計,男,7473,4448,3025
113年2月,總計,女,9872,5653,4219
113年2月,松山區,計,919,513,406
113年2月,松山區,男,383,213,170
113年2月,松山區,女,536,300,236
113年2月,信義區,計,1160,640,520
113年2月,信義區,男,481,267,214
113年2月,信義區,女,679,373,306
113年2月,大安區,計,1158,600,558
113年2月,大安區,男,505,275,230
113年2月,大安區,女,653,325,328
113年2月,中山區,計,1406,795,611
113年2月,中山區,男,584,349,235
113年2月,中山區,女,822,446,376
113年2月,中正區,計,746,422,324
113年2月,中正區,男,339,201,138
113年2月,中正區,女,407,221,186
113年2月,大同區,計,790,426,364
113年2月,大同區,男,355,205,150
113年2月,大同區,女,435,221,214
113年2月,萬華區,計,1456,791,665
113年2月,萬華區,男,628,344,284
113年2月,萬華區,女,828,447,381
113年2月,文山區,計,2253,1222,1031
113年2月,文山區,男,999,535,464
113年2月,文山區,女,1254,687,567
113年2月,南港區,計,1506,1048,458
113年2月,南港區,男,644,452,192
113年2月,南港區,女,862,596,266
113年2月,內湖區,計,2527,1677,850
113年2月,內湖區,男,1078,739,339
113年2月,內湖區,女,1449,938,511
113年2月,士林區,計,1690,939,751
113年2月,士林區,男,737,417,320
113年2月,士林區,女,953,522,431
113年2月,北投區,計,1734,1028,706
113年2月,北投區,男,740,451,289
113年2月,北投區,女,994,577,417
113年3月,總計,計,17513,10159,7354
113年3月,總計,男,7547,4471,3076
113年3月,總計,女,9966,5688,4278
113年3月,松山區,計,927,518,409
113年3月,松山區,男,383,213,170
113年3月,松山區,女,544,305,239
113年3月,信義區,計,1173,648,525
113年3月,信義區,男,491,274,217
113年3月,信義區,女,682,374,308
113年3月,大安區,計,1168,608,560
113年3月,大安區,男,504,273,231
113年3月,大安區,女,664,335,329
113年3月,中山區,計,1425,799,626
113年3月,中山區,男,595,353,242
113年3月,中山區,女,830,446,384
113年3月,中正區,計,757,423,334
113年3月,中正區,男,346,203,143
113年3月,中正區,女,411,220,191
113年3月,大同區,計,811,432,379
113年3月,大同區,男,366,208,158
113年3月,大同區,女,445,224,221
113年3月,萬華區,計,1460,793,667
113年3月,萬華區,男,629,345,284
113年3月,萬華區,女,831,448,383
113年3月,文山區,計,2287,1231,1056
113年3月,文山區,男,1013,540,473
113年3月,文山區,女,1274,691,583
113年3月,南港區,計,1517,1052,465
113年3月,南港區,男,649,453,196
113年3月,南港區,女,868,599,269
113年3月,內湖區,計,2523,1672,851
113年3月,內湖區,男,1076,735,341
113年3月,內湖區,女,1447,937,510
113年3月,士林區,計,1716,949,767
113年3月,士林區,男,744,419,325
113年3月,士林區,女,972,530,442
113年3月,北投區,計,1749,1034,715
113年3月,北投區,男,751,455,296
113年3月,北投區,女,998,579,419
113年4月,總計,計,17684,10239,7445
113年4月,總計,男,7645,4514,3131
113年4月,總計,女,10039,5725,4314
113年4月,松山區,計,940,522,418
113年4月,松山區,男,385,213,172
113年4月,松山區,女,555,309,246
113年4月,信義區,計,1176,651,525
113年4月,信義區,男,493,278,215
113年4月,信義區,女,683,373,310
113年4月,大安區,計,1184,619,565
113年4月,大安區,男,512,278,234
113年4月,大安區,女,672,341,331
113年4月,中山區,計,1425,797,628
113年4月,中山區,男,598,350,248
113年4月,中山區,女,827,447,380
113年4月,中正區,計,764,432,332
113年4月,中正區,男,348,206,142
113年4月,中正區,女,416,226,190
113年4月,大同區,計,825,435,390
113年4月,大同區,男,374,211,163
113年4月,大同區,女,451,224,227
113年4月,萬華區,計,1486,802,684
113年4月,萬華區,男,643,350,293
113年4月,萬華區,女,843,452,391
113年4月,文山區,計,2321,1245,1076
113年4月,文山區,男,1035,546,489
113年4月,文山區,女,1286,699,587
113年4月,南港區,計,1525,1059,466
113年4月,南港區,男,655,458,197
113年4月,南港區,女,870,601,269
113年4月,內湖區,計,2548,1687,861
113年4月,內湖區,男,1090,743,347
113年4月,內湖區,女,1458,944,514
113年4月,士林區,計,1729,958,771
113年4月,士林區,男,753,423,330
113年4月,士林區,女,976,535,441
113年4月,北投區,計,1761,1032,729
113年4月,北投區,男,759,458,301
113年4月,北投區,女,1002,574,428
113年5月,總計,計,17870,10337,7533
113年5月,總計,男,7743,4569,3174
113年5月,總計,女,10127,5768,4359
113年5月,松山區,計,953,535,418
113年5月,松山區,男,392,221,171
113年5月,松山區,女,561,314,247
113年5月,信義區,計,1204,667,537
113年5月,信義區,男,506,285,221
113年5月,信義區,女,698,382,316
113年5月,大安區,計,1190,626,564
113年5月,大安區,男,515,280,235
113年5月,大安區,女,675,346,329
113年5月,中山區,計,1434,798,636
113年5月,中山區,男,604,351,253
113年5月,中山區,女,830,447,383
113年5月,中正區,計,769,433,336
113年5月,中正區,男,350,207,143
113年5月,中正區,女,419,226,193
113年5月,大同區,計,847,437,410
113年5月,大同區,男,383,211,172
113年5月,大同區,女,464,226,238
113年5月,萬華區,計,1510,812,698
113年5月,萬華區,男,653,355,298
113年5月,萬華區,女,857,457,400
113年5月,文山區,計,2339,1258,1081
113年5月,文山區,男,1049,553,496
113年5月,文山區,女,1290,705,585
113年5月,南港區,計,1525,1055,470
113年5月,南港區,男,657,458,199
113年5月,南港區,女,868,597,271
113年5月,內湖區,計,2576,1707,869
113年5月,內湖區,男,1102,756,346
113年5月,內湖區,女,1474,951,523
113年5月,士林區,計,1750,968,782
113年5月,士林區,男,766,429,337
113年5月,士林區,女,984,539,445
113年5月,北投區,計,1773,1041,732
113年5月,北投區,男,766,463,303
113年5月,北投區,女,1007,578,429
113年6月,總計,計,17967,10373,7594
113年6月,總計,男,7788,4584,3204
113年6月,總計,女,10179,5789,4390
113年6月,松山區,計,958,541,417
113年6月,松山區,男,396,224,172
113年6月,松山區,女,562,317,245
113年6月,信義區,計,1220,679,541
113年6月,信義區,男,510,289,221
113年6月,信義區,女,710,390,320
113年6月,大安區,計,1185,627,558
113年6月,大安區,男,514,280,234
113年6月,大安區,女,671,347,324
113年6月,中山區,計,1444,809,635
113年6月,中山區,男,606,356,250
113年6月,中山區,女,838,453,385
113年6月,中正區,計,768,427,341
113年6月,中正區,男,348,202,146
113年6月,中正區,女,420,225,195
113年6月,大同區,計,850,436,414
113年6月,大同區,男,382,210,172
113年6月,大同區,女,468,226,242
113年6月,萬華區,計,1521,816,705
113年6月,萬華區,男,659,359,300
113年6月,萬華區,女,862,457,405
113年6月,文山區,計,2363,1267,1096
113年6月,文山區,男,1059,559,500
113年6月,文山區,女,1304,708,596
113年6月,南港區,計,1519,1043,476
113年6月,南港區,男,656,454,202
113年6月,南港區,女,863,589,274
113年6月,內湖區,計,2595,1716,879
113年6月,內湖區,男,1112,762,350
113年6月,內湖區,女,1483,954,529
113年6月,士林區,計,1770,978,792
113年6月,士林區,男,776,433,343
113年6月,士林區,女,994,545,449
113年6月,北投區,計,1774,1034,740
113年6月,北投區,男,770,456,314
113年6月,北投區,女,1004,578,426
113年7月,總計,計,18082,10433,7649
113年7月,總計,男,7838,4612,3226
113年7月,總計,女,10244,5821,4423
113年7月,松山區,計,966,544,422
113年7月,松山區,男,397,224,173
113年7月,松山區,女,569,320,249
113年7月,信義區,計,1229,683,546
113年7月,信義區,男,513,292,221
113年7月,信義區,女,716,391,325
113年7月,大安區,計,1190,625,565
113年7月,大安區,男,516,279,237
113年7月,大安區,女,674,346,328
113年7月,中山區,計,1448,805,643
113年7月,中山區,男,610,357,253
113年7月,中山區,女,838,448,390
113年7月,中正區,計,771,433,338
113年7月,中正區,男,351,204,147
113年7月,中正區,女,420,229,191
113年7月,大同區,計,862,448,414
113年7月,大同區,男,386,214,172
113年7月,大同區,女,476,234,242
113年7月,萬華區,計,1549,834,715
113年7月,萬華區,男,664,360,304
113年7月,萬華區,女,885,474,411
113年7月,文山區,計,2385,1281,1104
113年7月,文山區,男,1069,566,503
113年7月,文山區,女,1316,715,601
113年7月,南港區,計,1513,1037,476
113年7月,南港區,男,652,451,201
113年7月,南港區,女,861,586,275
113年7月,內湖區,計,2620,1731,889
113年7月,內湖區,男,1127,774,353
113年7月,內湖區,女,1493,957,536
113年7月,士林區,計,1767,974,793
113年7月,士林區,男,778,431,347
113年7月,士林區,女,989,543,446
113年7月,北投區,計,1782,1038,744
113年7月,北投區,男,775,460,315
113年7月,北投區,女,1007,578,429
113年8月,總計,計,18248,10532,7716
113年8月,總計,男,7932,4664,3268
113年8月,總計,女,10316,5868,4448
113年8月,松山區,計,980,548,432
113年8月,松山區,男,404,227,177
113年8月,松山區,女,576,321,255
113年8月,信義區,計,1243,700,543
113年8月,信義區,男,520,301,219
113年8月,信義區,女,723,399,324
113年8月,大安區,計,1201,628,573
113年8月,大安區,男,522,281,241
113年8月,大安區,女,679,347,332
113年8月,中山區,計,1461,822,639
113年8月,中山區,男,618,367,251
113年8月,中山區,女,843,455,388
113年8月,中正區,計,787,443,344
113年8月,中正區,男,363,212,151
113年8月,中正區,女,424,231,193
113年8月,大同區,計,869,451,418
113年8月,大同區,男,393,219,174
113年8月,大同區,女,476,232,244
113年8月,萬華區,計,1557,832,725
113年8月,萬華區,男,662,355,307
113年8月,萬華區,女,895,477,418
113年8月,文山區,計,2426,1299,1127
113年8月,文山區,男,1084,572,512
113年8月,文山區,女,1342,727,615
113年8月,南港區,計,1514,1037,477
113年8月,南港區,男,656,452,204
113年8月,南港區,女,858,585,273
113年8月,內湖區,計,2642,1744,898
113年8月,內湖區,男,1140,776,364
113年8月,內湖區,女,1502,968,534
113年8月,士林區,計,1783,980,803
113年8月,士林區,男,787,435,352
113年8月,士林區,女,996,545,451
113年8月,北投區,計,1785,1048,737
113年8月,北投區,男,783,467,316
113年8月,北投區,女,1002,581,421
113年9月,總計,計,18366,10608,7758
113年9月,總計,男,7995,4706,3289
113年9月,總計,女,10371,5902,4469
113年9月,松山區,計,985,551,434
113年9月,松山區,男,405,230,175
113年9月,松山區,女,580,321,259
113年9月,信義區,計,1253,709,544
113年9月,信義區,男,528,307,221
113年9月,信義區,女,725,402,323
113年9月,大安區,計,1194,624,570
113年9月,大安區,男,523,283,240
113年9月,大安區,女,671,341,330
113年9月,中山區,計,1472,827,645
113年9月,中山區,男,624,367,257
113年9月,中山區,女,848,460,388
113年9月,中正區,計,804,452,352
113年9月,中正區,男,372,217,155
113年9月,中正區,女,432,235,197
113年9月,大同區,計,872,448,424
113年9月,大同區,男,394,218,176
113年9月,大同區,女,478,230,248
113年9月,萬華區,計,1564,840,724
113年9月,萬華區,男,666,358,308
113年9月,萬華區,女,898,482,416
113年9月,文山區,計,2447,1312,1135
113年9月,文山區,男,1097,583,514
113年9月,文山區,女,1350,729,621
113年9月,南港區,計,1525,1044,481
113年9月,南港區,男,662,456,206
113年9月,南港區,女,863,588,275
113年9月,內湖區,計,2653,1750,903
113年9月,內湖區,男,1139,773,366
113年9月,內湖區,女,1514,977,537
113年9月,士林區,計,1797,991,806
113年9月,士林區,男,794,439,355
113年9月,士林區,女,1003,552,451
113年9月,北投區,計,1800,1060,740
113年9月,北投區,男,791,475,316
113年9月,北投區,女,1009,585,424
113年10月,總計,計,18407,10627,7780
113年10月,總計,男,8015,4717,3298
113年10月,總計,女,10392,5910,4482
113年10月,松山區,計,994,556,438
113年10月,松山區,男,405,228,177
113年10月,松山區,女,589,328,261
113年10月,信義區,計,1250,709,541
113年10月,信義區,男,526,306,220
113年10月,信義區,女,724,403,321
113年10月,大安區,計,1194,622,572
113年10月,大安區,男,525,285,240
113年10月,大安區,女,669,337,332
113年10月,中山區,計,1484,831,653
113年10月,中山區,男,631,370,261
113年10月,中山區,女,853,461,392
113年10月,中正區,計,802,449,353
113年10月,中正區,男,372,216,156
113年10月,中正區,女,430,233,197
113年10月,大同區,計,871,448,423
113年10月,大同區,男,393,217,176
113年10月,大同區,女,478,231,247
113年10月,萬華區,計,1559,838,721
113年10月,萬華區,男,662,356,306
113年10月,萬華區,女,897,482,415
113年10月,文山區,計,2462,1324,1138
113年10月,文山區,男,1104,589,515
113年10月,文山區,女,1358,735,623
113年10月,南港區,計,1528,1047,481
113年10月,南港區,男,663,457,206
113年10月,南港區,女,865,590,275
113年10月,內湖區,計,2663,1756,907
113年10月,內湖區,男,1146,777,369
113年10月,內湖區,女,1517,979,538
113年10月,士林區,計,1800,992,808
113年10月,士林區,男,796,440,356
113年10月,士林區,女,1004,552,452
113年10月,北投區,計,1800,1055,745
113年10月,北投區,男,792,476,316
113年10月,北投區,女,1008,579,429
113年11月,總計,計,18461,10669,7792
113年11月,總計,男,8065,4751,3314
113年11月,總計,女,10396,5918,4478
113年11月,松山區,計,990,553,437
113年11月,松山區,男,400,223,177
113年11月,松山區,女,590,330,260
113年11月,信義區,計,1274,725,549
113年11月,信義區,男,540,316,224
113年11月,信義區,女,734,409,325
113年11月,大安區,計,1199,623,576
113年11月,大安區,男,527,285,242
113年11月,大安區,女,672,338,334
113年11月,中山區,計,1496,835,661
113年11月,中山區,男,638,371,267
113年11月,中山區,女,858,464,394
113年11月,中正區,計,802,448,354
113年11月,中正區,男,377,219,158
113年11月,中正區,女,425,229,196
113年11月,大同區,計,861,445,416
113年11月,大同區,男,390,214,176
113年11月,大同區,女,471,231,240
113年11月,萬華區,計,1566,840,726
113年11月,萬華區,男,666,357,309
113年11月,萬華區,女,900,483,417
113年11月,文山區,計,2462,1333,1129
113年11月,文山區,男,1110,598,512
113年11月,文山區,女,1352,735,617
113年11月,南港區,計,1527,1050,477
113年11月,南港區,男,665,462,203
113年11月,南港區,女,862,588,274
113年11月,內湖區,計,2660,1754,906
113年11月,內湖區,男,1149,779,370
113年11月,內湖區,女,1511,975,536
113年11月,士林區,計,1816,1007,809
113年11月,士林區,男,803,446,357
113年11月,士林區,女,1013,561,452
113年11月,北投區,計,1808,1056,752
113年11月,北投區,男,800,481,319
113年11月,北投區,女,1008,575,433
113年12月,總計,計,18543,10702,7841
113年12月,總計,男,8104,4769,3335
113年12月,總計,女,10439,5933,4506
113年12月,松山區,計,1004,552,452
113年12月,松山區,男,405,223,182
113年12月,松山區,女,599,329,270
113年12月,信義區,計,1277,727,550
113年12月,信義區,男,545,318,227
113年12月,信義區,女,732,409,323
113年12月,大安區,計,1205,621,584
113年12月,大安區,男,530,283,247
113年12月,大安區,女,675,338,337
113年12月,中山區,計,1492,832,660
113年12月,中山區,男,640,371,269
113年12月,中山區,女,852,461,391
113年12月,中正區,計,801,450,351
113年12月,中正區,男,377,221,156
113年12月,中正區,女,424,229,195
113年12月,大同區,計,858,448,410
113年12月,大同區,男,388,215,173
113年12月,大同區,女,470,233,237
113年12月,萬華區,計,1578,847,731
113年12月,萬華區,男,674,360,314
113年12月,萬華區,女,904,487,417
113年12月,文山區,計,2493,1345,1148
113年12月,文山區,男,1117,604,513
113年12月,文山區,女,1376,741,635
113年12月,南港區,計,1537,1056,481
113年12月,南港區,男,672,466,206
113年12月,南港區,女,865,590,275
113年12月,內湖區,計,2662,1756,906
113年12月,內湖區,男,1146,778,368
113年12月,內湖區,女,1516,978,538
113年12月,士林區,計,1817,1008,809
113年12月,士林區,男,805,447,358
113年12月,士林區,女,1012,561,451
113年12月,北投區,計,1819,1060,759
113年12月,北投區,男,805,483,322
113年12月,北投區,女,1014,577,437
114年1月,總計,計,18606,10731,7875
114年1月,總計,男,8145,4792,3353
114年1月,總計,女,10461,5939,4522
114年1月,松山區,計,1011,557,454
114年1月,松山區,男,411,227,184
114年1月,松山區,女,600,330,270
114年1月,信義區,計,1278,728,550
114年1月,信義區,男,548,320,228
114年1月,信義區,女,730,408,322
114年1月,大安區,計,1214,621,593
114年1月,大安區,男,538,288,250
114年1月,大安區,女,676,333,343
114年1月,中山區,計,1500,835,665
114年1月,中山區,男,644,371,273
114年1月,中山區,女,856,464,392
114年1月,中正區,計,809,448,361
114年1月,中正區,男,377,219,158
114年1月,中正區,女,432,229,203
114年1月,大同區,計,864,451,413
114年1月,大同區,男,392,219,173
114年1月,大同區,女,472,232,240
114年1月,萬華區,計,1578,848,730
114年1月,萬華區,男,678,364,314
114年1月,萬華區,女,900,484,416
114年1月,文山區,計,2494,1348,1146
114年1月,文山區,男,1120,607,513
114年1月,文山區,女,1374,741,633
114年1月,南港區,計,1541,1063,478
114年1月,南港區,男,670,465,205
114年1月,南港區,女,871,598,273
114年1月,內湖區,計,2666,1758,908
114年1月,內湖區,男,1147,779,368
114年1月,內湖區,女,1519,979,540
114年1月,士林區,計,1825,1011,814
114年1月,士林區,男,809,446,363
114年1月,士林區,女,1016,565,451
114年1月,北投區,計,1826,1063,763
114年1月,北投區,男,811,487,324
114年1月,北投區,女,1015,576,439
114年2月,總計,計,18678,10787,7891
114年2月,總計,男,8197,4827,3370
114年2月,總計,女,10481,5960,4521
114年2月,松山區,計,1007,560,447
114年2月,松山區,男,413,231,182
114年2月,松山區,女,594,329,265
114年2月,信義區,計,1292,737,555
114年2月,信義區,男,552,324,228
114年2月,信義區,女,740,413,327
114年2月,大安區,計,1226,631,595
114年2月,大安區,男,542,291,251
114年2月,大安區,女,684,340,344
114年2月,中山區,計,1493,828,665
114年2月,中山區,男,639,365,274
114年2月,中山區,女,854,463,391
114年2月,中正區,計,810,449,361
114年2月,中正區,男,379,221,158
114年2月,中正區,女,431,228,203
114年2月,大同區,計,875,453,422
114年2月,大同區,男,398,218,180
114年2月,大同區,女,477,235,242
114年2月,萬華區,計,1580,846,734
114年2月,萬華區,男,685,369,316
114年2月,萬華區,女,895,477,418
114年2月,文山區,計,2517,1365,1152
114年2月,文山區,男,1135,613,522
114年2月,文山區,女,1382,752,630
114年2月,南港區,計,1543,1065,478
114年2月,南港區,男,670,464,206
114年2月,南港區,女,873,601,272
114年2月,內湖區,計,2661,1758,903
114年2月,內湖區,男,1143,780,363
114年2月,內湖區,女,1518,978,540
114年2月,士林區,計,1836,1021,815
114年2月,士林區,男,818,454,364
114年2月,士林區,女,1018,567,451
114年2月,北投區,計,1838,1074,764
114年2月,北投區,男,823,497,326
114年2月,北投區,女,1015,577,438
114年3月,總計,計,18677,10794,7883
114年3月,總計,男,8187,4829,3358
114年3月,總計,女,10490,5965,4525
114年3月,松山區,計,1005,564,441
114年3月,松山區,男,409,232,177
114年3月,松山區,女,596,332,264
114年3月,信義區,計,1298,742,556
114年3月,信義區,男,555,328,227
114年3月,信義區,女,743,414,329
114年3月,大安區,計,1232,634,598
114年3月,大安區,男,545,293,252
114年3月,大安區,女,687,341,346
114年3月,中山區,計,1485,828,657
114年3月,中山區,男,631,362,269
114年3月,中山區,女,854,466,388
114年3月,中正區,計,791,436,355
114年3月,中正區,男,371,216,155
114年3月,中正區,女,420,220,200
114年3月,大同區,計,870,453,417
114年3月,大同區,男,396,218,178
114年3月,大同區,女,474,235,239
114年3月,萬華區,計,1588,847,741
114年3月,萬華區,男,691,371,320
114年3月,萬華區,女,897,476,421
114年3月,文山區,計,2524,1369,1155
114年3月,文山區,男,1136,616,520
114年3月,文山區,女,1388,753,635
114年3月,南港區,計,1527,1057,470
114年3月,南港區,男,664,461,203
114年3月,南港區,女,863,596,267
114年3月,內湖區,計,2669,1763,906
114年3月,內湖區,男,1146,781,365
114年3月,內湖區,女,1523,982,541
114年3月,士林區,計,1843,1026,817
114年3月,士林區,男,821,456,365
114年3月,士林區,女,1022,570,452
114年3月,北投區,計,1845,1075,770
114年3月,北投區,男,822,495,327
114年3月,北投區,女,1023,580,443
114年4月,總計,計,18756,10843,7913
114年4月,總計,男,8218,4847,3371
114年4月,總計,女,10538,5996,4542
114年4月,松山區,計,1012,568,444
114年4月,松山區,男,412,234,178
114年4月,松山區,女,600,334,266
114年4月,信義區,計,1326,761,565
114年4月,信義區,男,565,337,228
114年4月,信義區,女,761,424,337
114年4月,大安區,計,1235,637,598
114年4月,大安區,男,543,292,251
114年4月,大安區,女,692,345,347
114年4月,中山區,計,1497,831,666
114年4月,中山區,男,638,362,276
114年4月,中山區,女,859,469,390
114年4月,中正區,計,789,436,353
114年4月,中正區,男,369,214,155
114年4月,中正區,女,420,222,198
114年4月,大同區,計,862,451,411
114年4月,大同區,男,394,218,176
114年4月,大同區,女,468,233,235
114年4月,萬華區,計,1597,854,743
114年4月,萬華區,男,699,378,321
114年4月,萬華區,女,898,476,422
114年4月,文山區,計,2531,1371,1160
114年4月,文山區,男,1141,619,522
114年4月,文山區,女,1390,752,638
114年4月,南港區,計,1531,1056,475
114年4月,南港區,男,665,460,205
114年4月,南港區,女,866,596,270
114年4月,內湖區,計,2667,1771,896
114年4月,內湖區,男,1142,782,360
114年4月,內湖區,女,1525,989,536
114年4月,士林區,計,1857,1034,823
114年4月,士林區,男,825,457,368
114年4月,士林區,女,1032,577,455
114年4月,北投區,計,1852,1073,779
114年4月,北投區,男,825,494,331
114年4月,北投區,女,1027,579,448
