year,month,district,gender,total,population_plains,population_mountains
109,1,中山區,女,879,479,400
109,1,中山區,男,580,333,247
109,1,中山區,計,1459,812,647
109,1,中正區,女,398,225,173
109,1,中正區,男,335,206,129
109,1,中正區,計,733,431,302
109,1,信義區,女,670,357,313
109,1,信義區,男,445,254,191
109,1,信義區,計,1115,611,504
109,1,內湖區,女,1412,910,502
109,1,內湖區,男,1071,731,340
109,1,內湖區,計,2483,1641,842
109,1,北投區,女,955,548,407
109,1,北投區,男,701,438,263
109,1,北投區,計,1656,986,670
109,1,南港區,女,804,557,247
109,1,南港區,男,662,491,171
109,1,南港區,計,1466,1048,418
109,1,士林區,女,981,552,429
109,1,士林區,男,694,400,294
109,1,士林區,計,1675,952,723
109,1,大同區,女,424,249,175
109,1,大同區,男,308,163,145
109,1,大同區,計,732,412,320
109,1,大安區,女,658,346,312
109,1,大安區,男,480,277,203
109,1,大安區,計,1138,623,515
109,1,文山區,女,1262,674,588
109,1,文山區,男,953,529,424
109,1,文山區,計,2215,1203,1012
109,1,松山區,女,546,304,242
109,1,松山區,男,391,220,171
109,1,松山區,計,937,524,413
109,1,總計,女,9806,5623,4183
109,1,總計,男,7222,4361,2861
109,1,總計,計,17028,9984,7044
109,1,萬華區,女,817,422,395
109,1,萬華區,男,602,319,283
109,1,萬華區,計,1419,741,678
109,2,中山區,女,867,468,399
109,2,中山區,男,575,330,245
109,2,中山區,計,1442,798,644
109,2,中正區,女,401,229,172
109,2,中正區,男,339,210,129
109,2,中正區,計,740,439,301
109,2,信義區,女,673,361,312
109,2,信義區,男,446,254,192
109,2,信義區,計,1119,615,504
109,2,內湖區,女,1413,911,502
109,2,內湖區,男,1070,731,339
109,2,內湖區,計,2483,1642,841
109,2,北投區,女,957,548,409
109,2,北投區,男,701,439,262
109,2,北投區,計,1658,987,671
109,2,南港區,女,804,553,251
109,2,南港區,男,662,488,174
109,2,南港區,計,1466,1041,425
109,2,士林區,女,979,553,426
109,2,士林區,男,687,395,292
109,2,士林區,計,1666,948,718
109,2,大同區,女,429,250,179
109,2,大同區,男,309,164,145
109,2,大同區,計,738,414,324
109,2,大安區,女,660,346,314
109,2,大安區,男,482,277,205
109,2,大安區,計,1142,623,519
109,2,文山區,女,1266,672,594
109,2,文山區,男,955,530,425
109,2,文山區,計,2221,1202,1019
109,2,松山區,女,550,306,244
109,2,松山區,男,391,219,172
109,2,松山區,計,941,525,416
109,2,總計,女,9822,5625,4197
109,2,總計,男,7223,4359,2864
109,2,總計,計,17045,9984,7061
109,2,萬華區,女,823,428,395
109,2,萬華區,男,606,322,284
109,2,萬華區,計,1429,750,679
109,3,中山區,女,863,459,404
109,3,中山區,男,570,327,243
109,3,中山區,計,1433,786,647
109,3,中正區,女,395,227,168
109,3,中正區,男,342,213,129
109,3,中正區,計,737,440,297
109,3,信義區,女,670,363,307
109,3,信義區,男,443,253,190
109,3,信義區,計,1113,616,497
109,3,內湖區,女,1418,918,500
109,3,內湖區,男,1067,731,336
109,3,內湖區,計,2485,1649,836
109,3,北投區,女,959,550,409
109,3,北投區,男,701,438,263
109,3,北投區,計,1660,988,672
109,3,南港區,女,813,553,260
109,3,南港區,男,667,486,181
109,3,南港區,計,1480,1039,441
109,3,士林區,女,975,551,424
109,3,士林區,男,686,396,290
109,3,士林區,計,1661,947,714
109,3,大同區,女,424,247,177
109,3,大同區,男,308,164,144
109,3,大同區,計,732,411,321
109,3,大安區,女,670,347,323
109,3,大安區,男,475,274,201
109,3,大安區,計,1145,621,524
109,3,文山區,女,1268,670,598
109,3,文山區,男,954,528,426
109,3,文山區,計,2222,1198,1024
109,3,松山區,女,556,308,248
109,3,松山區,男,393,220,173
109,3,松山區,計,949,528,421
109,3,總計,女,9841,5624,4217
109,3,總計,男,7214,4354,2860
109,3,總計,計,17055,9978,7077
109,3,萬華區,女,830,431,399
109,3,萬華區,男,608,324,284
109,3,萬華區,計,1438,755,683
109,4,中山區,女,865,457,408
109,4,中山區,男,571,326,245
109,4,中山區,計,1436,783,653
109,4,中正區,女,394,228,166
109,4,中正區,男,341,212,129
109,4,中正區,計,735,440,295
109,4,信義區,女,669,361,308
109,4,信義區,男,447,256,191
109,4,信義區,計,1116,617,499
109,4,內湖區,女,1420,923,497
109,4,內湖區,男,1065,730,335
109,4,內湖區,計,2485,1653,832
109,4,北投區,女,955,544,411
109,4,北投區,男,701,437,264
109,4,北投區,計,1656,981,675
109,4,南港區,女,830,563,267
109,4,南港區,男,674,490,184
109,4,南港區,計,1504,1053,451
109,4,士林區,女,975,549,426
109,4,士林區,男,679,392,287
109,4,士林區,計,1654,941,713
109,4,大同區,女,425,249,176
109,4,大同區,男,311,165,146
109,4,大同區,計,736,414,322
109,4,大安區,女,673,346,327
109,4,大安區,男,468,272,196
109,4,大安區,計,1141,618,523
109,4,文山區,女,1271,673,598
109,4,文山區,男,951,528,423
109,4,文山區,計,2222,1201,1021
109,4,松山區,女,559,312,247
109,4,松山區,男,394,222,172
109,4,松山區,計,953,534,419
109,4,總計,女,9868,5638,4230
109,4,總計,男,7211,4355,2856
109,4,總計,計,17079,9993,7086
109,4,萬華區,女,832,433,399
109,4,萬華區,男,609,325,284
109,4,萬華區,計,1441,758,683
109,5,中山區,女,870,464,406
109,5,中山區,男,575,333,242
109,5,中山區,計,1445,797,648
109,5,中正區,女,388,223,165
109,5,中正區,男,342,214,128
109,5,中正區,計,730,437,293
109,5,信義區,女,673,362,311
109,5,信義區,男,449,256,193
109,5,信義區,計,1122,618,504
109,5,內湖區,女,1413,917,496
109,5,內湖區,男,1060,728,332
109,5,內湖區,計,2473,1645,828
109,5,北投區,女,947,536,411
109,5,北投區,男,702,434,268
109,5,北投區,計,1649,970,679
109,5,南港區,女,833,565,268
109,5,南港區,男,673,485,188
109,5,南港區,計,1506,1050,456
109,5,士林區,女,977,551,426
109,5,士林區,男,687,397,290
109,5,士林區,計,1664,948,716
109,5,大同區,女,429,250,179
109,5,大同區,男,308,163,145
109,5,大同區,計,737,413,324
109,5,大安區,女,675,346,329
109,5,大安區,男,472,273,199
109,5,大安區,計,1147,619,528
109,5,文山區,女,1273,675,598
109,5,文山區,男,964,529,435
109,5,文山區,計,2237,1204,1033
109,5,松山區,女,560,314,246
109,5,松山區,男,397,225,172
109,5,松山區,計,957,539,418
109,5,總計,女,9876,5637,4239
109,5,總計,男,7248,4362,2886
109,5,總計,計,17124,9999,7125
109,5,萬華區,女,838,434,404
109,5,萬華區,男,619,325,294
109,5,萬華區,計,1457,759,698
109,6,中山區,女,866,459,407
109,6,中山區,男,572,331,241
109,6,中山區,計,1438,790,648
109,6,中正區,女,395,225,170
109,6,中正區,男,343,214,129
109,6,中正區,計,738,439,299
109,6,信義區,女,670,361,309
109,6,信義區,男,454,259,195
109,6,信義區,計,1124,620,504
109,6,內湖區,女,1406,912,494
109,6,內湖區,男,1059,725,334
109,6,內湖區,計,2465,1637,828
109,6,北投區,女,952,538,414
109,6,北投區,男,703,435,268
109,6,北投區,計,1655,973,682
109,6,南港區,女,837,567,270
109,6,南港區,男,673,480,193
109,6,南港區,計,1510,1047,463
109,6,士林區,女,982,555,427
109,6,士林區,男,694,399,295
109,6,士林區,計,1676,954,722
109,6,大同區,女,432,252,180
109,6,大同區,男,310,163,147
109,6,大同區,計,742,415,327
109,6,大安區,女,672,343,329
109,6,大安區,男,474,273,201
109,6,大安區,計,1146,616,530
109,6,文山區,女,1268,675,593
109,6,文山區,男,962,527,435
109,6,文山區,計,2230,1202,1028
109,6,松山區,女,559,314,245
109,6,松山區,男,396,225,171
109,6,松山區,計,955,539,416
109,6,總計,女,9871,5632,4239
109,6,總計,男,7262,4359,2903
109,6,總計,計,17133,9991,7142
109,6,萬華區,女,832,431,401
109,6,萬華區,男,622,328,294
109,6,萬華區,計,1454,759,695
109,7,中山區,女,865,456,409
109,7,中山區,男,573,334,239
109,7,中山區,計,1438,790,648
109,7,中正區,女,397,226,171
109,7,中正區,男,339,212,127
109,7,中正區,計,736,438,298
109,7,信義區,女,670,364,306
109,7,信義區,男,448,257,191
109,7,信義區,計,1118,621,497
109,7,內湖區,女,1409,914,495
109,7,內湖區,男,1052,723,329
109,7,內湖區,計,2461,1637,824
109,7,北投區,女,951,538,413
109,7,北投區,男,707,438,269
109,7,北投區,計,1658,976,682
109,7,南港區,女,833,565,268
109,7,南港區,男,678,482,196
109,7,南港區,計,1511,1047,464
109,7,士林區,女,984,547,437
109,7,士林區,男,696,398,298
109,7,士林區,計,1680,945,735
109,7,大同區,女,429,249,180
109,7,大同區,男,322,169,153
109,7,大同區,計,751,418,333
109,7,大安區,女,671,346,325
109,7,大安區,男,477,273,204
109,7,大安區,計,1148,619,529
109,7,文山區,女,1271,680,591
109,7,文山區,男,961,524,437
109,7,文山區,計,2232,1204,1028
109,7,松山區,女,558,314,244
109,7,松山區,男,394,224,170
109,7,松山區,計,952,538,414
109,7,總計,女,9867,5627,4240
109,7,總計,男,7274,4365,2909
109,7,總計,計,17141,9992,7149
109,7,萬華區,女,829,428,401
109,7,萬華區,男,627,331,296
109,7,萬華區,計,1456,759,697
109,8,中山區,女,861,457,404
109,8,中山區,男,566,327,239
109,8,中山區,計,1427,784,643
109,8,中正區,女,404,229,175
109,8,中正區,男,343,213,130
109,8,中正區,計,747,442,305
109,8,信義區,女,672,365,307
109,8,信義區,男,444,256,188
109,8,信義區,計,1116,621,495
109,8,內湖區,女,1408,911,497
109,8,內湖區,男,1048,722,326
109,8,內湖區,計,2456,1633,823
109,8,北投區,女,954,541,413
109,8,北投區,男,701,438,263
109,8,北投區,計,1655,979,676
109,8,南港區,女,836,567,269
109,8,南港區,男,672,477,195
109,8,南港區,計,1508,1044,464
109,8,士林區,女,986,549,437
109,8,士林區,男,695,396,299
109,8,士林區,計,1681,945,736
109,8,大同區,女,431,248,183
109,8,大同區,男,326,169,157
109,8,大同區,計,757,417,340
109,8,大安區,女,668,343,325
109,8,大安區,男,483,276,207
109,8,大安區,計,1151,619,532
109,8,文山區,女,1261,674,587
109,8,文山區,男,968,524,444
109,8,文山區,計,2229,1198,1031
109,8,松山區,女,556,312,244
109,8,松山區,男,392,221,171
109,8,松山區,計,948,533,415
109,8,總計,女,9856,5623,4233
109,8,總計,男,7262,4349,2913
109,8,總計,計,17118,9972,7146
109,8,萬華區,女,819,427,392
109,8,萬華區,男,624,330,294
109,8,萬華區,計,1443,757,686
109,9,中山區,女,867,459,408
109,9,中山區,男,567,328,239
109,9,中山區,計,1434,787,647
109,9,中正區,女,409,228,181
109,9,中正區,男,345,209,136
109,9,中正區,計,754,437,317
109,9,信義區,女,672,367,305
109,9,信義區,男,446,256,190
109,9,信義區,計,1118,623,495
109,9,內湖區,女,1405,913,492
109,9,內湖區,男,1052,728,324
109,9,內湖區,計,2457,1641,816
109,9,北投區,女,952,541,411
109,9,北投區,男,705,441,264
109,9,北投區,計,1657,982,675
109,9,南港區,女,837,568,269
109,9,南港區,男,668,476,192
109,9,南港區,計,1505,1044,461
109,9,士林區,女,991,552,439
109,9,士林區,男,703,402,301
109,9,士林區,計,1694,954,740
109,9,大同區,女,435,247,188
109,9,大同區,男,326,168,158
109,9,大同區,計,761,415,346
109,9,大安區,女,664,341,323
109,9,大安區,男,481,274,207
109,9,大安區,計,1145,615,530
109,9,文山區,女,1261,673,588
109,9,文山區,男,971,527,444
109,9,文山區,計,2232,1200,1032
109,9,松山區,女,551,306,245
109,9,松山區,男,391,219,172
109,9,松山區,計,942,525,417
109,9,總計,女,9863,5627,4236
109,9,總計,男,7276,4358,2918
109,9,總計,計,17139,9985,7154
109,9,萬華區,女,819,432,387
109,9,萬華區,男,621,330,291
109,9,萬華區,計,1440,762,678
109,10,中山區,女,867,456,411
109,10,中山區,男,568,329,239
109,10,中山區,計,1435,785,650
109,10,中正區,女,409,229,180
109,10,中正區,男,346,208,138
109,10,中正區,計,755,437,318
109,10,信義區,女,678,369,309
109,10,信義區,男,447,255,192
109,10,信義區,計,1125,624,501
109,10,內湖區,女,1405,918,487
109,10,內湖區,男,1051,727,324
109,10,內湖區,計,2456,1645,811
109,10,北投區,女,956,545,411
109,10,北投區,男,706,443,263
109,10,北投區,計,1662,988,674
109,10,南港區,女,837,568,269
109,10,南港區,男,669,476,193
109,10,南港區,計,1506,1044,462
109,10,士林區,女,982,548,434
109,10,士林區,男,707,404,303
109,10,士林區,計,1689,952,737
109,10,大同區,女,432,246,186
109,10,大同區,男,329,171,158
109,10,大同區,計,761,417,344
109,10,大安區,女,666,340,326
109,10,大安區,男,483,275,208
109,10,大安區,計,1149,615,534
109,10,文山區,女,1259,669,590
109,10,文山區,男,975,528,447
109,10,文山區,計,2234,1197,1037
109,10,松山區,女,547,303,244
109,10,松山區,男,386,214,172
109,10,松山區,計,933,517,416
109,10,總計,女,9858,5620,4238
109,10,總計,男,7284,4358,2926
109,10,總計,計,17142,9978,7164
109,10,萬華區,女,820,429,391
109,10,萬華區,男,617,328,289
109,10,萬華區,計,1437,757,680
109,11,中山區,女,863,454,409
109,11,中山區,男,572,331,241
109,11,中山區,計,1435,785,650
109,11,中正區,女,415,236,179
109,11,中正區,男,347,209,138
109,11,中正區,計,762,445,317
109,11,信義區,女,678,368,310
109,11,信義區,男,446,253,193
109,11,信義區,計,1124,621,503
109,11,內湖區,女,1403,916,487
109,11,內湖區,男,1049,726,323
109,11,內湖區,計,2452,1642,810
109,11,北投區,女,955,546,409
109,11,北投區,男,708,445,263
109,11,北投區,計,1663,991,672
109,11,南港區,女,838,567,271
109,11,南港區,男,670,477,193
109,11,南港區,計,1508,1044,464
109,11,士林區,女,978,549,429
109,11,士林區,男,709,405,304
109,11,士林區,計,1687,954,733
109,11,大同區,女,426,243,183
109,11,大同區,男,323,168,155
109,11,大同區,計,749,411,338
109,11,大安區,女,662,336,326
109,11,大安區,男,481,271,210
109,11,大安區,計,1143,607,536
109,11,文山區,女,1252,670,582
109,11,文山區,男,973,530,443
109,11,文山區,計,2225,1200,1025
109,11,松山區,女,546,303,243
109,11,松山區,男,386,214,172
109,11,松山區,計,932,517,415
109,11,總計,女,9842,5620,4222
109,11,總計,男,7279,4356,2923
109,11,總計,計,17121,9976,7145
109,11,萬華區,女,826,432,394
109,11,萬華區,男,615,327,288
109,11,萬華區,計,1441,759,682
109,12,中山區,女,868,458,410
109,12,中山區,男,571,332,239
109,12,中山區,計,1439,790,649
109,12,中正區,女,420,238,182
109,12,中正區,男,351,212,139
109,12,中正區,計,771,450,321
109,12,信義區,女,674,368,306
109,12,信義區,男,443,251,192
109,12,信義區,計,1117,619,498
109,12,內湖區,女,1402,916,486
109,12,內湖區,男,1044,721,323
109,12,內湖區,計,2446,1637,809
109,12,北投區,女,954,548,406
109,12,北投區,男,708,445,263
109,12,北投區,計,1662,993,669
109,12,南港區,女,841,570,271
109,12,南港區,男,675,481,194
109,12,南港區,計,1516,1051,465
109,12,士林區,女,974,546,428
109,12,士林區,男,708,408,300
109,12,士林區,計,1682,954,728
109,12,大同區,女,424,241,183
109,12,大同區,男,325,170,155
109,12,大同區,計,749,411,338
109,12,大安區,女,659,333,326
109,12,大安區,男,484,273,211
109,12,大安區,計,1143,606,537
109,12,文山區,女,1256,670,586
109,12,文山區,男,968,530,438
109,12,文山區,計,2224,1200,1024
109,12,松山區,女,551,307,244
109,12,松山區,男,386,214,172
109,12,松山區,計,937,521,416
109,12,總計,女,9853,5628,4225
109,12,總計,男,7278,4365,2913
109,12,總計,計,17131,9993,7138
109,12,萬華區,女,830,433,397
109,12,萬華區,男,615,328,287
109,12,萬華區,計,1445,761,684
110,1,中山區,女,866,459,407
110,1,中山區,男,578,339,239
110,1,中山區,計,1444,798,646
110,1,中正區,女,421,238,183
110,1,中正區,男,347,208,139
110,1,中正區,計,768,446,322
110,1,信義區,女,674,365,309
110,1,信義區,男,443,250,193
110,1,信義區,計,1117,615,502
110,1,內湖區,女,1399,916,483
110,1,內湖區,男,1042,720,322
110,1,內湖區,計,2441,1636,805
110,1,北投區,女,955,551,404
110,1,北投區,男,709,446,263
110,1,北投區,計,1664,997,667
110,1,南港區,女,833,565,268
110,1,南港區,男,669,477,192
110,1,南港區,計,1502,1042,460
110,1,士林區,女,980,549,431
110,1,士林區,男,708,409,299
110,1,士林區,計,1688,958,730
110,1,大同區,女,420,240,180
110,1,大同區,男,329,172,157
110,1,大同區,計,749,412,337
110,1,大安區,女,655,330,325
110,1,大安區,男,485,277,208
110,1,大安區,計,1140,607,533
110,1,文山區,女,1250,665,585
110,1,文山區,男,965,527,438
110,1,文山區,計,2215,1192,1023
110,1,松山區,女,552,308,244
110,1,松山區,男,388,216,172
110,1,松山區,計,940,524,416
110,1,總計,女,9833,5618,4215
110,1,總計,男,7273,4365,2908
110,1,總計,計,17106,9983,7123
110,1,萬華區,女,828,432,396
110,1,萬華區,男,610,324,286
110,1,萬華區,計,1438,756,682
110,2,中山區,女,860,456,404
110,2,中山區,男,573,339,234
110,2,中山區,計,1433,795,638
110,2,中正區,女,424,239,185
110,2,中正區,男,348,207,141
110,2,中正區,計,772,446,326
110,2,信義區,女,679,366,313
110,2,信義區,男,449,250,199
110,2,信義區,計,1128,616,512
110,2,內湖區,女,1400,911,489
110,2,內湖區,男,1043,719,324
110,2,內湖區,計,2443,1630,813
110,2,北投區,女,954,550,404
110,2,北投區,男,708,444,264
110,2,北投區,計,1662,994,668
110,2,南港區,女,828,563,265
110,2,南港區,男,664,475,189
110,2,南港區,計,1492,1038,454
110,2,士林區,女,981,550,431
110,2,士林區,男,707,409,298
110,2,士林區,計,1688,959,729
110,2,大同區,女,419,239,180
110,2,大同區,男,329,172,157
110,2,大同區,計,748,411,337
110,2,大安區,女,652,329,323
110,2,大安區,男,482,274,208
110,2,大安區,計,1134,603,531
110,2,文山區,女,1246,667,579
110,2,文山區,男,966,531,435
110,2,文山區,計,2212,1198,1014
110,2,松山區,女,554,309,245
110,2,松山區,男,386,214,172
110,2,松山區,計,940,523,417
110,2,總計,女,9824,5609,4215
110,2,總計,男,7265,4360,2905
110,2,總計,計,17089,9969,7120
110,2,萬華區,女,827,430,397
110,2,萬華區,男,610,326,284
110,2,萬華區,計,1437,756,681
110,3,中山區,女,855,456,399
110,3,中山區,男,571,336,235
110,3,中山區,計,1426,792,634
110,3,中正區,女,423,237,186
110,3,中正區,男,347,207,140
110,3,中正區,計,770,444,326
110,3,信義區,女,675,364,311
110,3,信義區,男,441,247,194
110,3,信義區,計,1116,611,505
110,3,內湖區,女,1398,907,491
110,3,內湖區,男,1039,711,328
110,3,內湖區,計,2437,1618,819
110,3,北投區,女,954,549,405
110,3,北投區,男,710,442,268
110,3,北投區,計,1664,991,673
110,3,南港區,女,834,569,265
110,3,南港區,男,665,477,188
110,3,南港區,計,1499,1046,453
110,3,士林區,女,983,553,430
110,3,士林區,男,708,413,295
110,3,士林區,計,1691,966,725
110,3,大同區,女,421,239,182
110,3,大同區,男,335,177,158
110,3,大同區,計,756,416,340
110,3,大安區,女,654,330,324
110,3,大安區,男,481,273,208
110,3,大安區,計,1135,603,532
110,3,文山區,女,1239,664,575
110,3,文山區,男,965,529,436
110,3,文山區,計,2204,1193,1011
110,3,松山區,女,558,310,248
110,3,松山區,男,386,217,169
110,3,松山區,計,944,527,417
110,3,總計,女,9819,5609,4210
110,3,總計,男,7255,4356,2899
110,3,總計,計,17074,9965,7109
110,3,萬華區,女,825,431,394
110,3,萬華區,男,607,327,280
110,3,萬華區,計,1432,758,674
110,4,中山區,女,857,454,403
110,4,中山區,男,555,328,227
110,4,中山區,計,1412,782,630
110,4,中正區,女,421,235,186
110,4,中正區,男,348,208,140
110,4,中正區,計,769,443,326
110,4,信義區,女,674,364,310
110,4,信義區,男,447,253,194
110,4,信義區,計,1121,617,504
110,4,內湖區,女,1390,901,489
110,4,內湖區,男,1037,711,326
110,4,內湖區,計,2427,1612,815
110,4,北投區,女,956,549,407
110,4,北投區,男,713,439,274
110,4,北投區,計,1669,988,681
110,4,南港區,女,833,567,266
110,4,南港區,男,660,472,188
110,4,南港區,計,1493,1039,454
110,4,士林區,女,981,553,428
110,4,士林區,男,707,414,293
110,4,士林區,計,1688,967,721
110,4,大同區,女,425,241,184
110,4,大同區,男,338,181,157
110,4,大同區,計,763,422,341
110,4,大安區,女,660,335,325
110,4,大安區,男,481,273,208
110,4,大安區,計,1141,608,533
110,4,文山區,女,1245,665,580
110,4,文山區,男,971,527,444
110,4,文山區,計,2216,1192,1024
110,4,松山區,女,561,313,248
110,4,松山區,男,389,219,170
110,4,松山區,計,950,532,418
110,4,總計,女,9823,5608,4215
110,4,總計,男,7250,4350,2900
110,4,總計,計,17073,9958,7115
110,4,萬華區,女,820,431,389
110,4,萬華區,男,604,325,279
110,4,萬華區,計,1424,756,668
110,5,中山區,女,858,453,405
110,5,中山區,男,551,325,226
110,5,中山區,計,1409,778,631
110,5,中正區,女,419,233,186
110,5,中正區,男,347,207,140
110,5,中正區,計,766,440,326
110,5,信義區,女,674,364,310
110,5,信義區,男,446,252,194
110,5,信義區,計,1120,616,504
110,5,內湖區,女,1391,902,489
110,5,內湖區,男,1035,710,325
110,5,內湖區,計,2426,1612,814
110,5,北投區,女,953,548,405
110,5,北投區,男,714,439,275
110,5,北投區,計,1667,987,680
110,5,南港區,女,832,564,268
110,5,南港區,男,660,470,190
110,5,南港區,計,1492,1034,458
110,5,士林區,女,981,555,426
110,5,士林區,男,709,417,292
110,5,士林區,計,1690,972,718
110,5,大同區,女,426,240,186
110,5,大同區,男,342,185,157
110,5,大同區,計,768,425,343
110,5,大安區,女,663,335,328
110,5,大安區,男,483,277,206
110,5,大安區,計,1146,612,534
110,5,文山區,女,1237,663,574
110,5,文山區,男,971,522,449
110,5,文山區,計,2208,1185,1023
110,5,松山區,女,565,315,250
110,5,松山區,男,393,221,172
110,5,松山區,計,958,536,422
110,5,總計,女,9818,5603,4215
110,5,總計,男,7255,4350,2905
110,5,總計,計,17073,9953,7120
110,5,萬華區,女,819,431,388
110,5,萬華區,男,604,325,279
110,5,萬華區,計,1423,756,667
110,6,中山區,女,854,451,403
110,6,中山區,男,554,327,227
110,6,中山區,計,1408,778,630
110,6,中正區,女,414,230,184
110,6,中正區,男,348,209,139
110,6,中正區,計,762,439,323
110,6,信義區,女,667,360,307
110,6,信義區,男,447,253,194
110,6,信義區,計,1114,613,501
110,6,內湖區,女,1388,900,488
110,6,內湖區,男,1036,709,327
110,6,內湖區,計,2424,1609,815
110,6,北投區,女,961,553,408
110,6,北投區,男,719,444,275
110,6,北投區,計,1680,997,683
110,6,南港區,女,831,562,269
110,6,南港區,男,655,466,189
110,6,南港區,計,1486,1028,458
110,6,士林區,女,976,551,425
110,6,士林區,男,705,414,291
110,6,士林區,計,1681,965,716
110,6,大同區,女,424,236,188
110,6,大同區,男,340,182,158
110,6,大同區,計,764,418,346
110,6,大安區,女,661,333,328
110,6,大安區,男,482,273,209
110,6,大安區,計,1143,606,537
110,6,文山區,女,1233,660,573
110,6,文山區,男,968,524,444
110,6,文山區,計,2201,1184,1017
110,6,松山區,女,560,311,249
110,6,松山區,男,391,218,173
110,6,松山區,計,951,529,422
110,6,總計,女,9790,5578,4212
110,6,總計,男,7252,4346,2906
110,6,總計,計,17042,9924,7118
110,6,萬華區,女,821,431,390
110,6,萬華區,男,607,327,280
110,6,萬華區,計,1428,758,670
110,7,中山區,女,851,444,407
110,7,中山區,男,553,323,230
110,7,中山區,計,1404,767,637
110,7,中正區,女,415,228,187
110,7,中正區,男,348,209,139
110,7,中正區,計,763,437,326
110,7,信義區,女,664,357,307
110,7,信義區,男,443,252,191
110,7,信義區,計,1107,609,498
110,7,內湖區,女,1394,904,490
110,7,內湖區,男,1037,707,330
110,7,內湖區,計,2431,1611,820
110,7,北投區,女,959,553,406
110,7,北投區,男,721,446,275
110,7,北投區,計,1680,999,681
110,7,南港區,女,832,562,270
110,7,南港區,男,657,468,189
110,7,南港區,計,1489,1030,459
110,7,士林區,女,982,550,432
110,7,士林區,男,710,417,293
110,7,士林區,計,1692,967,725
110,7,大同區,女,422,233,189
110,7,大同區,男,341,182,159
110,7,大同區,計,763,415,348
110,7,大安區,女,661,336,325
110,7,大安區,男,484,274,210
110,7,大安區,計,1145,610,535
110,7,文山區,女,1236,664,572
110,7,文山區,男,964,520,444
110,7,文山區,計,2200,1184,1016
110,7,松山區,女,556,308,248
110,7,松山區,男,389,218,171
110,7,松山區,計,945,526,419
110,7,總計,女,9788,5569,4219
110,7,總計,男,7256,4343,2913
110,7,總計,計,17044,9912,7132
110,7,萬華區,女,816,430,386
110,7,萬華區,男,609,327,282
110,7,萬華區,計,1425,757,668
110,8,中山區,女,852,442,410
110,8,中山區,男,554,323,231
110,8,中山區,計,1406,765,641
110,8,中正區,女,420,233,187
110,8,中正區,男,345,208,137
110,8,中正區,計,765,441,324
110,8,信義區,女,669,358,311
110,8,信義區,男,452,256,196
110,8,信義區,計,1121,614,507
110,8,內湖區,女,1391,900,491
110,8,內湖區,男,1039,704,335
110,8,內湖區,計,2430,1604,826
110,8,北投區,女,957,552,405
110,8,北投區,男,725,449,276
110,8,北投區,計,1682,1001,681
110,8,南港區,女,836,569,267
110,8,南港區,男,661,473,188
110,8,南港區,計,1497,1042,455
110,8,士林區,女,980,547,433
110,8,士林區,男,718,423,295
110,8,士林區,計,1698,970,728
110,8,大同區,女,416,227,189
110,8,大同區,男,345,183,162
110,8,大同區,計,761,410,351
110,8,大安區,女,663,338,325
110,8,大安區,男,482,271,211
110,8,大安區,計,1145,609,536
110,8,文山區,女,1236,668,568
110,8,文山區,男,963,520,443
110,8,文山區,計,2199,1188,1011
110,8,松山區,女,549,306,243
110,8,松山區,男,387,217,170
110,8,松山區,計,936,523,413
110,8,總計,女,9782,5568,4214
110,8,總計,男,7273,4351,2922
110,8,總計,計,17055,9919,7136
110,8,萬華區,女,813,428,385
110,8,萬華區,男,602,324,278
110,8,萬華區,計,1415,752,663
110,9,中山區,女,849,443,406
110,9,中山區,男,545,318,227
110,9,中山區,計,1394,761,633
110,9,中正區,女,418,230,188
110,9,中正區,男,349,212,137
110,9,中正區,計,767,442,325
110,9,信義區,女,663,356,307
110,9,信義區,男,444,249,195
110,9,信義區,計,1107,605,502
110,9,內湖區,女,1401,909,492
110,9,內湖區,男,1043,707,336
110,9,內湖區,計,2444,1616,828
110,9,北投區,女,958,550,408
110,9,北投區,男,732,453,279
110,9,北投區,計,1690,1003,687
110,9,南港區,女,837,569,268
110,9,南港區,男,661,472,189
110,9,南港區,計,1498,1041,457
110,9,士林區,女,983,551,432
110,9,士林區,男,722,426,296
110,9,士林區,計,1705,977,728
110,9,大同區,女,423,228,195
110,9,大同區,男,347,187,160
110,9,大同區,計,770,415,355
110,9,大安區,女,655,333,322
110,9,大安區,男,482,272,210
110,9,大安區,計,1137,605,532
110,9,文山區,女,1235,664,571
110,9,文山區,男,964,520,444
110,9,文山區,計,2199,1184,1015
110,9,松山區,女,549,303,246
110,9,松山區,男,388,217,171
110,9,松山區,計,937,520,417
110,9,總計,女,9778,5560,4218
110,9,總計,男,7276,4357,2919
110,9,總計,計,17054,9917,7137
110,9,萬華區,女,807,424,383
110,9,萬華區,男,599,324,275
110,9,萬華區,計,1406,748,658
110,10,中山區,女,846,441,405
110,10,中山區,男,546,319,227
110,10,中山區,計,1392,760,632
110,10,中正區,女,424,233,191
110,10,中正區,男,350,213,137
110,10,中正區,計,774,446,328
110,10,信義區,女,664,359,305
110,10,信義區,男,447,251,196
110,10,信義區,計,1111,610,501
110,10,內湖區,女,1400,905,495
110,10,內湖區,男,1048,712,336
110,10,內湖區,計,2448,1617,831
110,10,北投區,女,962,551,411
110,10,北投區,男,727,451,276
110,10,北投區,計,1689,1002,687
110,10,南港區,女,839,572,267
110,10,南港區,男,663,475,188
110,10,南港區,計,1502,1047,455
110,10,士林區,女,979,546,433
110,10,士林區,男,727,427,300
110,10,士林區,計,1706,973,733
110,10,大同區,女,422,227,195
110,10,大同區,男,347,187,160
110,10,大同區,計,769,414,355
110,10,大安區,女,652,334,318
110,10,大安區,男,478,267,211
110,10,大安區,計,1130,601,529
110,10,文山區,女,1231,661,570
110,10,文山區,男,965,518,447
110,10,文山區,計,2196,1179,1017
110,10,松山區,女,550,303,247
110,10,松山區,男,389,218,171
110,10,松山區,計,939,521,418
110,10,總計,女,9769,5551,4218
110,10,總計,男,7280,4357,2923
110,10,總計,計,17049,9908,7141
110,10,萬華區,女,800,419,381
110,10,萬華區,男,593,319,274
110,10,萬華區,計,1393,738,655
110,11,中山區,女,848,439,409
110,11,中山區,男,550,323,227
110,11,中山區,計,1398,762,636
110,11,中正區,女,425,234,191
110,11,中正區,男,353,214,139
110,11,中正區,計,778,448,330
110,11,信義區,女,662,357,305
110,11,信義區,男,451,254,197
110,11,信義區,計,1113,611,502
110,11,內湖區,女,1404,908,496
110,11,內湖區,男,1048,713,335
110,11,內湖區,計,2452,1621,831
110,11,北投區,女,961,552,409
110,11,北投區,男,728,452,276
110,11,北投區,計,1689,1004,685
110,11,南港區,女,831,566,265
110,11,南港區,男,658,470,188
110,11,南港區,計,1489,1036,453
110,11,士林區,女,980,547,433
110,11,士林區,男,733,429,304
110,11,士林區,計,1713,976,737
110,11,大同區,女,417,223,194
110,11,大同區,男,349,189,160
110,11,大同區,計,766,412,354
110,11,大安區,女,655,337,318
110,11,大安區,男,478,267,211
110,11,大安區,計,1133,604,529
110,11,文山區,女,1229,662,567
110,11,文山區,男,966,519,447
110,11,文山區,計,2195,1181,1014
110,11,松山區,女,549,303,246
110,11,松山區,男,394,222,172
110,11,松山區,計,943,525,418
110,11,總計,女,9759,5546,4213
110,11,總計,男,7302,4373,2929
110,11,總計,計,17061,9919,7142
110,11,萬華區,女,798,418,380
110,11,萬華區,男,594,321,273
110,11,萬華區,計,1392,739,653
110,12,中山區,女,844,441,403
110,12,中山區,男,555,325,230
110,12,中山區,計,1399,766,633
110,12,中正區,女,424,232,192
110,12,中正區,男,349,213,136
110,12,中正區,計,773,445,328
110,12,信義區,女,656,353,303
110,12,信義區,男,448,253,195
110,12,信義區,計,1104,606,498
110,12,內湖區,女,1407,903,504
110,12,內湖區,男,1047,711,336
110,12,內湖區,計,2454,1614,840
110,12,北投區,女,961,553,408
110,12,北投區,男,729,451,278
110,12,北投區,計,1690,1004,686
110,12,南港區,女,828,565,263
110,12,南港區,男,660,471,189
110,12,南港區,計,1488,1036,452
110,12,士林區,女,982,548,434
110,12,士林區,男,737,433,304
110,12,士林區,計,1719,981,738
110,12,大同區,女,416,222,194
110,12,大同區,男,350,190,160
110,12,大同區,計,766,412,354
110,12,大安區,女,655,335,320
110,12,大安區,男,474,266,208
110,12,大安區,計,1129,601,528
110,12,文山區,女,1236,674,562
110,12,文山區,男,974,523,451
110,12,文山區,計,2210,1197,1013
110,12,松山區,女,555,304,251
110,12,松山區,男,391,221,170
110,12,松山區,計,946,525,421
110,12,總計,女,9762,5551,4211
110,12,總計,男,7311,4383,2928
110,12,總計,計,17073,9934,7139
110,12,萬華區,女,798,421,377
110,12,萬華區,男,597,326,271
110,12,萬華區,計,1395,747,648
111,1,中山區,女,833,433,400
111,1,中山區,男,558,325,233
111,1,中山區,計,1391,758,633
111,1,中正區,女,424,232,192
111,1,中正區,男,344,213,131
111,1,中正區,計,768,445,323
111,1,信義區,女,654,353,301
111,1,信義區,男,446,253,193
111,1,信義區,計,1100,606,494
111,1,內湖區,女,1413,905,508
111,1,內湖區,男,1047,711,336
111,1,內湖區,計,2460,1616,844
111,1,北投區,女,963,556,407
111,1,北投區,男,732,455,277
111,1,北投區,計,1695,1011,684
111,1,南港區,女,830,569,261
111,1,南港區,男,657,469,188
111,1,南港區,計,1487,1038,449
111,1,士林區,女,974,543,431
111,1,士林區,男,734,431,303
111,1,士林區,計,1708,974,734
111,1,大同區,女,417,223,194
111,1,大同區,男,349,190,159
111,1,大同區,計,766,413,353
111,1,大安區,女,651,334,317
111,1,大安區,男,475,267,208
111,1,大安區,計,1126,601,525
111,1,文山區,女,1234,674,560
111,1,文山區,男,965,517,448
111,1,文山區,計,2199,1191,1008
111,1,松山區,女,550,302,248
111,1,松山區,男,390,218,172
111,1,松山區,計,940,520,420
111,1,總計,女,9743,5546,4197
111,1,總計,男,7295,4373,2922
111,1,總計,計,17038,9919,7119
111,1,萬華區,女,800,422,378
111,1,萬華區,男,598,324,274
111,1,萬華區,計,1398,746,652
111,2,中山區,女,828,429,399
111,2,中山區,男,559,326,233
111,2,中山區,計,1387,755,632
111,2,中正區,女,421,233,188
111,2,中正區,男,341,209,132
111,2,中正區,計,762,442,320
111,2,信義區,女,654,352,302
111,2,信義區,男,445,252,193
111,2,信義區,計,1099,604,495
111,2,內湖區,女,1414,907,507
111,2,內湖區,男,1049,715,334
111,2,內湖區,計,2463,1622,841
111,2,北投區,女,955,547,408
111,2,北投區,男,732,455,277
111,2,北投區,計,1687,1002,685
111,2,南港區,女,829,569,260
111,2,南港區,男,656,469,187
111,2,南港區,計,1485,1038,447
111,2,士林區,女,979,546,433
111,2,士林區,男,735,433,302
111,2,士林區,計,1714,979,735
111,2,大同區,女,421,223,198
111,2,大同區,男,349,188,161
111,2,大同區,計,770,411,359
111,2,大安區,女,649,333,316
111,2,大安區,男,479,270,209
111,2,大安區,計,1128,603,525
111,2,文山區,女,1229,672,557
111,2,文山區,男,959,517,442
111,2,文山區,計,2188,1189,999
111,2,松山區,女,548,300,248
111,2,松山區,男,387,216,171
111,2,松山區,計,935,516,419
111,2,總計,女,9723,5531,4192
111,2,總計,男,7289,4379,2910
111,2,總計,計,17012,9910,7102
111,2,萬華區,女,796,420,376
111,2,萬華區,男,598,329,269
111,2,萬華區,計,1394,749,645
111,3,中山區,女,829,427,402
111,3,中山區,男,561,328,233
111,3,中山區,計,1390,755,635
111,3,中正區,女,415,233,182
111,3,中正區,男,344,211,133
111,3,中正區,計,759,444,315
111,3,信義區,女,652,351,301
111,3,信義區,男,443,250,193
111,3,信義區,計,1095,601,494
111,3,內湖區,女,1428,914,514
111,3,內湖區,男,1056,723,333
111,3,內湖區,計,2484,1637,847
111,3,北投區,女,956,551,405
111,3,北投區,男,725,453,272
111,3,北投區,計,1681,1004,677
111,3,南港區,女,829,570,259
111,3,南港區,男,653,468,185
111,3,南港區,計,1482,1038,444
111,3,士林區,女,975,545,430
111,3,士林區,男,731,429,302
111,3,士林區,計,1706,974,732
111,3,大同區,女,421,220,201
111,3,大同區,男,347,185,162
111,3,大同區,計,768,405,363
111,3,大安區,女,647,334,313
111,3,大安區,男,479,270,209
111,3,大安區,計,1126,604,522
111,3,文山區,女,1224,673,551
111,3,文山區,男,949,510,439
111,3,文山區,計,2173,1183,990
111,3,松山區,女,545,299,246
111,3,松山區,男,383,214,169
111,3,松山區,計,928,513,415
111,3,總計,女,9715,5536,4179
111,3,總計,男,7271,4369,2902
111,3,總計,計,16986,9905,7081
111,3,萬華區,女,794,419,375
111,3,萬華區,男,600,328,272
111,3,萬華區,計,1394,747,647
111,4,中山區,女,826,426,400
111,4,中山區,男,562,329,233
111,4,中山區,計,1388,755,633
111,4,中正區,女,413,232,181
111,4,中正區,男,342,208,134
111,4,中正區,計,755,440,315
111,4,信義區,女,652,347,305
111,4,信義區,男,437,249,188
111,4,信義區,計,1089,596,493
111,4,內湖區,女,1415,907,508
111,4,內湖區,男,1054,723,331
111,4,內湖區,計,2469,1630,839
111,4,北投區,女,959,556,403
111,4,北投區,男,728,456,272
111,4,北投區,計,1687,1012,675
111,4,南港區,女,837,574,263
111,4,南港區,男,655,467,188
111,4,南港區,計,1492,1041,451
111,4,士林區,女,974,539,435
111,4,士林區,男,733,430,303
111,4,士林區,計,1707,969,738
111,4,大同區,女,418,218,200
111,4,大同區,男,345,183,162
111,4,大同區,計,763,401,362
111,4,大安區,女,644,333,311
111,4,大安區,男,477,270,207
111,4,大安區,計,1121,603,518
111,4,文山區,女,1216,669,547
111,4,文山區,男,957,509,448
111,4,文山區,計,2173,1178,995
111,4,松山區,女,538,297,241
111,4,松山區,男,382,215,167
111,4,松山區,計,920,512,408
111,4,總計,女,9684,5516,4168
111,4,總計,男,7278,4370,2908
111,4,總計,計,16962,9886,7076
111,4,萬華區,女,792,418,374
111,4,萬華區,男,606,331,275
111,4,萬華區,計,1398,749,649
111,5,中山區,女,811,422,389
111,5,中山區,男,568,333,235
111,5,中山區,計,1379,755,624
111,5,中正區,女,409,231,178
111,5,中正區,男,343,209,134
111,5,中正區,計,752,440,312
111,5,信義區,女,647,344,303
111,5,信義區,男,432,246,186
111,5,信義區,計,1079,590,489
111,5,內湖區,女,1413,908,505
111,5,內湖區,男,1062,728,334
111,5,內湖區,計,2475,1636,839
111,5,北投區,女,968,561,407
111,5,北投區,男,726,455,271
111,5,北投區,計,1694,1016,678
111,5,南港區,女,845,575,270
111,5,南港區,男,656,464,192
111,5,南港區,計,1501,1039,462
111,5,士林區,女,969,536,433
111,5,士林區,男,729,425,304
111,5,士林區,計,1698,961,737
111,5,大同區,女,418,218,200
111,5,大同區,男,345,184,161
111,5,大同區,計,763,402,361
111,5,大安區,女,647,330,317
111,5,大安區,男,477,268,209
111,5,大安區,計,1124,598,526
111,5,文山區,女,1212,662,550
111,5,文山區,男,963,512,451
111,5,文山區,計,2175,1174,1001
111,5,松山區,女,535,296,239
111,5,松山區,男,381,214,167
111,5,松山區,計,916,510,406
111,5,總計,女,9667,5504,4163
111,5,總計,男,7287,4367,2920
111,5,總計,計,16954,9871,7083
111,5,萬華區,女,793,421,372
111,5,萬華區,男,605,329,276
111,5,萬華區,計,1398,750,648
111,6,中山區,女,804,418,386
111,6,中山區,男,565,333,232
111,6,中山區,計,1369,751,618
111,6,中正區,女,407,228,179
111,6,中正區,男,341,205,136
111,6,中正區,計,748,433,315
111,6,信義區,女,650,346,304
111,6,信義區,男,435,249,186
111,6,信義區,計,1085,595,490
111,6,內湖區,女,1422,914,508
111,6,內湖區,男,1062,727,335
111,6,內湖區,計,2484,1641,843
111,6,北投區,女,973,566,407
111,6,北投區,男,727,455,272
111,6,北投區,計,1700,1021,679
111,6,南港區,女,844,574,270
111,6,南港區,男,660,467,193
111,6,南港區,計,1504,1041,463
111,6,士林區,女,960,533,427
111,6,士林區,男,724,424,300
111,6,士林區,計,1684,957,727
111,6,大同區,女,419,219,200
111,6,大同區,男,345,188,157
111,6,大同區,計,764,407,357
111,6,大安區,女,638,324,314
111,6,大安區,男,468,265,203
111,6,大安區,計,1106,589,517
111,6,文山區,女,1212,666,546
111,6,文山區,男,967,515,452
111,6,文山區,計,2179,1181,998
111,6,松山區,女,538,300,238
111,6,松山區,男,382,214,168
111,6,松山區,計,920,514,406
111,6,總計,女,9660,5508,4152
111,6,總計,男,7282,4374,2908
111,6,總計,計,16942,9882,7060
111,6,萬華區,女,793,420,373
111,6,萬華區,男,606,332,274
111,6,萬華區,計,1399,752,647
111,7,中山區,女,808,422,386
111,7,中山區,男,566,334,232
111,7,中山區,計,1374,756,618
111,7,中正區,女,399,221,178
111,7,中正區,男,344,205,139
111,7,中正區,計,743,426,317
111,7,信義區,女,641,344,297
111,7,信義區,男,433,247,186
111,7,信義區,計,1074,591,483
111,7,內湖區,女,1420,912,508
111,7,內湖區,男,1061,725,336
111,7,內湖區,計,2481,1637,844
111,7,北投區,女,982,570,412
111,7,北投區,男,721,447,274
111,7,北投區,計,1703,1017,686
111,7,南港區,女,847,579,268
111,7,南港區,男,661,467,194
111,7,南港區,計,1508,1046,462
111,7,士林區,女,964,533,431
111,7,士林區,男,726,424,302
111,7,士林區,計,1690,957,733
111,7,大同區,女,418,219,199
111,7,大同區,男,334,184,150
111,7,大同區,計,752,403,349
111,7,大安區,女,630,319,311
111,7,大安區,男,469,266,203
111,7,大安區,計,1099,585,514
111,7,文山區,女,1219,672,547
111,7,文山區,男,965,514,451
111,7,文山區,計,2184,1186,998
111,7,松山區,女,535,299,236
111,7,松山區,男,379,213,166
111,7,松山區,計,914,512,402
111,7,總計,女,9659,5510,4149
111,7,總計,男,7267,4359,2908
111,7,總計,計,16926,9869,7057
111,7,萬華區,女,796,420,376
111,7,萬華區,男,608,333,275
111,7,萬華區,計,1404,753,651
111,8,中山區,女,809,423,386
111,8,中山區,男,569,335,234
111,8,中山區,計,1378,758,620
111,8,中正區,女,405,219,186
111,8,中正區,男,343,203,140
111,8,中正區,計,748,422,326
111,8,信義區,女,645,346,299
111,8,信義區,男,433,249,184
111,8,信義區,計,1078,595,483
111,8,內湖區,女,1429,919,510
111,8,內湖區,男,1064,725,339
111,8,內湖區,計,2493,1644,849
111,8,北投區,女,985,573,412
111,8,北投區,男,721,444,277
111,8,北投區,計,1706,1017,689
111,8,南港區,女,850,582,268
111,8,南港區,男,659,466,193
111,8,南港區,計,1509,1048,461
111,8,士林區,女,961,535,426
111,8,士林區,男,721,421,300
111,8,士林區,計,1682,956,726
111,8,大同區,女,427,223,204
111,8,大同區,男,336,188,148
111,8,大同區,計,763,411,352
111,8,大安區,女,625,315,310
111,8,大安區,男,464,258,206
111,8,大安區,計,1089,573,516
111,8,文山區,女,1219,674,545
111,8,文山區,男,961,514,447
111,8,文山區,計,2180,1188,992
111,8,松山區,女,536,299,237
111,8,松山區,男,379,213,166
111,8,松山區,計,915,512,403
111,8,總計,女,9683,5527,4156
111,8,總計,男,7263,4353,2910
111,8,總計,計,16946,9880,7066
111,8,萬華區,女,792,419,373
111,8,萬華區,男,613,337,276
111,8,萬華區,計,1405,756,649
111,9,中山區,女,810,424,386
111,9,中山區,男,566,333,233
111,9,中山區,計,1376,757,619
111,9,中正區,女,407,220,187
111,9,中正區,男,340,201,139
111,9,中正區,計,747,421,326
111,9,信義區,女,647,350,297
111,9,信義區,男,442,253,189
111,9,信義區,計,1089,603,486
111,9,內湖區,女,1428,921,507
111,9,內湖區,男,1055,719,336
111,9,內湖區,計,2483,1640,843
111,9,北投區,女,982,571,411
111,9,北投區,男,723,446,277
111,9,北投區,計,1705,1017,688
111,9,南港區,女,850,580,270
111,9,南港區,男,660,468,192
111,9,南港區,計,1510,1048,462
111,9,士林區,女,960,534,426
111,9,士林區,男,723,420,303
111,9,士林區,計,1683,954,729
111,9,大同區,女,428,223,205
111,9,大同區,男,334,186,148
111,9,大同區,計,762,409,353
111,9,大安區,女,625,318,307
111,9,大安區,男,474,260,214
111,9,大安區,計,1099,578,521
111,9,文山區,女,1225,678,547
111,9,文山區,男,969,520,449
111,9,文山區,計,2194,1198,996
111,9,松山區,女,536,297,239
111,9,松山區,男,375,209,166
111,9,松山區,計,911,506,405
111,9,總計,女,9691,5538,4153
111,9,總計,男,7271,4349,2922
111,9,總計,計,16962,9887,7075
111,9,萬華區,女,793,422,371
111,9,萬華區,男,610,334,276
111,9,萬華區,計,1403,756,647
111,10,中山區,女,815,428,387
111,10,中山區,男,566,331,235
111,10,中山區,計,1381,759,622
111,10,中正區,女,410,223,187
111,10,中正區,男,341,201,140
111,10,中正區,計,751,424,327
111,10,信義區,女,649,352,297
111,10,信義區,男,444,255,189
111,10,信義區,計,1093,607,486
111,10,內湖區,女,1424,919,505
111,10,內湖區,男,1055,720,335
111,10,內湖區,計,2479,1639,840
111,10,北投區,女,977,573,404
111,10,北投區,男,719,444,275
111,10,北投區,計,1696,1017,679
111,10,南港區,女,854,585,269
111,10,南港區,男,659,467,192
111,10,南港區,計,1513,1052,461
111,10,士林區,女,961,536,425
111,10,士林區,男,727,423,304
111,10,士林區,計,1688,959,729
111,10,大同區,女,431,224,207
111,10,大同區,男,333,186,147
111,10,大同區,計,764,410,354
111,10,大安區,女,629,321,308
111,10,大安區,男,470,260,210
111,10,大安區,計,1099,581,518
111,10,文山區,女,1226,676,550
111,10,文山區,男,968,519,449
111,10,文山區,計,2194,1195,999
111,10,松山區,女,537,297,240
111,10,松山區,男,371,204,167
111,10,松山區,計,908,501,407
111,10,總計,女,9711,5562,4149
111,10,總計,男,7260,4342,2918
111,10,總計,計,16971,9904,7067
111,10,萬華區,女,798,428,370
111,10,萬華區,男,607,332,275
111,10,萬華區,計,1405,760,645
111,11,中山區,女,817,429,388
111,11,中山區,男,570,331,239
111,11,中山區,計,1387,760,627
111,11,中正區,女,412,223,189
111,11,中正區,男,338,199,139
111,11,中正區,計,750,422,328
111,11,信義區,女,643,348,295
111,11,信義區,男,441,253,188
111,11,信義區,計,1084,601,483
111,11,內湖區,女,1426,920,506
111,11,內湖區,男,1055,718,337
111,11,內湖區,計,2481,1638,843
111,11,北投區,女,976,573,403
111,11,北投區,男,723,445,278
111,11,北投區,計,1699,1018,681
111,11,南港區,女,855,587,268
111,11,南港區,男,660,468,192
111,11,南港區,計,1515,1055,460
111,11,士林區,女,961,536,425
111,11,士林區,男,728,421,307
111,11,士林區,計,1689,957,732
111,11,大同區,女,434,228,206
111,11,大同區,男,334,187,147
111,11,大同區,計,768,415,353
111,11,大安區,女,631,321,310
111,11,大安區,男,473,261,212
111,11,大安區,計,1104,582,522
111,11,文山區,女,1244,681,563
111,11,文山區,男,969,521,448
111,11,文山區,計,2213,1202,1011
111,11,松山區,女,536,297,239
111,11,松山區,男,371,204,167
111,11,松山區,計,907,501,406
111,11,總計,女,9726,5571,4155
111,11,總計,男,7268,4339,2929
111,11,總計,計,16994,9910,7084
111,11,萬華區,女,791,428,363
111,11,萬華區,男,606,331,275
111,11,萬華區,計,1397,759,638
111,12,中山區,女,815,430,385
111,12,中山區,男,568,332,236
111,12,中山區,計,1383,762,621
111,12,中正區,女,407,224,183
111,12,中正區,男,337,199,138
111,12,中正區,計,744,423,321
111,12,信義區,女,649,348,301
111,12,信義區,男,448,255,193
111,12,信義區,計,1097,603,494
111,12,內湖區,女,1428,921,507
111,12,內湖區,男,1065,725,340
111,12,內湖區,計,2493,1646,847
111,12,北投區,女,976,570,406
111,12,北投區,男,716,442,274
111,12,北投區,計,1692,1012,680
111,12,南港區,女,846,582,264
111,12,南港區,男,648,459,189
111,12,南港區,計,1494,1041,453
111,12,士林區,女,961,534,427
111,12,士林區,男,730,422,308
111,12,士林區,計,1691,956,735
111,12,大同區,女,432,226,206
111,12,大同區,男,337,190,147
111,12,大同區,計,769,416,353
111,12,大安區,女,629,318,311
111,12,大安區,男,473,261,212
111,12,大安區,計,1102,579,523
111,12,文山區,女,1246,683,563
111,12,文山區,男,965,520,445
111,12,文山區,計,2211,1203,1008
111,12,松山區,女,537,297,240
111,12,松山區,男,372,204,168
111,12,松山區,計,909,501,408
111,12,總計,女,9713,5559,4154
111,12,總計,男,7265,4341,2924
111,12,總計,計,16978,9900,7078
111,12,萬華區,女,787,426,361
111,12,萬華區,男,606,332,274
111,12,萬華區,計,1393,758,635
112,1,中山區,女,817,430,387
112,1,中山區,男,576,336,240
112,1,中山區,計,1393,766,627
112,1,中正區,女,401,223,178
112,1,中正區,男,336,199,137
112,1,中正區,計,737,422,315
112,1,信義區,女,647,346,301
112,1,信義區,男,446,253,193
112,1,信義區,計,1093,599,494
112,1,內湖區,女,1435,925,510
112,1,內湖區,男,1063,725,338
112,1,內湖區,計,2498,1650,848
112,1,北投區,女,973,571,402
112,1,北投區,男,716,441,275
112,1,北投區,計,1689,1012,677
112,1,南港區,女,849,581,268
112,1,南港區,男,645,458,187
112,1,南港區,計,1494,1039,455
112,1,士林區,女,966,539,427
112,1,士林區,男,730,422,308
112,1,士林區,計,1696,961,735
112,1,大同區,女,428,227,201
112,1,大同區,男,333,192,141
112,1,大同區,計,761,419,342
112,1,大安區,女,636,322,314
112,1,大安區,男,479,262,217
112,1,大安區,計,1115,584,531
112,1,文山區,女,1250,684,566
112,1,文山區,男,963,516,447
112,1,文山區,計,2213,1200,1013
112,1,松山區,女,538,298,240
112,1,松山區,男,370,204,166
112,1,松山區,計,908,502,406
112,1,總計,女,9730,5573,4157
112,1,總計,男,7260,4340,2920
112,1,總計,計,16990,9913,7077
112,1,萬華區,女,790,427,363
112,1,萬華區,男,603,332,271
112,1,萬華區,計,1393,759,634
112,2,中山區,女,821,433,388
112,2,中山區,男,571,333,238
112,2,中山區,計,1392,766,626
112,2,中正區,女,402,223,179
112,2,中正區,男,335,199,136
112,2,中正區,計,737,422,315
112,2,信義區,女,644,348,296
112,2,信義區,男,450,256,194
112,2,信義區,計,1094,604,490
112,2,內湖區,女,1437,925,512
112,2,內湖區,男,1061,723,338
112,2,內湖區,計,2498,1648,850
112,2,北投區,女,978,576,402
112,2,北投區,男,723,442,281
112,2,北投區,計,1701,1018,683
112,2,南港區,女,844,577,267
112,2,南港區,男,648,460,188
112,2,南港區,計,1492,1037,455
112,2,士林區,女,959,537,422
112,2,士林區,男,731,422,309
112,2,士林區,計,1690,959,731
112,2,大同區,女,427,226,201
112,2,大同區,男,334,193,141
112,2,大同區,計,761,419,342
112,2,大安區,女,637,322,315
112,2,大安區,男,473,259,214
112,2,大安區,計,1110,581,529
112,2,文山區,女,1251,687,564
112,2,文山區,男,961,514,447
112,2,文山區,計,2212,1201,1011
112,2,松山區,女,538,299,239
112,2,松山區,男,369,204,165
112,2,松山區,計,907,503,404
112,2,總計,女,9729,5579,4150
112,2,總計,男,7256,4332,2924
112,2,總計,計,16985,9911,7074
112,2,萬華區,女,791,426,365
112,2,萬華區,男,600,327,273
112,2,萬華區,計,1391,753,638
112,3,中山區,女,818,434,384
112,3,中山區,男,573,336,237
112,3,中山區,計,1391,770,621
112,3,中正區,女,396,218,178
112,3,中正區,男,333,200,133
112,3,中正區,計,729,418,311
112,3,信義區,女,658,354,304
112,3,信義區,男,458,262,196
112,3,信義區,計,1116,616,500
112,3,內湖區,女,1439,924,515
112,3,內湖區,男,1068,727,341
112,3,內湖區,計,2507,1651,856
112,3,北投區,女,974,576,398
112,3,北投區,男,727,444,283
112,3,北投區,計,1701,1020,681
112,3,南港區,女,835,574,261
112,3,南港區,男,635,451,184
112,3,南港區,計,1470,1025,445
112,3,士林區,女,959,539,420
112,3,士林區,男,725,419,306
112,3,士林區,計,1684,958,726
112,3,大同區,女,428,227,201
112,3,大同區,男,337,196,141
112,3,大同區,計,765,423,342
112,3,大安區,女,635,321,314
112,3,大安區,男,479,261,218
112,3,大安區,計,1114,582,532
112,3,文山區,女,1247,685,562
112,3,文山區,男,954,513,441
112,3,文山區,計,2201,1198,1003
112,3,松山區,女,539,299,240
112,3,松山區,男,374,210,164
112,3,松山區,計,913,509,404
112,3,總計,女,9724,5582,4142
112,3,總計,男,7262,4343,2919
112,3,總計,計,16986,9925,7061
112,3,萬華區,女,796,431,365
112,3,萬華區,男,599,324,275
112,3,萬華區,計,1395,755,640
112,4,中山區,女,814,432,382
112,4,中山區,男,570,336,234
112,4,中山區,計,1384,768,616
112,4,中正區,女,398,220,178
112,4,中正區,男,337,200,137
112,4,中正區,計,735,420,315
112,4,信義區,女,665,361,304
112,4,信義區,男,461,264,197
112,4,信義區,計,1126,625,501
112,4,內湖區,女,1443,928,515
112,4,內湖區,男,1074,731,343
112,4,內湖區,計,2517,1659,858
112,4,北投區,女,973,575,398
112,4,北投區,男,722,442,280
112,4,北投區,計,1695,1017,678
112,4,南港區,女,836,576,260
112,4,南港區,男,631,448,183
112,4,南港區,計,1467,1024,443
112,4,士林區,女,957,536,421
112,4,士林區,男,725,418,307
112,4,士林區,計,1682,954,728
112,4,大同區,女,429,225,204
112,4,大同區,男,337,196,141
112,4,大同區,計,766,421,345
112,4,大安區,女,633,320,313
112,4,大安區,男,480,262,218
112,4,大安區,計,1113,582,531
112,4,文山區,女,1245,685,560
112,4,文山區,男,960,515,445
112,4,文山區,計,2205,1200,1005
112,4,松山區,女,536,294,242
112,4,松山區,男,375,209,166
112,4,松山區,計,911,503,408
112,4,總計,女,9725,5585,4140
112,4,總計,男,7273,4348,2925
112,4,總計,計,16998,9933,7065
112,4,萬華區,女,796,433,363
112,4,萬華區,男,601,327,274
112,4,萬華區,計,1397,760,637
112,5,中山區,女,806,429,377
112,5,中山區,男,570,338,232
112,5,中山區,計,1376,767,609
112,5,中正區,女,395,220,175
112,5,中正區,男,335,199,136
112,5,中正區,計,730,419,311
112,5,信義區,女,670,366,304
112,5,信義區,男,462,264,198
112,5,信義區,計,1132,630,502
112,5,內湖區,女,1449,931,518
112,5,內湖區,男,1079,737,342
112,5,內湖區,計,2528,1668,860
112,5,北投區,女,982,578,404
112,5,北投區,男,721,440,281
112,5,北投區,計,1703,1018,685
112,5,南港區,女,837,575,262
112,5,南港區,男,625,442,183
112,5,南港區,計,1462,1017,445
112,5,士林區,女,958,537,421
112,5,士林區,男,727,419,308
112,5,士林區,計,1685,956,729
112,5,大同區,女,427,221,206
112,5,大同區,男,338,195,143
112,5,大同區,計,765,416,349
112,5,大安區,女,635,319,316
112,5,大安區,男,482,264,218
112,5,大安區,計,1117,583,534
112,5,文山區,女,1251,683,568
112,5,文山區,男,966,519,447
112,5,文山區,計,2217,1202,1015
112,5,松山區,女,536,299,237
112,5,松山區,男,377,212,165
112,5,松山區,計,913,511,402
112,5,總計,女,9750,5595,4155
112,5,總計,男,7285,4355,2930
112,5,總計,計,17035,9950,7085
112,5,萬華區,女,804,437,367
112,5,萬華區,男,603,326,277
112,5,萬華區,計,1407,763,644
112,6,中山區,女,813,433,380
112,6,中山區,男,566,336,230
112,6,中山區,計,1379,769,610
112,6,中正區,女,393,216,177
112,6,中正區,男,331,197,134
112,6,中正區,計,724,413,311
112,6,信義區,女,665,359,306
112,6,信義區,男,460,262,198
112,6,信義區,計,1125,621,504
112,6,內湖區,女,1446,931,515
112,6,內湖區,男,1077,734,343
112,6,內湖區,計,2523,1665,858
112,6,北投區,女,980,580,400
112,6,北投區,男,717,439,278
112,6,北投區,計,1697,1019,678
112,6,南港區,女,842,576,266
112,6,南港區,男,630,442,188
112,6,南港區,計,1472,1018,454
112,6,士林區,女,962,539,423
112,6,士林區,男,735,418,317
112,6,士林區,計,1697,957,740
112,6,大同區,女,427,221,206
112,6,大同區,男,334,193,141
112,6,大同區,計,761,414,347
112,6,大安區,女,633,317,316
112,6,大安區,男,482,265,217
112,6,大安區,計,1115,582,533
112,6,文山區,女,1250,682,568
112,6,文山區,男,969,519,450
112,6,文山區,計,2219,1201,1018
112,6,松山區,女,530,293,237
112,6,松山區,男,374,211,163
112,6,松山區,計,904,504,400
112,6,總計,女,9757,5584,4173
112,6,總計,男,7274,4338,2936
112,6,總計,計,17031,9922,7109
112,6,萬華區,女,816,437,379
112,6,萬華區,男,599,322,277
112,6,萬華區,計,1415,759,656
112,7,中山區,女,814,435,379
112,7,中山區,男,568,336,232
112,7,中山區,計,1382,771,611
112,7,中正區,女,390,212,178
112,7,中正區,男,333,196,137
112,7,中正區,計,723,408,315
112,7,信義區,女,663,357,306
112,7,信義區,男,457,260,197
112,7,信義區,計,1120,617,503
112,7,內湖區,女,1447,932,515
112,7,內湖區,男,1071,729,342
112,7,內湖區,計,2518,1661,857
112,7,北投區,女,985,583,402
112,7,北投區,男,721,440,281
112,7,北投區,計,1706,1023,683
112,7,南港區,女,841,578,263
112,7,南港區,男,633,446,187
112,7,南港區,計,1474,1024,450
112,7,士林區,女,961,539,422
112,7,士林區,男,731,416,315
112,7,士林區,計,1692,955,737
112,7,大同區,女,431,222,209
112,7,大同區,男,329,187,142
112,7,大同區,計,760,409,351
112,7,大安區,女,633,317,316
112,7,大安區,男,484,266,218
112,7,大安區,計,1117,583,534
112,7,文山區,女,1249,682,567
112,7,文山區,男,972,521,451
112,7,文山區,計,2221,1203,1018
112,7,松山區,女,529,294,235
112,7,松山區,男,373,210,163
112,7,松山區,計,902,504,398
112,7,總計,女,9761,5584,4177
112,7,總計,男,7277,4331,2946
112,7,總計,計,17038,9915,7123
112,7,萬華區,女,818,433,385
112,7,萬華區,男,605,324,281
112,7,萬華區,計,1423,757,666
112,8,中山區,女,811,435,376
112,8,中山區,男,571,341,230
112,8,中山區,計,1382,776,606
112,8,中正區,女,387,209,178
112,8,中正區,男,333,197,136
112,8,中正區,計,720,406,314
112,8,信義區,女,660,357,303
112,8,信義區,男,461,261,200
112,8,信義區,計,1121,618,503
112,8,內湖區,女,1443,932,511
112,8,內湖區,男,1068,730,338
112,8,內湖區,計,2511,1662,849
112,8,北投區,女,986,585,401
112,8,北投區,男,725,440,285
112,8,北投區,計,1711,1025,686
112,8,南港區,女,841,577,264
112,8,南港區,男,632,443,189
112,8,南港區,計,1473,1020,453
112,8,士林區,女,956,535,421
112,8,士林區,男,732,418,314
112,8,士林區,計,1688,953,735
112,8,大同區,女,432,221,211
112,8,大同區,男,341,193,148
112,8,大同區,計,773,414,359
112,8,大安區,女,640,322,318
112,8,大安區,男,489,270,219
112,8,大安區,計,1129,592,537
112,8,文山區,女,1250,683,567
112,8,文山區,男,974,524,450
112,8,文山區,計,2224,1207,1017
112,8,松山區,女,526,295,231
112,8,松山區,男,373,208,165
112,8,松山區,計,899,503,396
112,8,總計,女,9754,5589,4165
112,8,總計,男,7304,4349,2955
112,8,總計,計,17058,9938,7120
112,8,萬華區,女,822,438,384
112,8,萬華區,男,605,324,281
112,8,萬華區,計,1427,762,665
112,9,中山區,女,813,440,373
112,9,中山區,男,567,338,229
112,9,中山區,計,1380,778,602
112,9,中正區,女,381,205,176
112,9,中正區,男,336,197,139
112,9,中正區,計,717,402,315
112,9,信義區,女,665,364,301
112,9,信義區,男,461,263,198
112,9,信義區,計,1126,627,499
112,9,內湖區,女,1445,932,513
112,9,內湖區,男,1069,730,339
112,9,內湖區,計,2514,1662,852
112,9,北投區,女,987,584,403
112,9,北投區,男,729,444,285
112,9,北投區,計,1716,1028,688
112,9,南港區,女,848,582,266
112,9,南港區,男,635,447,188
112,9,南港區,計,1483,1029,454
112,9,士林區,女,952,530,422
112,9,士林區,男,726,416,310
112,9,士林區,計,1678,946,732
112,9,大同區,女,429,217,212
112,9,大同區,男,346,195,151
112,9,大同區,計,775,412,363
112,9,大安區,女,642,324,318
112,9,大安區,男,493,271,222
112,9,大安區,計,1135,595,540
112,9,文山區,女,1254,683,571
112,9,文山區,男,973,522,451
112,9,文山區,計,2227,1205,1022
112,9,松山區,女,531,299,232
112,9,松山區,男,373,208,165
112,9,松山區,計,904,507,397
112,9,總計,女,9770,5598,4172
112,9,總計,男,7314,4355,2959
112,9,總計,計,17084,9953,7131
112,9,萬華區,女,823,438,385
112,9,萬華區,男,606,324,282
112,9,萬華區,計,1429,762,667
112,10,中山區,女,813,439,374
112,10,中山區,男,568,339,229
112,10,中山區,計,1381,778,603
112,10,中正區,女,378,205,173
112,10,中正區,男,330,195,135
112,10,中正區,計,708,400,308
112,10,信義區,女,665,364,301
112,10,信義區,男,462,263,199
112,10,信義區,計,1127,627,500
112,10,內湖區,女,1450,931,519
112,10,內湖區,男,1078,734,344
112,10,內湖區,計,2528,1665,863
112,10,北投區,女,992,586,406
112,10,北投區,男,727,445,282
112,10,北投區,計,1719,1031,688
112,10,南港區,女,854,588,266
112,10,南港區,男,634,444,190
112,10,南港區,計,1488,1032,456
112,10,士林區,女,953,529,424
112,10,士林區,男,726,414,312
112,10,士林區,計,1679,943,736
112,10,大同區,女,429,217,212
112,10,大同區,男,346,197,149
112,10,大同區,計,775,414,361
112,10,大安區,女,643,322,321
112,10,大安區,男,494,272,222
112,10,大安區,計,1137,594,543
112,10,文山區,女,1254,685,569
112,10,文山區,男,973,522,451
112,10,文山區,計,2227,1207,1020
112,10,松山區,女,536,304,232
112,10,松山區,男,373,208,165
112,10,松山區,計,909,512,397
112,10,總計,女,9790,5610,4180
112,10,總計,男,7331,4365,2966
112,10,總計,計,17121,9975,7146
112,10,萬華區,女,823,440,383
112,10,萬華區,男,620,332,288
112,10,萬華區,計,1443,772,671
112,11,中山區,女,809,441,368
112,11,中山區,男,575,345,230
112,11,中山區,計,1384,786,598
112,11,中正區,女,383,210,173
112,11,中正區,男,331,196,135
112,11,中正區,計,714,406,308
112,11,信義區,女,669,367,302
112,11,信義區,男,458,260,198
112,11,信義區,計,1127,627,500
112,11,內湖區,女,1449,932,517
112,11,內湖區,男,1069,728,341
112,11,內湖區,計,2518,1660,858
112,11,北投區,女,988,582,406
112,11,北投區,男,731,448,283
112,11,北投區,計,1719,1030,689
112,11,南港區,女,852,586,266
112,11,南港區,男,633,443,190
112,11,南港區,計,1485,1029,456
112,11,士林區,女,952,524,428
112,11,士林區,男,727,414,313
112,11,士林區,計,1679,938,741
112,11,大同區,女,431,219,212
112,11,大同區,男,343,197,146
112,11,大同區,計,774,416,358
112,11,大安區,女,646,322,324
112,11,大安區,男,496,272,224
112,11,大安區,計,1142,594,548
112,11,文山區,女,1254,688,566
112,11,文山區,男,982,525,457
112,11,文山區,計,2236,1213,1023
112,11,松山區,女,538,303,235
112,11,松山區,男,368,204,164
112,11,松山區,計,906,507,399
112,11,總計,女,9798,5617,4181
112,11,總計,男,7330,4367,2963
112,11,總計,計,17128,9984,7144
112,11,萬華區,女,827,443,384
112,11,萬華區,男,617,335,282
112,11,萬華區,計,1444,778,666
112,12,中山區,女,813,446,367
112,12,中山區,男,575,346,229
112,12,中山區,計,1388,792,596
112,12,中正區,女,389,213,176
112,12,中正區,男,334,198,136
112,12,中正區,計,723,411,312
112,12,信義區,女,672,368,304
112,12,信義區,男,459,259,200
112,12,信義區,計,1131,627,504
112,12,內湖區,女,1452,934,518
112,12,內湖區,男,1065,726,339
112,12,內湖區,計,2517,1660,857
112,12,北投區,女,988,579,409
112,12,北投區,男,731,446,285
112,12,北投區,計,1719,1025,694
112,12,南港區,女,848,583,265
112,12,南港區,男,636,445,191
112,12,南港區,計,1484,1028,456
112,12,士林區,女,956,530,426
112,12,士林區,男,730,415,315
112,12,士林區,計,1686,945,741
112,12,大同區,女,433,220,213
112,12,大同區,男,344,199,145
112,12,大同區,計,777,419,358
112,12,大安區,女,647,322,325
112,12,大安區,男,502,274,228
112,12,大安區,計,1149,596,553
112,12,文山區,女,1250,683,567
112,12,文山區,男,983,523,460
112,12,文山區,計,2233,1206,1027
112,12,松山區,女,539,303,236
112,12,松山區,男,366,203,163
112,12,松山區,計,905,506,399
112,12,總計,女,9813,5623,4190
112,12,總計,男,7337,4366,2971
112,12,總計,計,17150,9989,7161
112,12,萬華區,女,826,442,384
112,12,萬華區,男,612,332,280
112,12,萬華區,計,1438,774,664
113,1,中山區,女,816,445,371
113,1,中山區,男,575,345,230
113,1,中山區,計,1391,790,601
113,1,中正區,女,400,218,182
113,1,中正區,男,338,200,138
113,1,中正區,計,738,418,320
113,1,信義區,女,673,368,305
113,1,信義區,男,470,263,207
113,1,信義區,計,1143,631,512
113,1,內湖區,女,1455,938,517
113,1,內湖區,男,1066,729,337
113,1,內湖區,計,2521,1667,854
113,1,北投區,女,986,577,409
113,1,北投區,男,731,444,287
113,1,北投區,計,1717,1021,696
113,1,南港區,女,849,584,265
113,1,南港區,男,636,445,191
113,1,南港區,計,1485,1029,456
113,1,士林區,女,951,524,427
113,1,士林區,男,732,415,317
113,1,士林區,計,1683,939,744
113,1,大同區,女,432,220,212
113,1,大同區,男,347,202,145
113,1,大同區,計,779,422,357
113,1,大安區,女,647,323,324
113,1,大安區,男,503,275,228
113,1,大安區,計,1150,598,552
113,1,文山區,女,1251,686,565
113,1,文山區,男,989,529,460
113,1,文山區,計,2240,1215,1025
113,1,松山區,女,531,296,235
113,1,松山區,男,367,204,163
113,1,松山區,計,898,500,398
113,1,總計,女,9816,5621,4195
113,1,總計,男,7373,4388,2985
113,1,總計,計,17189,10009,7180
113,1,萬華區,女,825,442,383
113,1,萬華區,男,619,337,282
113,1,萬華區,計,1444,779,665
113,2,中山區,女,822,446,376
113,2,中山區,男,584,349,235
113,2,中山區,計,1406,795,611
113,2,中正區,女,407,221,186
113,2,中正區,男,339,201,138
113,2,中正區,計,746,422,324
113,2,信義區,女,679,373,306
113,2,信義區,男,481,267,214
113,2,信義區,計,1160,640,520
113,2,內湖區,女,1449,938,511
113,2,內湖區,男,1078,739,339
113,2,內湖區,計,2527,1677,850
113,2,北投區,女,994,577,417
113,2,北投區,男,740,451,289
113,2,北投區,計,1734,1028,706
113,2,南港區,女,862,596,266
113,2,南港區,男,644,452,192
113,2,南港區,計,1506,1048,458
113,2,士林區,女,953,522,431
113,2,士林區,男,737,417,320
113,2,士林區,計,1690,939,751
113,2,大同區,女,435,221,214
113,2,大同區,男,355,205,150
113,2,大同區,計,790,426,364
113,2,大安區,女,653,325,328
113,2,大安區,男,505,275,230
113,2,大安區,計,1158,600,558
113,2,文山區,女,1254,687,567
113,2,文山區,男,999,535,464
113,2,文山區,計,2253,1222,1031
113,2,松山區,女,536,300,236
113,2,松山區,男,383,213,170
113,2,松山區,計,919,513,406
113,2,總計,女,9872,5653,4219
113,2,總計,男,7473,4448,3025
113,2,總計,計,17345,10101,7244
113,2,萬華區,女,828,447,381
113,2,萬華區,男,628,344,284
113,2,萬華區,計,1456,791,665
113,3,中山區,女,830,446,384
113,3,中山區,男,595,353,242
113,3,中山區,計,1425,799,626
113,3,中正區,女,411,220,191
113,3,中正區,男,346,203,143
113,3,中正區,計,757,423,334
113,3,信義區,女,682,374,308
113,3,信義區,男,491,274,217
113,3,信義區,計,1173,648,525
113,3,內湖區,女,1447,937,510
113,3,內湖區,男,1076,735,341
113,3,內湖區,計,2523,1672,851
113,3,北投區,女,998,579,419
113,3,北投區,男,751,455,296
113,3,北投區,計,1749,1034,715
113,3,南港區,女,868,599,269
113,3,南港區,男,649,453,196
113,3,南港區,計,1517,1052,465
113,3,士林區,女,972,530,442
113,3,士林區,男,744,419,325
113,3,士林區,計,1716,949,767
113,3,大同區,女,445,224,221
113,3,大同區,男,366,208,158
113,3,大同區,計,811,432,379
113,3,大安區,女,664,335,329
113,3,大安區,男,504,273,231
113,3,大安區,計,1168,608,560
113,3,文山區,女,1274,691,583
113,3,文山區,男,1013,540,473
113,3,文山區,計,2287,1231,1056
113,3,松山區,女,544,305,239
113,3,松山區,男,383,213,170
113,3,松山區,計,927,518,409
113,3,總計,女,9966,5688,4278
113,3,總計,男,7547,4471,3076
113,3,總計,計,17513,10159,7354
113,3,萬華區,女,831,448,383
113,3,萬華區,男,629,345,284
113,3,萬華區,計,1460,793,667
113,4,中山區,女,827,447,380
113,4,中山區,男,598,350,248
113,4,中山區,計,1425,797,628
113,4,中正區,女,416,226,190
113,4,中正區,男,348,206,142
113,4,中正區,計,764,432,332
113,4,信義區,女,683,373,310
113,4,信義區,男,493,278,215
113,4,信義區,計,1176,651,525
113,4,內湖區,女,1458,944,514
113,4,內湖區,男,1090,743,347
113,4,內湖區,計,2548,1687,861
113,4,北投區,女,1002,574,428
113,4,北投區,男,759,458,301
113,4,北投區,計,1761,1032,729
113,4,南港區,女,870,601,269
113,4,南港區,男,655,458,197
113,4,南港區,計,1525,1059,466
113,4,士林區,女,976,535,441
113,4,士林區,男,753,423,330
113,4,士林區,計,1729,958,771
113,4,大同區,女,451,224,227
113,4,大同區,男,374,211,163
113,4,大同區,計,825,435,390
113,4,大安區,女,672,341,331
113,4,大安區,男,512,278,234
113,4,大安區,計,1184,619,565
113,4,文山區,女,1286,699,587
113,4,文山區,男,1035,546,489
113,4,文山區,計,2321,1245,1076
113,4,松山區,女,555,309,246
113,4,松山區,男,385,213,172
113,4,松山區,計,940,522,418
113,4,總計,女,10039,5725,4314
113,4,總計,男,7645,4514,3131
113,4,總計,計,17684,10239,7445
113,4,萬華區,女,843,452,391
113,4,萬華區,男,643,350,293
113,4,萬華區,計,1486,802,684
113,5,中山區,女,830,447,383
113,5,中山區,男,604,351,253
113,5,中山區,計,1434,798,636
113,5,中正區,女,419,226,193
113,5,中正區,男,350,207,143
113,5,中正區,計,769,433,336
113,5,信義區,女,698,382,316
113,5,信義區,男,506,285,221
113,5,信義區,計,1204,667,537
113,5,內湖區,女,1474,951,523
113,5,內湖區,男,1102,756,346
113,5,內湖區,計,2576,1707,869
113,5,北投區,女,1007,578,429
113,5,北投區,男,766,463,303
113,5,北投區,計,1773,1041,732
113,5,南港區,女,868,597,271
113,5,南港區,男,657,458,199
113,5,南港區,計,1525,1055,470
113,5,士林區,女,984,539,445
113,5,士林區,男,766,429,337
113,5,士林區,計,1750,968,782
113,5,大同區,女,464,226,238
113,5,大同區,男,383,211,172
113,5,大同區,計,847,437,410
113,5,大安區,女,675,346,329
113,5,大安區,男,515,280,235
113,5,大安區,計,1190,626,564
113,5,文山區,女,1290,705,585
113,5,文山區,男,1049,553,496
113,5,文山區,計,2339,1258,1081
113,5,松山區,女,561,314,247
113,5,松山區,男,392,221,171
113,5,松山區,計,953,535,418
113,5,總計,女,10127,5768,4359
113,5,總計,男,7743,4569,3174
113,5,總計,計,17870,10337,7533
113,5,萬華區,女,857,457,400
113,5,萬華區,男,653,355,298
113,5,萬華區,計,1510,812,698
113,6,中山區,女,838,453,385
113,6,中山區,男,606,356,250
113,6,中山區,計,1444,809,635
113,6,中正區,女,420,225,195
113,6,中正區,男,348,202,146
113,6,中正區,計,768,427,341
113,6,信義區,女,710,390,320
113,6,信義區,男,510,289,221
113,6,信義區,計,1220,679,541
113,6,內湖區,女,1483,954,529
113,6,內湖區,男,1112,762,350
113,6,內湖區,計,2595,1716,879
113,6,北投區,女,1004,578,426
113,6,北投區,男,770,456,314
113,6,北投區,計,1774,1034,740
113,6,南港區,女,863,589,274
113,6,南港區,男,656,454,202
113,6,南港區,計,1519,1043,476
113,6,士林區,女,994,545,449
113,6,士林區,男,776,433,343
113,6,士林區,計,1770,978,792
113,6,大同區,女,468,226,242
113,6,大同區,男,382,210,172
113,6,大同區,計,850,436,414
113,6,大安區,女,671,347,324
113,6,大安區,男,514,280,234
113,6,大安區,計,1185,627,558
113,6,文山區,女,1304,708,596
113,6,文山區,男,1059,559,500
113,6,文山區,計,2363,1267,1096
113,6,松山區,女,562,317,245
113,6,松山區,男,396,224,172
113,6,松山區,計,958,541,417
113,6,總計,女,10179,5789,4390
113,6,總計,男,7788,4584,3204
113,6,總計,計,17967,10373,7594
113,6,萬華區,女,862,457,405
113,6,萬華區,男,659,359,300
113,6,萬華區,計,1521,816,705
113,7,中山區,女,838,448,390
113,7,中山區,男,610,357,253
113,7,中山區,計,1448,805,643
113,7,中正區,女,420,229,191
113,7,中正區,男,351,204,147
113,7,中正區,計,771,433,338
113,7,信義區,女,716,391,325
113,7,信義區,男,513,292,221
113,7,信義區,計,1229,683,546
113,7,內湖區,女,1493,957,536
113,7,內湖區,男,1127,774,353
113,7,內湖區,計,2620,1731,889
113,7,北投區,女,1007,578,429
113,7,北投區,男,775,460,315
113,7,北投區,計,1782,1038,744
113,7,南港區,女,861,586,275
113,7,南港區,男,652,451,201
113,7,南港區,計,1513,1037,476
113,7,士林區,女,989,543,446
113,7,士林區,男,778,431,347
113,7,士林區,計,1767,974,793
113,7,大同區,女,476,234,242
113,7,大同區,男,386,214,172
113,7,大同區,計,862,448,414
113,7,大安區,女,674,346,328
113,7,大安區,男,516,279,237
113,7,大安區,計,1190,625,565
113,7,文山區,女,1316,715,601
113,7,文山區,男,1069,566,503
113,7,文山區,計,2385,1281,1104
113,7,松山區,女,569,320,249
113,7,松山區,男,397,224,173
113,7,松山區,計,966,544,422
113,7,總計,女,10244,5821,4423
113,7,總計,男,7838,4612,3226
113,7,總計,計,18082,10433,7649
113,7,萬華區,女,885,474,411
113,7,萬華區,男,664,360,304
113,7,萬華區,計,1549,834,715
113,8,中山區,女,843,455,388
113,8,中山區,男,618,367,251
113,8,中山區,計,1461,822,639
113,8,中正區,女,424,231,193
113,8,中正區,男,363,212,151
113,8,中正區,計,787,443,344
113,8,信義區,女,723,399,324
113,8,信義區,男,520,301,219
113,8,信義區,計,1243,700,543
113,8,內湖區,女,1502,968,534
113,8,內湖區,男,1140,776,364
113,8,內湖區,計,2642,1744,898
113,8,北投區,女,1002,581,421
113,8,北投區,男,783,467,316
113,8,北投區,計,1785,1048,737
113,8,南港區,女,858,585,273
113,8,南港區,男,656,452,204
113,8,南港區,計,1514,1037,477
113,8,士林區,女,996,545,451
113,8,士林區,男,787,435,352
113,8,士林區,計,1783,980,803
113,8,大同區,女,476,232,244
113,8,大同區,男,393,219,174
113,8,大同區,計,869,451,418
113,8,大安區,女,679,347,332
113,8,大安區,男,522,281,241
113,8,大安區,計,1201,628,573
113,8,文山區,女,1342,727,615
113,8,文山區,男,1084,572,512
113,8,文山區,計,2426,1299,1127
113,8,松山區,女,576,321,255
113,8,松山區,男,404,227,177
113,8,松山區,計,980,548,432
113,8,總計,女,10316,5868,4448
113,8,總計,男,7932,4664,3268
113,8,總計,計,18248,10532,7716
113,8,萬華區,女,895,477,418
113,8,萬華區,男,662,355,307
113,8,萬華區,計,1557,832,725
113,9,中山區,女,848,460,388
113,9,中山區,男,624,367,257
113,9,中山區,計,1472,827,645
113,9,中正區,女,432,235,197
113,9,中正區,男,372,217,155
113,9,中正區,計,804,452,352
113,9,信義區,女,725,402,323
113,9,信義區,男,528,307,221
113,9,信義區,計,1253,709,544
113,9,內湖區,女,1514,977,537
113,9,內湖區,男,1139,773,366
113,9,內湖區,計,2653,1750,903
113,9,北投區,女,1009,585,424
113,9,北投區,男,791,475,316
113,9,北投區,計,1800,1060,740
113,9,南港區,女,863,588,275
113,9,南港區,男,662,456,206
113,9,南港區,計,1525,1044,481
113,9,士林區,女,1003,552,451
113,9,士林區,男,794,439,355
113,9,士林區,計,1797,991,806
113,9,大同區,女,478,230,248
113,9,大同區,男,394,218,176
113,9,大同區,計,872,448,424
113,9,大安區,女,671,341,330
113,9,大安區,男,523,283,240
113,9,大安區,計,1194,624,570
113,9,文山區,女,1350,729,621
113,9,文山區,男,1097,583,514
113,9,文山區,計,2447,1312,1135
113,9,松山區,女,580,321,259
113,9,松山區,男,405,230,175
113,9,松山區,計,985,551,434
113,9,總計,女,10371,5902,4469
113,9,總計,男,7995,4706,3289
113,9,總計,計,18366,10608,7758
113,9,萬華區,女,898,482,416
113,9,萬華區,男,666,358,308
113,9,萬華區,計,1564,840,724
113,10,中山區,女,853,461,392
113,10,中山區,男,631,370,261
113,10,中山區,計,1484,831,653
113,10,中正區,女,430,233,197
113,10,中正區,男,372,216,156
113,10,中正區,計,802,449,353
113,10,信義區,女,724,403,321
113,10,信義區,男,526,306,220
113,10,信義區,計,1250,709,541
113,10,內湖區,女,1517,979,538
113,10,內湖區,男,1146,777,369
113,10,內湖區,計,2663,1756,907
113,10,北投區,女,1008,579,429
113,10,北投區,男,792,476,316
113,10,北投區,計,1800,1055,745
113,10,南港區,女,865,590,275
113,10,南港區,男,663,457,206
113,10,南港區,計,1528,1047,481
113,10,士林區,女,1004,552,452
113,10,士林區,男,796,440,356
113,10,士林區,計,1800,992,808
113,10,大同區,女,478,231,247
113,10,大同區,男,393,217,176
113,10,大同區,計,871,448,423
113,10,大安區,女,669,337,332
113,10,大安區,男,525,285,240
113,10,大安區,計,1194,622,572
113,10,文山區,女,1358,735,623
113,10,文山區,男,1104,589,515
113,10,文山區,計,2462,1324,1138
113,10,松山區,女,589,328,261
113,10,松山區,男,405,228,177
113,10,松山區,計,994,556,438
113,10,總計,女,10392,5910,4482
113,10,總計,男,8015,4717,3298
113,10,總計,計,18407,10627,7780
113,10,萬華區,女,897,482,415
113,10,萬華區,男,662,356,306
113,10,萬華區,計,1559,838,721
113,11,中山區,女,858,464,394
113,11,中山區,男,638,371,267
113,11,中山區,計,1496,835,661
113,11,中正區,女,425,229,196
113,11,中正區,男,377,219,158
113,11,中正區,計,802,448,354
113,11,信義區,女,734,409,325
113,11,信義區,男,540,316,224
113,11,信義區,計,1274,725,549
113,11,內湖區,女,1511,975,536
113,11,內湖區,男,1149,779,370
113,11,內湖區,計,2660,1754,906
113,11,北投區,女,1008,575,433
113,11,北投區,男,800,481,319
113,11,北投區,計,1808,1056,752
113,11,南港區,女,862,588,274
113,11,南港區,男,665,462,203
113,11,南港區,計,1527,1050,477
113,11,士林區,女,1013,561,452
113,11,士林區,男,803,446,357
113,11,士林區,計,1816,1007,809
113,11,大同區,女,471,231,240
113,11,大同區,男,390,214,176
113,11,大同區,計,861,445,416
113,11,大安區,女,672,338,334
113,11,大安區,男,527,285,242
113,11,大安區,計,1199,623,576
113,11,文山區,女,1352,735,617
113,11,文山區,男,1110,598,512
113,11,文山區,計,2462,1333,1129
113,11,松山區,女,590,330,260
113,11,松山區,男,400,223,177
113,11,松山區,計,990,553,437
113,11,總計,女,10396,5918,4478
113,11,總計,男,8065,4751,3314
113,11,總計,計,18461,10669,7792
113,11,萬華區,女,900,483,417
113,11,萬華區,男,666,357,309
113,11,萬華區,計,1566,840,726
113,12,中山區,女,852,461,391
113,12,中山區,男,640,371,269
113,12,中山區,計,1492,832,660
113,12,中正區,女,424,229,195
113,12,中正區,男,377,221,156
113,12,中正區,計,801,450,351
113,12,信義區,女,732,409,323
113,12,信義區,男,545,318,227
113,12,信義區,計,1277,727,550
113,12,內湖區,女,1516,978,538
113,12,內湖區,男,1146,778,368
113,12,內湖區,計,2662,1756,906
113,12,北投區,女,1014,577,437
113,12,北投區,男,805,483,322
113,12,北投區,計,1819,1060,759
113,12,南港區,女,865,590,275
113,12,南港區,男,672,466,206
113,12,南港區,計,1537,1056,481
113,12,士林區,女,1012,561,451
113,12,士林區,男,805,447,358
113,12,士林區,計,1817,1008,809
113,12,大同區,女,470,233,237
113,12,大同區,男,388,215,173
113,12,大同區,計,858,448,410
113,12,大安區,女,675,338,337
113,12,大安區,男,530,283,247
113,12,大安區,計,1205,621,584
113,12,文山區,女,1376,741,635
113,12,文山區,男,1117,604,513
113,12,文山區,計,2493,1345,1148
113,12,松山區,女,599,329,270
113,12,松山區,男,405,223,182
113,12,松山區,計,1004,552,452
113,12,總計,女,10439,5933,4506
113,12,總計,男,8104,4769,3335
113,12,總計,計,18543,10702,7841
113,12,萬華區,女,904,487,417
113,12,萬華區,男,674,360,314
113,12,萬華區,計,1578,847,731
114,1,中山區,女,856,464,392
114,1,中山區,男,644,371,273
114,1,中山區,計,1500,835,665
114,1,中正區,女,432,229,203
114,1,中正區,男,377,219,158
114,1,中正區,計,809,448,361
114,1,信義區,女,730,408,322
114,1,信義區,男,548,320,228
114,1,信義區,計,1278,728,550
114,1,內湖區,女,1519,979,540
114,1,內湖區,男,1147,779,368
114,1,內湖區,計,2666,1758,908
114,1,北投區,女,1015,576,439
114,1,北投區,男,811,487,324
114,1,北投區,計,1826,1063,763
114,1,南港區,女,871,598,273
114,1,南港區,男,670,465,205
114,1,南港區,計,1541,1063,478
114,1,士林區,女,1016,565,451
114,1,士林區,男,809,446,363
114,1,士林區,計,1825,1011,814
114,1,大同區,女,472,232,240
114,1,大同區,男,392,219,173
114,1,大同區,計,864,451,413
114,1,大安區,女,676,333,343
114,1,大安區,男,538,288,250
114,1,大安區,計,1214,621,593
114,1,文山區,女,1374,741,633
114,1,文山區,男,1120,607,513
114,1,文山區,計,2494,1348,1146
114,1,松山區,女,600,330,270
114,1,松山區,男,411,227,184
114,1,松山區,計,1011,557,454
114,1,總計,女,10461,5939,4522
114,1,總計,男,8145,4792,3353
114,1,總計,計,18606,10731,7875
114,1,萬華區,女,900,484,416
114,1,萬華區,男,678,364,314
114,1,萬華區,計,1578,848,730
114,2,中山區,女,854,463,391
114,2,中山區,男,639,365,274
114,2,中山區,計,1493,828,665
114,2,中正區,女,431,228,203
114,2,中正區,男,379,221,158
114,2,中正區,計,810,449,361
114,2,信義區,女,740,413,327
114,2,信義區,男,552,324,228
114,2,信義區,計,1292,737,555
114,2,內湖區,女,1518,978,540
114,2,內湖區,男,1143,780,363
114,2,內湖區,計,2661,1758,903
114,2,北投區,女,1015,577,438
114,2,北投區,男,823,497,326
114,2,北投區,計,1838,1074,764
114,2,南港區,女,873,601,272
114,2,南港區,男,670,464,206
114,2,南港區,計,1543,1065,478
114,2,士林區,女,1018,567,451
114,2,士林區,男,818,454,364
114,2,士林區,計,1836,1021,815
114,2,大同區,女,477,235,242
114,2,大同區,男,398,218,180
114,2,大同區,計,875,453,422
114,2,大安區,女,684,340,344
114,2,大安區,男,542,291,251
114,2,大安區,計,1226,631,595
114,2,文山區,女,1382,752,630
114,2,文山區,男,1135,613,522
114,2,文山區,計,2517,1365,1152
114,2,松山區,女,594,329,265
114,2,松山區,男,413,231,182
114,2,松山區,計,1007,560,447
114,2,總計,女,10481,5960,4521
114,2,總計,男,8197,4827,3370
114,2,總計,計,18678,10787,7891
114,2,萬華區,女,895,477,418
114,2,萬華區,男,685,369,316
114,2,萬華區,計,1580,846,734
114,3,中山區,女,854,466,388
114,3,中山區,男,631,362,269
114,3,中山區,計,1485,828,657
114,3,中正區,女,420,220,200
114,3,中正區,男,371,216,155
114,3,中正區,計,791,436,355
114,3,信義區,女,743,414,329
114,3,信義區,男,555,328,227
114,3,信義區,計,1298,742,556
114,3,內湖區,女,1523,982,541
114,3,內湖區,男,1146,781,365
114,3,內湖區,計,2669,1763,906
114,3,北投區,女,1023,580,443
114,3,北投區,男,822,495,327
114,3,北投區,計,1845,1075,770
114,3,南港區,女,863,596,267
114,3,南港區,男,664,461,203
114,3,南港區,計,1527,1057,470
114,3,士林區,女,1022,570,452
114,3,士林區,男,821,456,365
114,3,士林區,計,1843,1026,817
114,3,大同區,女,474,235,239
114,3,大同區,男,396,218,178
114,3,大同區,計,870,453,417
114,3,大安區,女,687,341,346
114,3,大安區,男,545,293,252
114,3,大安區,計,1232,634,598
114,3,文山區,女,1388,753,635
114,3,文山區,男,1136,616,520
114,3,文山區,計,2524,1369,1155
114,3,松山區,女,596,332,264
114,3,松山區,男,409,232,177
114,3,松山區,計,1005,564,441
114,3,總計,女,10490,5965,4525
114,3,總計,男,8187,4829,3358
114,3,總計,計,18677,10794,7883
114,3,萬華區,女,897,476,421
114,3,萬華區,男,691,371,320
114,3,萬華區,計,1588,847,741
114,4,中山區,女,859,469,390
114,4,中山區,男,638,362,276
114,4,中山區,計,1497,831,666
114,4,中正區,女,420,222,198
114,4,中正區,男,369,214,155
114,4,中正區,計,789,436,353
114,4,信義區,女,761,424,337
114,4,信義區,男,565,337,228
114,4,信義區,計,1326,761,565
114,4,內湖區,女,1525,989,536
114,4,內湖區,男,1142,782,360
114,4,內湖區,計,2667,1771,896
114,4,北投區,女,1027,579,448
114,4,北投區,男,825,494,331
114,4,北投區,計,1852,1073,779
114,4,南港區,女,866,596,270
114,4,南港區,男,665,460,205
114,4,南港區,計,1531,1056,475
114,4,士林區,女,1032,577,455
114,4,士林區,男,825,457,368
114,4,士林區,計,1857,1034,823
114,4,大同區,女,468,233,235
114,4,大同區,男,394,218,176
114,4,大同區,計,862,451,411
114,4,大安區,女,692,345,347
114,4,大安區,男,543,292,251
114,4,大安區,計,1235,637,598
114,4,文山區,女,1390,752,638
114,4,文山區,男,1141,619,522
114,4,文山區,計,2531,1371,1160
114,4,松山區,女,600,334,266
114,4,松山區,男,412,234,178
114,4,松山區,計,1012,568,444
114,4,總計,女,10538,5996,4542
114,4,總計,男,8218,4847,3371
114,4,總計,計,18756,10843,7913
114,4,萬華區,女,898,476,422
114,4,萬華區,男,699,378,321
114,4,萬華區,計,1597,854,743
